id,gender,masterCategory,subCategory,articleType,baseColour,season,year,usage,productDisplayName
15259,Women,Footwear,Shoes,Casual Shoes,White,Fall,2011.0,Casual,ADIDAS Originals Women Top Ten low Sleek White Casual Shoes
25420,Men,Footwear,Shoes,Casual Shoes,Black,Spring,2013.0,Casual,Nike Men Lite Force Black & White Shoes
54739,Men,Footwear,Shoes,Casual Shoes,Grey,Summer,2012.0,Casual,Vans Men Grey Del Norte Canvas Shoes
6497,Men,Footwear,Shoes,Casual Shoes,Brown,Winter,2018.0,Casual,Red Tape Men's Leather Brown Shoe
15502,Women,Footwear,Shoes,Casual Shoes,Brown,Fall,2011.0,Casual,Carlton London Women Casual Brown Casual Shoes
35465,Men,Footwear,Shoes,Casual Shoes,Blue,Fall,2012.0,Casual,Franco Leone Men Blue Shoes
26664,Men,Footwear,Shoes,Casual Shoes,Black,Fall,2012.0,Casual,Puma Men Metamostro Black Shoes
38544,Men,Footwear,Shoes,Casual Shoes,Black,Winter,2012.0,Casual,Puma Men Black Suede Archive Eco Shoes
7041,Men,Footwear,Shoes,Casual Shoes,Black,Summer,2011.0,Casual,Numero Uno Black Men's Shoe
36476,Men,Footwear,Shoes,Casual Shoes,Black,Spring,2013.0,Casual,Spinn Men Agile Black Shoes
35677,Men,Footwear,Shoes,Casual Shoes,Brown,Winter,2014.0,Casual,U.S. Polo Assn. Men Brown Leather Casual Shoes
17033,Men,Footwear,Shoes,Casual Shoes,Black,Summer,2013.0,Casual,Gas Men Europa Casual Shoes
15512,Men,Footwear,Shoes,Casual Shoes,Brown,Fall,2011.0,Casual,Rockport Men Slatkin Brown Casual Shoes
44746,Men,Footwear,Shoes,Casual Shoes,Olive,Summer,2012.0,Casual,Globalite Men Olive Sparta Shoes
25452,Men,Footwear,Shoes,Casual Shoes,White,Summer,2012.0,Casual,Nike Men Prowl White Casual Shoes
46117,Unisex,Footwear,Shoes,Casual Shoes,Red,Summer,2012.0,Casual,ADIDAS Unisex Red Neo Shell Comic Shoes
9130,Men,Footwear,Shoes,Casual Shoes,Grey,Fall,2011.0,Casual,Puma Men Osu NM Grey Casual Shoes
7267,Men,Footwear,Shoes,Casual Shoes,Brown,Fall,2011.0,Casual,Rockport Men Brown Leather Casual Shoes
44503,Women,Footwear,Shoes,Casual Shoes,Grey,Summer,2012.0,Casual,Gliders Women Grey & Orange Shoes
43878,Men,Footwear,Shoes,Casual Shoes,Brown,Summer,2012.0,Casual,Puma Men Brown Terrae Mid Africa Shoes
11816,Men,Footwear,Shoes,Casual Shoes,White,Fall,2011.0,Casual,Playboy Men Casual White Casual Shoes
38770,Men,Footwear,Shoes,Casual Shoes,Olive,Summer,2012.0,Casual,Woodland Men Olive Shoes
35660,Men,Footwear,Shoes,Casual Shoes,Black,Summer,2012.0,Casual,U.S. Polo Assn. Men Black Shoes
23855,Men,Footwear,Shoes,Casual Shoes,Yellow,Summer,2011.0,Casual,ADIDAS Men Yellow Color Blast Casual Shoes
21079,Men,Footwear,Shoes,Casual Shoes,Brown,Spring,2012.0,Casual,Clarks Men Supa Step Brown Casual Shoe
24302,Unisex,Footwear,Shoes,Casual Shoes,Blue,Summer,2012.0,Casual,Converse Unisex Blue Casual Shoes
4133,Men,Footwear,Shoes,Casual Shoes,White,Winter,2015.0,Casual,Skechers Men's Sparta White Shoe
32952,Men,Footwear,Shoes,Casual Shoes,Black,Summer,2012.0,Casual,ADIDAS Neo Men Court Sequence Black Shoes
55785,Men,Footwear,Shoes,Casual Shoes,Navy Blue,Spring,2014.0,Casual,Converse Men Navy Casual Shoes
13066,Men,Footwear,Shoes,Casual Shoes,White,Fall,2011.0,Casual,Numero Uno Men White Casual Shoes
20707,Men,Footwear,Shoes,Casual Shoes,Black,Winter,2012.0,Casual,Buckaroo Men Melania Black Casual Shoes
20716,Men,Footwear,Shoes,Casual Shoes,Brown,Winter,2018.0,Smart Casual,Red Tape Men Brown Leather Casual Shoes
35670,Men,Footwear,Shoes,Casual Shoes,Navy Blue,Spring,2013.0,Casual,U.S. Polo Assn. Men Navy Blue Shoes
15220,Men,Footwear,Shoes,Casual Shoes,Brown,Fall,2011.0,Casual,ADIDAS Originals Men Adi T Tennis Brown Casual Shoes
22251,Men,Footwear,Shoes,Casual Shoes,Black,Summer,2011.0,Casual,ID Men Black Casual Shoes
4019,Unisex,Footwear,Shoes,Casual Shoes,Blue,Summer,2011.0,Casual,ADIDAS Unisex Check Can MW Blue Shoe
30258,Men,Footwear,Shoes,Casual Shoes,Brown,Winter,2018.0,Casual,Red Tape Men Brown Shoes
11842,Men,Footwear,Shoes,Casual Shoes,Beige,Summer,2013.0,Casual,Playboy Men Casual Beige Casual Shoes
50753,Men,Footwear,Shoes,Casual Shoes,Mushroom Brown,Winter,2018.0,Casual,Red Chief Men Mushroom Brown Shoes
11951,Men,Footwear,Shoes,Casual Shoes,Blue,Summer,2012.0,Casual,Ganuchi Men Blue Shoes
33689,Men,Footwear,Shoes,Casual Shoes,White,Winter,2012.0,Casual,Cobblerz Men White & Blue Casual Shoes
43379,Men,Footwear,Shoes,Casual Shoes,White,Summer,2012.0,Casual,Reebok Men White Mamba Casual Shoes
22819,Men,Footwear,Shoes,Casual Shoes,Brown,Summer,2016.0,Casual,Woodland Men Brown Casual Shoes
2540,Men,Footwear,Shoes,Casual Shoes,Blue,Fall,2010.0,Casual,Numero Uno Men's Casual Black Leatherette Shoe
22237,Men,Footwear,Shoes,Casual Shoes,Red,Summer,2011.0,Casual,ID Men Red Shoes
35673,Men,Footwear,Shoes,Casual Shoes,Navy Blue,Summer,2012.0,Casual,U.S. Polo Assn. Men Navy Blue Shoes
24254,Men,Footwear,Shoes,Casual Shoes,White,Summer,2012.0,Casual,Numero Uno Men White Casual Shoes
35531,Girls,Footwear,Shoes,Casual Shoes,Red,Winter,2008.0,Casual,Enroute Teens Girls Red Ballet Flats
21744,Unisex,Footwear,Shoes,Casual Shoes,Black,Fall,2011.0,Casual,Vans Unisex Classic Slip-On Black Casual Shoe
59944,Men,Footwear,Shoes,Casual Shoes,Cream,Spring,2013.0,Casual,Vans Men Black & Cream Casual Shoes
49381,Men,Footwear,Shoes,Casual Shoes,Navy Blue,Summer,2012.0,Casual,Vans Men Navy Blue Versa Casual Shoes
34747,Women,Footwear,Shoes,Casual Shoes,White,Summer,2012.0,Casual,Puma Women Soleil Cat White Shoes
22826,Men,Footwear,Shoes,Casual Shoes,Brown,Summer,2012.0,Casual,Woodland Men Brown Casual Shoes
3695,Men,Footwear,Shoes,Casual Shoes,White,Summer,2011.0,Casual,Lotto Men's Rio Velcro White Indigo Shoe
57521,Men,Footwear,Shoes,Casual Shoes,Brown,Summer,2012.0,Casual,Provogue Men Brown Casual Shoes
8210,Men,Footwear,Shoes,Casual Shoes,Brown,Winter,2018.0,Casual,Red Tape Men's Casual Brown Shoe
5429,Men,Footwear,Shoes,Casual Shoes,Black,Summer,2011.0,Casual,Fila Men's Cruise Black Shoe
22828,Men,Footwear,Shoes,Casual Shoes,Black,Summer,2016.0,Casual,Woodland Men Black Casual Shoes
6804,Men,Footwear,Shoes,Casual Shoes,Brown,Summer,2011.0,Casual,Timberland Men's Driver Venetian Brown Shoe
29573,Men,Footwear,Shoes,Casual Shoes,Black,Summer,2012.0,Casual,Vans Men Edgemont Black Shoes
37256,Men,Footwear,Shoes,Casual Shoes,Black,Summer,2012.0,Casual,United Colors of Benetton Men Black Shoes
22246,Men,Footwear,Shoes,Casual Shoes,Green,Summer,2011.0,Casual,ID Men Green Casual Shoe
13360,Women,Footwear,Shoes,Casual Shoes,Brown,Fall,2012.0,Casual,Timberland Women Femmes Brown Boot
6448,Men,Footwear,Shoes,Casual Shoes,Brown,Summer,2011.0,Casual,Lotto Men's Calcetto Brown Shoe
56660,Men,Footwear,Shoes,Casual Shoes,Olive,Summer,2012.0,Casual,United Colors of Benetton Men Olive Shoes
39629,Men,Footwear,Shoes,Casual Shoes,Purple,Summer,2012.0,Casual,Nike Men Toki Premium Purple Casual Shoes
21569,Men,Footwear,Shoes,Casual Shoes,Black,Summer,2012.0,Casual,Numero Uno Men Casual Black Shoes
38660,Men,Footwear,Shoes,Casual Shoes,Maroon,Summer,2012.0,Casual,Nike Men Braata Canvas Red Casual Shoes
13538,Men,Footwear,Shoes,Casual Shoes,Black,Winter,2012.0,Casual,Carlton London Men Casual Black Casual Shoes
35386,Boys,Footwear,Shoes,Casual Shoes,Blue,Summer,2012.0,Casual,Enroute Teens Blue Shoes
15513,Men,Footwear,Shoes,Casual Shoes,Brown,Fall,2011.0,Casual,Rockport Men Utara L2T Brown Casual Shoes
10154,Men,Footwear,Shoes,Casual Shoes,Brown,Fall,2011.0,Casual,Rockport Men Bal Brown Casual Shoes
13484,Women,Footwear,Shoes,Casual Shoes,White,Winter,2012.0,Casual,Rocia Women Rocia White  Sandal White Shoes
3489,Men,Footwear,Shoes,Casual Shoes,Blue,Summer,2011.0,Casual,ADIDAS Men's Jawpaw Blue Shoe
45866,Men,Footwear,Shoes,Casual Shoes,Black,Summer,2012.0,Casual,Numero Uno Men Black Shoes
38535,Men,Footwear,Shoes,Casual Shoes,White,Summer,2012.0,Casual,Puma Men White Benecio Shoes
57524,Men,Footwear,Shoes,Casual Shoes,Black,Fall,2012.0,Casual,Provogue Men Black Casual Shoes
13077,Men,Footwear,Shoes,Casual Shoes,White,Fall,2012.0,Casual,Numero Uno Men White Casual Shoes
42274,Unisex,Footwear,Shoes,Casual Shoes,Black,Summer,2012.0,Casual,Vans Unisex Black Era Shoes
17959,Women,Footwear,Shoes,Casual Shoes,White,Fall,2011.0,Casual,Puma Women Trinity White Casual Shoe
2388,Men,Footwear,Shoes,Casual Shoes,Brown,Winter,2018.0,Casual,Red Tape Men Brown Casual Shoe
43236,Men,Footwear,Shoes,Casual Shoes,Black,Summer,2012.0,Casual,Reebok Men Black Varsity Casual Shoes
3658,Men,Footwear,Shoes,Casual Shoes,Black,Summer,2011.0,Casual,Fila Men's Tribute Black Shoe
3564,Men,Footwear,Shoes,Casual Shoes,Brown,Winter,2015.0,Casual,Skechers Men Sage Brown Lifestyle Casual Shoe
35681,Men,Footwear,Shoes,Casual Shoes,Brown,Summer,2012.0,Casual,U.S. Polo Assn. Men Brown Shoes
54066,Men,Footwear,Shoes,Casual Shoes,Olive,Summer,2012.0,Casual,ADIDAS Men Olive Shoes
39593,Women,Footwear,Shoes,Casual Shoes,White,Winter,2015.0,Casual,Catwalk Women White Shoes
30237,Men,Footwear,Shoes,Casual Shoes,Black,Summer,2012.0,Casual,Numero Uno Men Black Shoes
12507,Men,Footwear,Shoes,Casual Shoes,Black,Winter,2018.0,Casual,Red Tape Men Casual Black Casual Shoes
3588,Unisex,Footwear,Shoes,Casual Shoes,Red,Summer,2013.0,Casual,Converse Unisex All Star Canvas Ox Red Shoe
5898,Men,Footwear,Shoes,Casual Shoes,Blue,Summer,2011.0,Casual,Puma Men Tekkies Jam Blue Shoe
26659,Men,Footwear,Shoes,Casual Shoes,White,Summer,2012.0,Casual,Puma Men White Basics Shoes
17697,Men,Footwear,Shoes,Casual Shoes,Grey,Fall,2011.0,Casual,Vans Men Bali Grey Casual Shoes
30239,Men,Footwear,Shoes,Casual Shoes,White,Summer,2012.0,Casual,Numero Uno Men White Shoes
26629,Unisex,Footwear,Shoes,Casual Shoes,Black,Summer,2012.0,Casual,Puma Kids Unisex Future Cat M2 Black Casual Shoes
9213,Men,Footwear,Shoes,Casual Shoes,Black,Fall,2011.0,Casual,Puma Men Speeder Black Casual Shoes
19365,Men,Footwear,Shoes,Casual Shoes,Tan,Winter,2018.0,Casual,Redtape Men Calcullas Tan Casual Shoes
24717,Men,Footwear,Shoes,Casual Shoes,Charcoal,Fall,2011.0,Casual,Skechers Men Heisman Charcoal Casual Shoes
30259,Men,Footwear,Shoes,Casual Shoes,Navy Blue,Winter,2018.0,Casual,Red Tape Men Navy Blue Shoes
28657,Men,Footwear,Shoes,Casual Shoes,Black,Summer,2012.0,Casual,Nike Men Air Ralston Mid Lite Black Casual Shoes
18537,Unisex,Footwear,Shoes,Casual Shoes,Black,Fall,2012.0,Casual,Puma Unisex Limnos Black Casual Shoes
57467,Unisex,Footwear,Shoes,Casual Shoes,Navy Blue,Fall,2012.0,Casual,Puma Unisex 917 Lo CVS Navy Blue Shoes
13988,Men,Footwear,Shoes,Casual Shoes,Navy Blue,Fall,2011.0,Casual,Puma Men Future Cat Remix Lo Navy Blue Casual Shoes
18405,Men,Footwear,Shoes,Casual Shoes,Brown,Summer,2012.0,Casual,Skechers Men USA Brown Shoe
46606,Women,Footwear,Shoes,Casual Shoes,Blue,Winter,2015.0,Casual,Catwalk Women Blue Shoes
34751,Men,Footwear,Shoes,Casual Shoes,Brown,Summer,2012.0,Casual,Puma Men Benecio Mid Leather Brown Shoes
57529,Men,Footwear,Shoes,Casual Shoes,Brown,Fall,2012.0,Casual,Provogue Men Brown Casual Shoes
56722,Men,Footwear,Shoes,Casual Shoes,Maroon,Fall,2012.0,Casual,Converse Men Maroon Shoes
24690,Men,Footwear,Shoes,Casual Shoes,Brown,Summer,2011.0,Casual,Lee Cooper Men Casual Brown Shoes
13382,Women,Footwear,Shoes,Casual Shoes,Brown,Fall,2011.0,Casual,Timberland Women Femmes Brown Casual Shoes
26563,Men,Footwear,Shoes,Casual Shoes,Tan,Summer,2012.0,Casual,Lee Cooper Men Tan Shoes
42275,Men,Footwear,Shoes,Casual Shoes,Brown,Summer,2012.0,Casual,Vans Men Brown Michoacan Shoes
3644,Men,Footwear,Shoes,Casual Shoes,Navy Blue,Summer,2011.0,Casual,Fila Men's Maverick HI Navy Green Canvas Shoe
35696,Men,Footwear,Shoes,Casual Shoes,White,Summer,2012.0,Casual,Nike Men Sweet Classic Leather White Shoes
3649,Men,Footwear,Shoes,Casual Shoes,Black,Fall,2011.0,Casual,FILA Men Elite Black Casual Shoes
35392,Men,Footwear,Shoes,Casual Shoes,Brown,Summer,2012.0,Casual,Stens by Enroute Men Brown Shoes
6368,Men,Footwear,Shoes,Casual Shoes,Black,Summer,2011.0,Casual,Numero Uno Men's Black Shoe
2495,Men,Footwear,Shoes,Casual Shoes,Black,Fall,2010.0,Casual,Numero Uno Men's Casual White Black Stripe Shoe
46841,Girls,Footwear,Shoes,Casual Shoes,Pink,Winter,2012.0,Casual,Barbie Girls Pink Shoes
14481,Men,Footwear,Shoes,Casual Shoes,Beige,Fall,2011.0,Casual,Flying Machine Men Beige Casual Shoes
10758,Girls,Footwear,Shoes,Casual Shoes,Blue,Winter,2012.0,Casual,Disney Kids Girls Princess Heart Blue Casual Shoes
4282,Men,Footwear,Shoes,Casual Shoes,Brown,Summer,2011.0,Casual,Rockport Men Arratoon Brown Shoe
9387,Women,Footwear,Shoes,Casual Shoes,White,Fall,2011.0,Casual,Nike Women Wmns Nike Bac White Casual Shoes
23935,Men,Footwear,Shoes,Casual Shoes,White,Fall,2011.0,Casual,Lotto Men White Pesa Slip-On Casual Shoes
30233,Men,Footwear,Shoes,Casual Shoes,White,Summer,2012.0,Casual,Numero Uno Men White Shoes
26646,Men,Footwear,Shoes,Casual Shoes,Black,Summer,2012.0,Casual,Puma Men Driving Power Black Shoes
59941,Men,Footwear,Shoes,Casual Shoes,Navy Blue,Spring,2013.0,Casual,Vans Men Navy Blue Casual Shoes
12867,Men,Footwear,Shoes,Casual Shoes,Black,Fall,2011.0,Casual,Lee Cooper Men Casual Black Shoes
12870,Men,Footwear,Shoes,Casual Shoes,Black,Spring,2012.0,Casual,Lee Cooper MenCasual Black Shoes
16157,Men,Footwear,Shoes,Casual Shoes,Black,Fall,2011.0,Casual,Enroute Men Leather Black Casual Shoes
44494,Men,Footwear,Shoes,Casual Shoes,Blue,Summer,2012.0,Casual,Gliders Men Blue Shoes
43380,Men,Footwear,Shoes,Casual Shoes,White,Summer,2012.0,Casual,Reebok Men White Mamba Casual Shoes
22164,Men,Footwear,Shoes,Casual Shoes,Brown,Fall,2012.0,Casual,Timberland Men Brown Casual Shoes
20700,Men,Footwear,Shoes,Casual Shoes,Brown,Winter,2011.0,Casual,Buckaroo Men  Fiesta Brown Casual Shoes
2822,Men,Footwear,Shoes,Casual Shoes,Black,Summer,2012.0,Casual,Lee Cooper Men's Casual Felt Black Shoe
39970,Men,Footwear,Shoes,Casual Shoes,Red,Spring,2013.0,Casual,Gas Men Red Cutback Shoes
34750,Men,Footwear,Shoes,Casual Shoes,Black,Summer,2012.0,Casual,Puma Men Black Benecio Shoes
36465,Men,Footwear,Shoes,Casual Shoes,White,Summer,2012.0,Casual,Spinn Men Viking White Casual Shoes
50279,Men,Footwear,Shoes,Casual Shoes,Navy Blue,Summer,2013.0,Casual,Arrow Men Navy Blue Shoes
39946,Men,Footwear,Shoes,Casual Shoes,Beige,Summer,2013.0,Casual,Gas Men Sahar Beige Shoes
22867,Men,Footwear,Shoes,Casual Shoes,Brown,Summer,2012.0,Casual,Woodland Men Brown Casual Shoes
22245,Men,Footwear,Shoes,Casual Shoes,Brown,Summer,2011.0,Casual,ID Men Brown Casual Shoes
22165,Men,Footwear,Shoes,Casual Shoes,Brown,Fall,2012.0,Casual,Timberland Men Brown Casual Shoes
29572,Men,Footwear,Shoes,Casual Shoes,Grey,Summer,2012.0,Casual,Vans Men Classic Slip-On Grey Shoes
13080,Men,Footwear,Shoes,Casual Shoes,Black,Summer,2013.0,Casual,Numero Uno Men Black Casual Shoes
6431,Unisex,Footwear,Shoes,Casual Shoes,Navy Blue,Summer,2011.0,Casual,Lotto Unisex Canvas Dark Navy Shoe
7365,Men,Footwear,Shoes,Casual Shoes,Black,Winter,2018.0,Casual,Red Tape Men's Black Casual Shoe
4343,Men,Footwear,Shoes,Casual Shoes,Red,Summer,2011.0,Casual,Fila Men Leonard Red Shoes
7379,Men,Footwear,Shoes,Casual Shoes,Black,Winter,2018.0,Casual,Red Tape Men's Blk Casual Black Shoe
15508,Men,Footwear,Shoes,Casual Shoes,Brown,Fall,2011.0,Casual,Rockport Men Cape Noble Brown Casual Shoes
39968,Men,Footwear,Shoes,Casual Shoes,Brown,Spring,2013.0,Casual,Gas Men Brown Cutback Shoes
44739,Men,Footwear,Shoes,Casual Shoes,Grey,Summer,2012.0,Casual,Globalite Men Grey Starcross Shoes
37241,Men,Footwear,Shoes,Casual Shoes,Black,Summer,2012.0,Casual,United Colors of Benetton Men Black Shoes
35848,Women,Footwear,Shoes,Casual Shoes,Blue,Summer,2012.0,Casual,Kelme Women Passion Blue Shoes
7710,Men,Footwear,Shoes,Casual Shoes,Blue,Fall,2011.0,Casual,Puma Men's Bluebird Blue Yellow Shoe
31942,Women,Footwear,Shoes,Casual Shoes,White,Summer,2012.0,Casual,Nike Women Sweet Classic Leather White Shoes
14560,Men,Footwear,Shoes,Casual Shoes,Black,Spring,2012.0,Casual,Vans Men Era Black Casual Shoes
17766,Men,Footwear,Shoes,Casual Shoes,Olive,Winter,2012.0,Casual,Buckaroo Jefe Men Olive Casual Shoes
57520,Men,Footwear,Shoes,Casual Shoes,Brown,Fall,2012.0,Casual,Provogue Men Brown Casual Shoes
56655,Men,Footwear,Shoes,Casual Shoes,Blue,Summer,2012.0,Casual,United Colors of Benetton Men Blue Shoes
22160,Men,Footwear,Shoes,Casual Shoes,Black,Summer,2011.0,Casual,Lee Cooper Men Black Casual Shoes
17704,Unisex,Footwear,Shoes,Casual Shoes,Maroon,Fall,2011.0,Casual,Vans unisex Old Skool Red Casual Shoes
12423,Women,Footwear,Shoes,Casual Shoes,Brown,Fall,2011.0,Casual,Timberland Women Casual Brown Casual Shoes
39625,Men,Footwear,Shoes,Casual Shoes,Black,Summer,2012.0,Casual,Nike Men Sweet Classic High Black Casual Shoes
31945,Men,Footwear,Shoes,Casual Shoes,Black,Summer,2012.0,Casual,Nike Men Avid Black Shoes
39664,Men,Footwear,Shoes,Casual Shoes,White,Summer,2012.0,Casual,Lotto Men White Shoes
14283,Women,Footwear,Shoes,Casual Shoes,Brown,Fall,2011.0,Casual,Timberland Women Chauncy ox  Casual Shoe
49484,Men,Footwear,Shoes,Casual Shoes,Navy Blue,Summer,2012.0,Casual,Vans Men Navy Blue Shoes
35818,Women,Footwear,Shoes,Casual Shoes,Red,Summer,2012.0,Casual,Enroute Women Red Moccasins
12519,Men,Footwear,Shoes,Casual Shoes,Beige,Winter,2018.0,Casual,Red Tape Men Beige Shoes
12430,Men,Footwear,Shoes,Casual Shoes,Blue,Fall,2011.0,Casual,Timberland Men Casual Blue Casual Shoes
4853,Unisex,Footwear,Shoes,Casual Shoes,Black,Summer,2011.0,Casual,Newfeel Unisex Black & Grey Shoes
22833,Men,Footwear,Shoes,Casual Shoes,Olive,Summer,2016.0,Casual,Woodland Men Olive Green Casual Shoes
17669,Women,Footwear,Shoes,Casual Shoes,Blue,Winter,2015.0,Casual,Catwalk Women Closed Blue Casual Shoe
17659,Women,Footwear,Shoes,Casual Shoes,Brown,Winter,2015.0,Casual,Catwalk Women Ballerina Brown Casual Shoe
57480,Men,Footwear,Shoes,Casual Shoes,White,Summer,2012.0,Casual,ID Men White & Navy Blue Casual Shoes
10266,Men,Footwear,Shoes,Casual Shoes,Brown,Fall,2011.0,Casual,Clarks Men Goto Hi Cola Suede Brown Shoes
7714,Men,Footwear,Shoes,Casual Shoes,Black,Fall,2011.0,Casual,Fila Men's Wind Black Shoe
5320,Men,Footwear,Shoes,Casual Shoes,Grey,Summer,2011.0,Casual,Fila Men's Montello Grey Black Red Shoe
12510,Men,Footwear,Shoes,Casual Shoes,Grey,Winter,2018.0,Casual,Red Tape Men Casual Grey Casual Shoes
43874,Men,Footwear,Shoes,Casual Shoes,White,Summer,2010.0,Casual,Puma Men White Mid Ducati Shoes
15503,Women,Footwear,Shoes,Casual Shoes,Black,Fall,2011.0,Casual,Carlton London Women Casual Black Casual Shoes
7040,Men,Footwear,Shoes,Casual Shoes,Navy Blue,Summer,2011.0,Casual,Numero Uno Men's Navy Blue Shoe
34862,Men,Footwear,Shoes,Casual Shoes,Grey,Summer,2012.0,Casual,Vans Men Zapato Del Barco Grey Shoes
22167,Men,Footwear,Shoes,Casual Shoes,Brown,Fall,2012.0,Casual,Timberland Men Brown Casual Shoes
21741,Unisex,Footwear,Shoes,Casual Shoes,White,Fall,2011.0,Casual,Vans Unisex Authentic Lo Pro White Casual Shoes
47246,Men,Footwear,Shoes,Casual Shoes,Green,Summer,2013.0,Casual,Playboy Men Green Casual Shoes
5699,Men,Footwear,Shoes,Casual Shoes,Black,Winter,2015.0,Casual,Skechers Men's Striking Black Shoe
17747,Men,Footwear,Shoes,Casual Shoes,Black,Fall,2011.0,Casual,Puma Men Track Cat Black Casual Shoe
4183,Men,Footwear,Shoes,Casual Shoes,Brown,Summer,2011.0,Casual,Rockport Men Brown Leather Casual Shoes
11819,Men,Footwear,Shoes,Casual Shoes,Blue,Summer,2013.0,Casual,Playboy Men Casual Blue Casual Shoes
17757,Men,Footwear,Shoes,Casual Shoes,Brown,Winter,2012.0,Casual,Buckaroo Men New Gemma Brown Casual Shoe
18474,Men,Footwear,Shoes,Casual Shoes,White,Summer,2011.0,Casual,Puma Men Calcetto White Casual Shoes
34088,Men,Footwear,Shoes,Casual Shoes,White,Summer,2012.0,Casual,Numero Uno Men White Shoes
33531,Women,Footwear,Shoes,Casual Shoes,Black,Summer,2016.0,Casual,Cobblerz Women Black Loafers
10627,Men,Footwear,Shoes,Casual Shoes,Brown,Winter,2012.0,Casual,Carlton London Men Brown Slip-On Shoes
4068,Men,Footwear,Shoes,Casual Shoes,Brown,Summer,2011.0,Casual,Crocs Men's Tideline Canvas Khaki Shoe
22865,Men,Footwear,Shoes,Casual Shoes,Khaki,Summer,2016.0,Casual,Woodland Men Khaki Casual Shoes
38524,Men,Footwear,Shoes,Casual Shoes,White,Fall,2012.0,Casual,Puma Men White Surge Shoes
34748,Women,Footwear,Shoes,Casual Shoes,Black,Summer,2012.0,Casual,Puma Women Soleil Cat Black Shoes
24190,Unisex,Footwear,Shoes,Casual Shoes,White,Summer,2012.0,Casual,Converse Unisex Chuck Taylor White Casual Shoes
39687,Men,Footwear,Shoes,Casual Shoes,White,Summer,2012.0,Casual,Lotto Men White Casual Shoes
6799,Unisex,Footwear,Shoes,Casual Shoes,Yellow,Summer,2011.0,Casual,Converse Unisex Yellow Canvas Shoe
22846,Men,Footwear,Shoes,Casual Shoes,Khaki,Summer,2012.0,Casual,Woodland Men Khaki Casual Shoes
39274,Men,Footwear,Shoes,Casual Shoes,Tan,Winter,2018.0,Casual,Red Chief Men Tan Shoes
26561,Men,Footwear,Shoes,Casual Shoes,Black,Fall,2012.0,Casual,Lee Cooper Men Black Shoes
46884,Boys,Footwear,Shoes,Casual Shoes,Black,Fall,2012.0,Casual,Ben 10 Boys Black Casual Shoes
23913,Men,Footwear,Shoes,Casual Shoes,Black,Winter,2015.0,Casual,Fila Men Cicadeo Black Casual Shoes
20876,Men,Footwear,Shoes,Casual Shoes,Black,Summer,2012.0,Casual,Skechers Men Casual Black Shoes
17768,Men,Footwear,Shoes,Casual Shoes,Brown,Winter,2012.0,Casual,Buckaroo Men New Amanda Brown Casual Shoe
46102,Men,Footwear,Shoes,Casual Shoes,Green,Summer,2012.0,Casual,ADIDAS Men Green Lucent Shoes
4134,Men,Footwear,Shoes,Casual Shoes,Navy Blue,Winter,2015.0,Casual,Skechers Men's Sparta Navy Black Shoe
36952,Women,Footwear,Shoes,Casual Shoes,White,Summer,2012.0,Casual,Force 10 Women White Shoes
39984,Men,Footwear,Shoes,Casual Shoes,Grey,Winter,2014.0,Casual,Gas Men Grey & Blue Tee Casual Shoes
47643,Men,Footwear,Shoes,Casual Shoes,Brown,Winter,2014.0,Casual,Carlton London Men Light Brown Loafers
26559,Men,Footwear,Shoes,Casual Shoes,Black,Summer,2012.0,Casual,Lee Cooper Men Black Shoes
44937,Men,Footwear,Shoes,Casual Shoes,Brown,Summer,2012.0,Casual,Ganuchi Men Brown Shoes
3640,Men,Footwear,Shoes,Casual Shoes,Black,Summer,2011.0,Casual,Fila Men's Universe HI Black Shoe
32727,Unisex,Footwear,Shoes,Casual Shoes,Black,Summer,2012.0,Casual,Fila Unisex Skeletoes 2.0 Black Shoes
1546,Men,Footwear,Shoes,Casual Shoes,White,Fall,2010.0,Casual,Puma Men's Furore White Shoe
22840,Men,Footwear,Shoes,Casual Shoes,Brown,Summer,2012.0,Casual,Woodland Men Brown Casual Shoes
24188,Unisex,Footwear,Shoes,Casual Shoes,Red,Summer,2012.0,Casual,Converse Unisex Chuck Taylor All Stars Red Casual Shoes
55783,Men,Footwear,Shoes,Casual Shoes,Brown,Fall,2013.0,Casual,Converse Men Brown Casual Shoes
6413,Unisex,Footwear,Shoes,Casual Shoes,Pink,Summer,2011.0,Casual,Lotto Unisex Canvas Pink Shoe
12897,Men,Footwear,Shoes,Casual Shoes,White,Fall,2011.0,Casual,Puma Men Game Point White Casual Shoes
22189,Men,Footwear,Shoes,Casual Shoes,Brown,Fall,2012.0,Casual,Timberland Men Brown Casual Shoes
49375,Men,Footwear,Shoes,Casual Shoes,Black,Summer,2012.0,Casual,Vans Men Black Era Pro Shoes
49497,Men,Footwear,Shoes,Casual Shoes,Navy Blue,Summer,2012.0,Casual,Vans Men Navy Blue Shoes
24259,Men,Footwear,Shoes,Casual Shoes,Navy Blue,Fall,2012.0,Casual,Numero Uno Men Navy Blue Shoes
22177,Men,Footwear,Shoes,Casual Shoes,Tan,Fall,2012.0,Casual,Timberland Men Tan Casual Shoes
6410,Women,Footwear,Shoes,Casual Shoes,White,Summer,2011.0,Casual,Lotto Women Leisure White Blue Shoe
37243,Men,Footwear,Shoes,Casual Shoes,Brown,Summer,2012.0,Casual,United Colors of Benetton Men Brown Shoes
18478,Men,Footwear,Shoes,Casual Shoes,Navy Blue,Fall,2011.0,Casual,Puma Men Yacht Lifevest Navy Casual Shoes
24482,Men,Footwear,Shoes,Casual Shoes,Black,Winter,2018.0,Casual,Red Tape Men Black Casual Shoes
33846,Men,Footwear,Shoes,Casual Shoes,Black,Summer,2012.0,Casual,Puma Men Future Cat Black Shoes
3790,Men,Footwear,Shoes,Casual Shoes,Black,Summer,2014.0,Casual,Converse Men's AS Canvas HI Black Shoe
33768,Men,Footwear,Shoes,Casual Shoes,Tan,Summer,2012.0,Casual,ADIDAS Neo Men Utility Deck Tan Shoes
4132,Men,Footwear,Shoes,Casual Shoes,Red,Summer,2011.0,Casual,Fila Men's Mustang Red Shoe
8909,Unisex,Footwear,Shoes,Casual Shoes,Blue,Summer,2011.0,Casual,Puma Unisex Benecio Leather Drip Indigo Blue Casual Shoes
13903,Men,Footwear,Shoes,Casual Shoes,White,Fall,2011.0,Casual,Nike Men Backboard White Casual Shoes
14482,Men,Footwear,Shoes,Casual Shoes,Black,Fall,2011.0,Casual,Flying Machine Men Black Shoes
54742,Men,Footwear,Shoes,Casual Shoes,Brown,Summer,2012.0,Casual,Vans Men Brown Shoes
4455,Men,Footwear,Shoes,Casual Shoes,Brown,Summer,2011.0,Casual,ADIDAS Khaki Color Canvas Shoe
49420,Men,Footwear,Shoes,Casual Shoes,Blue,Summer,2012.0,Casual,Vans Men Blue 106 Vulcanized Shoes
12518,Men,Footwear,Shoes,Casual Shoes,Brown,Winter,2018.0,Casual,Red Tape Men Casual Brown Casual Shoes
35671,Men,Footwear,Shoes,Casual Shoes,Blue,Spring,2013.0,Casual,U.S. Polo Assn. Men Blue Boat Shoes
17963,Women,Footwear,Shoes,Casual Shoes,Black,Fall,2012.0,Casual,Puma Women Trinity Black Casual Shoes
23679,Men,Footwear,Shoes,Casual Shoes,Black,Summer,2011.0,Casual,Red Tape Men Mocassins Black Casual Shoes
13191,Men,Footwear,Shoes,Casual Shoes,Green,Fall,2011.0,Casual,Puma Men Eco ortholite Green Casual Shoes
50751,Men,Footwear,Shoes,Casual Shoes,Mushroom Brown,Winter,2018.0,Casual,Red Chief Men Mushroom Brown Shoes
6874,Women,Apparel,Dress,Dresses,Pink,Summer,2011.0,Casual,Forever New Women Pink Sleeveless Dress
31128,Girls,Apparel,Dress,Dresses,Blue,Summer,2012.0,Casual,Gini and Jony Girls Printed Teal Dress
31126,Girls,Apparel,Dress,Dresses,White,Summer,2012.0,Casual,Gini and Jony Girls White Dress
31130,Girls,Apparel,Dress,Dresses,Pink,Summer,2012.0,Casual,Gini and Jony Girls Printed Pink Dress
4984,Women,Apparel,Dress,Dresses,White,Summer,2011.0,Casual,Palm Tree Girls Beyonce White & Blue Dress
25907,Women,Apparel,Dress,Dresses,Purple,Summer,2012.0,Casual,Femella Women Purple Dress
41302,Girls,Apparel,Dress,Dresses,Pink,Summer,2012.0,Casual,Gini and Jony Girls Blue Saloppette
46216,Women,Apparel,Dress,Dresses,Pink,Summer,2012.0,Casual,AND Women Pink Dress
52131,Girls,Apparel,Dress,Dresses,Blue,Summer,2012.0,Casual,Doodle Girls Blue Printed Dress
43510,Women,Apparel,Dress,Dresses,Maroon,Fall,2012.0,Casual,French Connection Women Maroon Knitted Dress
26974,Women,Apparel,Dress,Dresses,Pink,Summer,2012.0,Casual,Jealous 21 Women Pink Printed Dress
18736,Women,Apparel,Dress,Dresses,Red,Fall,2011.0,Casual,Arrow Woman Rima Red Dress
32581,Women,Apparel,Dress,Dresses,Pink,Summer,2012.0,Casual,ONLY Women Pink Dotted Print Dress
59991,Women,Apparel,Dress,Dresses,Multi,Fall,2012.0,Casual,Avirate Multicoloured Dress
16567,Women,Apparel,Dress,Dresses,Red,Fall,2011.0,Casual,AND by Anita Dongre Women Printed Red Dresses
27196,Girls,Apparel,Dress,Dresses,Yellow,Summer,2012.0,Casual,Doodle Girls Yellow Dress
10016,Women,Apparel,Dress,Dresses,Pink,Summer,2011.0,Casual,Palm Tree Girl's Cr Blossom Drs Pink Dresses
44688,Women,Apparel,Dress,Dresses,Off White,Summer,2012.0,Casual,Wills Lifestyle Women Off White Dress
54974,Women,Apparel,Dress,Dresses,Black,Fall,2012.0,Casual,Femella Women Black Dress
39716,Women,Apparel,Dress,Dresses,Blue,Summer,2012.0,Casual,Arrow Woman Women Blue Dress
48467,Women,Apparel,Dress,Dresses,Red,Summer,2012.0,Casual,French Connection Women Red Dress
48473,Women,Apparel,Dress,Dresses,Blue,Winter,2011.0,Casual,French Connection Women Blue Dress
25966,Women,Apparel,Dress,Dresses,Brown,Summer,2012.0,Casual,Femella Women Brown Dress
57035,Women,Apparel,Dress,Dresses,Multi,Summer,2012.0,Casual,Forever New Women Multi Coloured Dress
33969,Women,Apparel,Dress,Dresses,Black,Spring,2012.0,Party,Femella Women Black Dress
38839,Women,Apparel,Dress,Dresses,Olive,Summer,2012.0,Casual,Latin Quarters Women Black Printed Dress
52162,Women,Apparel,Dress,Dresses,Black,Summer,2012.0,Casual,Femella Women Black Striped Tank Dress
59981,Women,Apparel,Dress,Dresses,Black,Fall,2012.0,Party,Avirate  Black & Purple Women Dress
32576,Women,Apparel,Dress,Dresses,Orange,Summer,2012.0,Casual,ONLY Women Orange Party Dress
58494,Women,Apparel,Dress,Dresses,Purple,Fall,2012.0,Casual,Tonga Women Purple Dress
59980,Women,Apparel,Dress,Dresses,Black,Fall,2012.0,Casual,Avirate Black & Cream Dress
49631,Women,Apparel,Dress,Dresses,Cream,Summer,2012.0,Casual,Mineral Cream Dress
38843,Women,Apparel,Dress,Dresses,Navy Blue,Summer,2012.0,Casual,Latin Quarters Women Zip Piping Navy Blue Dress
43919,Women,Apparel,Dress,Dresses,Navy Blue,Summer,2012.0,Casual,Femella Women Navy Blue Printed Dress
48470,Women,Apparel,Dress,Dresses,Teal,Summer,2012.0,Casual,French Connection Teal Dress
58505,Women,Apparel,Dress,Dresses,Off White,Fall,2012.0,Casual,Tonga Women Printed Brown Dress
38832,Women,Apparel,Dress,Dresses,White,Summer,2012.0,Casual,Latin Quarters Women White & Pink Printed Dress
43586,Girls,Apparel,Dress,Dresses,Blue,Summer,2012.0,Casual,Gini and Jony Girls Blue Saloppette
4933,Women,Apparel,Dress,Dresses,Peach,Summer,2011.0,Casual,Gini and Jony Girl's Valerie Peach White Kidswear
26928,Women,Apparel,Dress,Dresses,Black,Summer,2012.0,Casual,Jealous 21 Women Black Dress
10360,Women,Apparel,Dress,Dresses,Black,Fall,2011.0,Casual,United Colors of Benetton Women Black Dress
38998,Girls,Apparel,Dress,Dresses,Pink,Summer,2012.0,Casual,Gini and Jony Girls Summer Paradise Pink Dress
48084,Women,Apparel,Dress,Dresses,Red,Summer,2012.0,Casual,French Connection Women Red Dress
52128,Girls,Apparel,Dress,Dresses,Blue,Summer,2012.0,Casual,Doodle Girls Blue Washed Dress
57041,Women,Apparel,Dress,Dresses,Black,Summer,2012.0,Party,Elle Black Sheath Dress
58493,Women,Apparel,Dress,Dresses,Grey,Fall,2012.0,Casual,Tonga Women Grey Dress
40412,Women,Apparel,Dress,Dresses,Pink,Summer,2012.0,Casual,Tonga Women Plum Dress
47650,Women,Apparel,Dress,Dresses,Black,Summer,2012.0,Casual,Femella Women Black Lace Dress
47676,Women,Apparel,Dress,Dresses,Black,Summer,2012.0,Casual,Femella Women Black Animal Print Dress
18167,Girls,Apparel,Dress,Dresses,Magenta,Fall,2011.0,Casual,Doodle Kids Girls Party Frock Purple Dress
47656,Women,Apparel,Dress,Dresses,Black,Summer,2012.0,Casual,Femella Women Black Printed Dress
18168,Girls,Apparel,Dress,Dresses,Pink,Fall,2011.0,Casual,Doodle Kids Girls Party Frock Pink Dress
43646,Women,Apparel,Dress,Dresses,Blue,Summer,2012.0,Casual,ONLY Women Blue Dress
4936,Women,Apparel,Dress,Dresses,Black,Summer,2011.0,Casual,Gini and Jony Girl's Veata White Black Pink Infants Kidswear
58503,Women,Apparel,Dress,Dresses,White,Summer,2012.0,Casual,Tonga Women Purple Dress
34578,Women,Apparel,Dress,Dresses,Red,Summer,2012.0,Casual,Tonga Women Printed Red Dress
18169,Girls,Apparel,Dress,Dresses,Pink,Fall,2011.0,Casual,Doodle Kids Girls Party Frock Pink Dress
58439,Women,Apparel,Dress,Dresses,Black,Summer,2012.0,Casual,AND by Anita Dongre Women Black Dress
46277,Women,Apparel,Dress,Dresses,Red,Summer,2012.0,Casual,109F Red & White A-Line Dress
39217,Women,Apparel,Dress,Dresses,Red,Summer,2012.0,Casual,Femella Women Floral Red Dress
57047,Women,Apparel,Dress,Dresses,Black,Summer,2012.0,Casual,Elle Women Black Dress
6868,Women,Apparel,Dress,Dresses,Black,Summer,2011.0,Casual,Forever New Women's Waterfall Sleeve Shift Black Dress
18754,Women,Apparel,Dress,Dresses,Pink,Fall,2011.0,Casual,Arrow Woman Kaya Pink Dress
43509,Women,Apparel,Dress,Dresses,Grey Melange,Summer,2012.0,Casual,French Connection Women Grey Melange Dress
59965,Women,Apparel,Dress,Dresses,Black,Fall,2012.0,Casual,Avirate Black Dress
48525,Women,Apparel,Dress,Dresses,White,Summer,2012.0,Casual,French Connection Women White & Blue  Striped Dress
48486,Women,Apparel,Dress,Dresses,Green,Winter,2011.0,Casual,French Connection Women Green Dress
43634,Women,Apparel,Dress,Dresses,Beige,Summer,2012.0,Casual,Vero Moda Women Beige Dress
18897,Women,Apparel,Dress,Dresses,Green,Fall,2011.0,Casual,Arrow Woman Solid Green Dress
59978,Women,Apparel,Dress,Dresses,Brown,Fall,2012.0,Casual,Avirate Brown & Grey Check Dress
41141,Women,Apparel,Dress,Dresses,Blue,Fall,2012.0,Casual,Allen Solly Woman Blue Dress
57994,Women,Apparel,Dress,Dresses,Brown,Fall,2012.0,Casual,Latin Quarters Women Brown Printed Dress
38835,Women,Apparel,Dress,Dresses,Grey,Summer,2012.0,Casual,Latin Quarters Women Grey & Olive Printed Dress
59985,Women,Apparel,Dress,Dresses,Green,Fall,2012.0,Casual,Avirate Women Green Dress
33970,Women,Apparel,Dress,Dresses,Navy Blue,Summer,2012.0,Casual,Femella Women Navy Blue Dress
48466,Women,Apparel,Dress,Dresses,Black,Winter,2011.0,Party,French Connection Women Black Dress
38844,Women,Apparel,Dress,Dresses,Black,Summer,2012.0,Casual,Latin Quarters Women Black & White Printed Dress
38997,Girls,Apparel,Dress,Dresses,Blue,Summer,2012.0,Casual,Gini and Jony Girls Digital Blue Dress
27223,Women,Apparel,Dress,Dresses,Blue,Summer,2012.0,Casual,Doodle Kids Girl Printed Blue Dress
57986,Women,Apparel,Dress,Dresses,Grey,Fall,2012.0,Casual,Latin Quarters Women Grey Dress
32577,Women,Apparel,Dress,Dresses,Grey,Summer,2012.0,Casual,ONLY Women Toronto Grey Printed Dress
48475,Women,Apparel,Dress,Dresses,Black,Winter,2011.0,Casual,French Connection Women Black Printed Dress
38830,Women,Apparel,Dress,Dresses,Navy Blue,Summer,2012.0,Casual,Latin Quarters Women Navy Blue Printed Dress
23051,Women,Apparel,Dress,Dresses,Navy Blue,Fall,2011.0,Casual,Arrow Woman Navy Blue Printed Dress
38828,Women,Apparel,Dress,Dresses,Teal,Summer,2012.0,Casual,Latin Quarters Women Teal Dress
52124,Girls,Apparel,Dress,Dresses,Orange,Summer,2012.0,Casual,Doodle Girls Orange Printed Dress
29167,Girls,Apparel,Dress,Dresses,Red,Summer,2012.0,Casual,United Colors of Benetton Girls Red Polka Dot Dress
4983,Women,Apparel,Dress,Dresses,White,Summer,2011.0,Casual,Palm Tree Girl's Blenda White Pink Kidswear
48476,Women,Apparel,Dress,Dresses,Blue,Winter,2011.0,Casual,French Connection Women Blue Dress
27224,Women,Apparel,Dress,Dresses,White,Summer,2012.0,Casual,Doodle Kids Girl Printed White Dress
50698,Women,Apparel,Dress,Dresses,Purple,Summer,2012.0,Casual,Latin Quarters Women Purple Dress
34064,Girls,Apparel,Dress,Dresses,Blue,Summer,2012.0,Casual,Gini and Jony Girls Printed Teal Dress
47655,Women,Apparel,Dress,Dresses,Grey,Summer,2012.0,Casual,Femella Women Grey Polka Dotted Dress
39227,Women,Apparel,Dress,Dresses,Purple,Summer,2012.0,Casual,Femella Women Purple Tiered Dress
12837,Women,Apparel,Dress,Dresses,Pink,Fall,2011.0,Casual,Ant Kids Button Bow Pink Dresses
48468,Women,Apparel,Dress,Dresses,Mauve,Summer,2012.0,Casual,French Connection Mauve Dress
34588,Women,Apparel,Dress,Dresses,Cream,Summer,2012.0,Casual,Tonga Women Cream Dress
2697,Girls,Apparel,Dress,Dresses,Blue,Summer,2011.0,Casual,Disney Kids Girl's Blue Pooh Kidswear
33997,Women,Apparel,Dress,Dresses,Purple,Summer,2012.0,Casual,Femella Women Purple & Black Dress
38836,Women,Apparel,Dress,Dresses,Blue,Summer,2012.0,Casual,Latin Quarters Women Blue Dress
38838,Women,Apparel,Dress,Dresses,Pink,Fall,2012.0,Casual,Latin Quarters Women Pink & Black Printed Dress
59986,Women,Apparel,Dress,Dresses,Black,Fall,2012.0,Smart Casual,Avirate Women Black Dress
44687,Women,Apparel,Dress,Dresses,Peach,Summer,2012.0,Casual,Wills Lifestyle Women Peach A-Line Dress
43677,Women,Apparel,Dress,Dresses,Navy Blue,Summer,2012.0,Casual,French Connection Navy Blue Dress
43508,Women,Apparel,Dress,Dresses,White,Summer,2012.0,Casual,French Connection Women Navy Blue Striped Dress
37198,Women,Apparel,Dress,Dresses,Red,Summer,2012.0,Casual,United Colors of Benetton Women Check Red Dress
57040,Women,Apparel,Dress,Dresses,Black,Summer,2012.0,Casual,Elle Women Black Dress
42209,Women,Apparel,Dress,Dresses,Purple,Summer,2012.0,Casual,Sepia Women Purple Dress
32582,Women,Apparel,Dress,Dresses,Yellow,Summer,2012.0,Casual,ONLY Women Yellow Dotted Print Dress
27226,Women,Apparel,Dress,Dresses,Pink,Summer,2012.0,Casual,Doodle Kids Girl Printed Pink Dress
59973,Women,Apparel,Dress,Dresses,Navy Blue,Fall,2012.0,Casual,Avirate Women Navy Blue Dress
43632,Women,Apparel,Dress,Dresses,Black,Summer,2012.0,Casual,Vero Moda Women Black Dress
29166,Girls,Apparel,Dress,Dresses,Navy Blue,Summer,2012.0,Casual,United Colors of Benetton Girls Polka Dot Navy Blue Dress
48480,Women,Apparel,Dress,Dresses,Black,Winter,2011.0,Party,French Connection Women Black Dress
34591,Women,Apparel,Dress,Dresses,Multi,Summer,2012.0,Casual,Tonga Women Printed Multi Dress
31124,Girls,Apparel,Dress,Dresses,Magenta,Summer,2012.0,Casual,Gini and Jony Girls Pink Dress
48478,Women,Apparel,Dress,Dresses,Beige,Winter,2011.0,Casual,French Connection Women Beige Dress
41784,Women,Apparel,Dress,Dresses,Purple,Summer,2012.0,Casual,Remanika Women Purple Dress
29158,Women,Apparel,Dress,Dresses,Green,Summer,2012.0,Casual,United Colors of Benetton Women Green Dress
46271,Women,Apparel,Dress,Dresses,Blue,Summer,2012.0,Casual,109F Blue A-Line Dress
12830,Women,Apparel,Dress,Dresses,Green,Fall,2011.0,Casual,Ant Kids Peaceful Day Green Dresses
38837,Women,Apparel,Dress,Dresses,Pink,Fall,2012.0,Casual,Latin Quarters Women Pink Printed Dress
34599,Women,Apparel,Dress,Dresses,Black,Summer,2012.0,Casual,Tonga Women Printed Black Dress
47675,Women,Apparel,Dress,Dresses,Black,Summer,2012.0,Casual,Femella Women Black Animal Printed Dress
48483,Women,Apparel,Dress,Dresses,Blue,Winter,2011.0,Casual,French Connection Women Blue Dress
59970,Women,Apparel,Dress,Dresses,Black,Fall,2012.0,Casual,Avirate Mushroom Brown Dress
57995,Women,Apparel,Dress,Dresses,Black,Fall,2012.0,Casual,Latin Quarters Women & White Black Dress
41798,Women,Apparel,Dress,Dresses,Pink,Summer,2012.0,Casual,Remanika Women Printed Pink Dress
38842,Women,Apparel,Dress,Dresses,Purple,Fall,2012.0,Casual,Latin Quarters Women Purple Dress
58001,Women,Apparel,Dress,Dresses,Black,Fall,2012.0,Casual,Latin Quarters Women Black Printed Dress
10406,Women,Apparel,Dress,Dresses,Grey,Fall,2011.0,Casual,United Colors of Benetton Women Solid Grey Dresses
48086,Women,Apparel,Dress,Dresses,Navy Blue,Summer,2012.0,Casual,French Connection Navy Blue Dress
12849,Girls,Apparel,Dress,Dresses,White,Fall,2011.0,Casual,Ant Kids Girls Butterfly Print White Dresses
43678,Women,Apparel,Dress,Dresses,White,Summer,2012.0,Casual,French Connection Women White Dress
41786,Women,Apparel,Dress,Dresses,Black,Summer,2012.0,Casual,Remanika Women Black Dress
57046,Women,Apparel,Dress,Dresses,Black,Summer,2012.0,Casual,Elle Women Black Sheath Dress
26934,Women,Apparel,Dress,Dresses,Black,Summer,2012.0,Casual,Jealous 21 Women Black Dress
58489,Women,Apparel,Dress,Dresses,Beige,Summer,2012.0,Casual,Tonga Women Beige Dress
32378,Women,Apparel,Dress,Dresses,Cream,Summer,2012.0,Casual,Arrow Woman Printed Multi Coloured Dress
43302,Women,Apparel,Dress,Dresses,Purple,Summer,2012.0,Casual,United Colors of Benetton Women Purple Dress
36750,Girls,Apparel,Dress,Dresses,Navy Blue,Summer,2012.0,Casual,Little Miss Girls Chatterbox Navy Blue Dress
57052,Women,Apparel,Dress,Dresses,Blue,Summer,2012.0,Casual,Elle Women Blue Dress
57043,Women,Apparel,Dress,Dresses,Black,Summer,2012.0,Casual,Elle Black Dress
26355,Women,Apparel,Dress,Dresses,Purple,Summer,2012.0,Casual,Arrow Woman Printed Purple Dress
43511,Women,Apparel,Dress,Dresses,Navy Blue,Summer,2012.0,Formal,French Connection Women Navy Blue Dress
57057,Women,Apparel,Dress,Dresses,Red,Summer,2012.0,Casual,Elle Women Red A-Line Dress
57050,Women,Apparel,Dress,Dresses,White,Summer,2012.0,Casual,Elle Color Clash Purple Dress
34167,Girls,Apparel,Dress,Dresses,White,Summer,2012.0,Casual,Gini and Jony Girls White Dress
34598,Women,Apparel,Dress,Dresses,Black,Summer,2012.0,Casual,Tonga Women Printed Black Dress
43672,Women,Apparel,Dress,Dresses,Peach,Summer,2012.0,Casual,ONLY Women Peach Dress
58425,Women,Apparel,Dress,Dresses,Grey,Summer,2012.0,Casual,AND by Anita Dongre Women Grey Dress
2711,Girls,Apparel,Dress,Dresses,Pink,Summer,2011.0,Casual,Disney Kids Girl's Halter Neck Pink Kidswear
14197,Women,Apparel,Dress,Dresses,Black,Fall,2011.0,Casual,AND Women Solid Black Dresses
4934,Women,Apparel,Dress,Dresses,Peach,Summer,2011.0,Casual,Gini and Jony Girl's Valerie Peach White Infant Kidswear
46281,Women,Apparel,Dress,Dresses,Black,Summer,2012.0,Casual,109F Women Black & Cream Dress
5566,Women,Apparel,Dress,Dresses,Maroon,Summer,2011.0,Casual,Ant Kids Girl's Maroon With Flower Kidswear
8483,Women,Apparel,Dress,Dresses,Blue,Fall,2011.0,Casual,Forever New Women Creme de Menthe Blue Dresses
2710,Girls,Apparel,Dress,Dresses,White,Summer,2011.0,Casual,Disney Kids Girl's White Daisy Kidswear
33226,Women,Apparel,Dress,Dresses,Navy Blue,Summer,2012.0,Casual,Sepia Women Navy Blue Dress
48085,Women,Apparel,Dress,Dresses,Purple,Summer,2012.0,Casual,French Connection Women Purple Dress
50720,Girls,Apparel,Dress,Dresses,Orange,Summer,2012.0,Casual,Doodle Girls Orange Printed Dress
58492,Women,Apparel,Dress,Dresses,Olive,Fall,2012.0,Casual,Tonga Women Olive Dress
43514,Women,Apparel,Dress,Dresses,Black,Summer,2012.0,Casual,French Connection Women Black Dress
41996,Girls,Apparel,Dress,Dresses,Black,Summer,2012.0,Casual,Gini and Jony Girls Roseatte Black Dress
34113,Girls,Apparel,Dress,Dresses,Pink,Summer,2012.0,Casual,Doodle Girls Printed Pink Dress
57056,Women,Apparel,Dress,Dresses,Cream,Summer,2012.0,Casual,Elle Women White Shift Dress
31167,Girls,Apparel,Dress,Dresses,Blue,Summer,2012.0,Casual,Gini and Jony Girls Blue Dress
35989,Women,Apparel,Dress,Dresses,Black,Summer,2012.0,Casual,Flying Machine Women Cotton Black Dress
57042,Women,Apparel,Dress,Dresses,Black,Summer,2012.0,Casual,Elle Black Dress
41774,Women,Apparel,Dress,Dresses,Navy Blue,Summer,2012.0,Casual,Remanika Women Navy Blue Dress
59966,Women,Apparel,Dress,Dresses,Black,Fall,2012.0,Party,Avirate Black Polka Dot Dress
51448,Women,Apparel,Dress,Dresses,Gold,Summer,2012.0,Casual,Tonga Women Gold Dress
58501,Women,Apparel,Dress,Dresses,Beige,Fall,2012.0,Casual,Tonga Brown Animal Print Dress
33199,Women,Apparel,Dress,Dresses,Red,Summer,2012.0,Casual,Sepia Women Printed Red Dress
2704,Girls,Apparel,Dress,Dresses,White,Summer,2011.0,Casual,Disney Kids Girl's White Pooh Kidswear
44944,Women,Apparel,Dress,Dresses,Navy Blue,Fall,2012.0,Casual,United Colors of Benetton Women Navy Blue Dress
49647,Women,Apparel,Dress,Dresses,Blue,Summer,2012.0,Casual,Mineral Blue & Green Printed Dress
43653,Women,Apparel,Dress,Dresses,Peach,Summer,2012.0,Casual,ONLY Women Peach Dress
43680,Women,Apparel,Dress,Dresses,Red,Summer,2012.0,Casual,French Connection Women Printed Red Dress
23621,Girls,Apparel,Dress,Dresses,Navy Blue,Fall,2011.0,Casual,Doodle Kids Girls Navy Blue Floral Print Dress
34570,Women,Apparel,Dress,Dresses,Black,Summer,2012.0,Casual,Tonga Women Printed Black Dress
41565,Women,Apparel,Dress,Dresses,Blue,Summer,2012.0,Casual,AND Women Blue Dress
59811,Women,Apparel,Dress,Dresses,Beige,Fall,2012.0,Casual,United Colors of Benetton Women Beige Printed Dress
43659,Women,Apparel,Dress,Dresses,Pink,Summer,2012.0,Casual,ONLY Women Pink Dress
43645,Women,Apparel,Dress,Dresses,Grey,Summer,2012.0,Casual,Vero Moda Women Grey Dress
48485,Women,Apparel,Dress,Dresses,Red,Summer,2012.0,Casual,French Connection Red & Brown Dress
39724,Women,Apparel,Dress,Dresses,Pink,Summer,2012.0,Casual,Arrow Woman Pink & Orange Dress
4987,Women,Apparel,Dress,Dresses,White,Summer,2011.0,Casual,Gini and Jony Girl's Viveca White Floral Kidswear
48472,Women,Apparel,Dress,Dresses,Black,Summer,2012.0,Casual,French Connection Black Dress
59984,Women,Apparel,Dress,Dresses,Purple,Fall,2012.0,Party,Avirate Women Purple Dress
8486,Women,Apparel,Dress,Dresses,Blue,Fall,2011.0,Casual,Forever New Women Butterbean Blue Dress
42217,Women,Apparel,Dress,Dresses,Black,Summer,2012.0,Party,Sepia Women Black Dress
18895,Women,Apparel,Dress,Dresses,Grey,Fall,2011.0,Casual,Arrow Woman Lida Grey Dress
48469,Women,Apparel,Dress,Dresses,Black,Summer,2012.0,Casual,French Connection Black Dress
58002,Women,Apparel,Dress,Dresses,Green,Fall,2012.0,Casual,Latin Quarters Women Green Printed Dress
6893,Women,Apparel,Dress,Dresses,Black,Summer,2011.0,Casual,Forever New Women Straps Black Dress
54973,Women,Apparel,Dress,Dresses,Off White,Summer,2012.0,Casual,Femella Women Off White Dress
59897,Women,Apparel,Dress,Dresses,Yellow,Fall,2012.0,Casual,Femella Women Yellow Dress
40405,Women,Apparel,Dress,Dresses,Black,Summer,2012.0,Casual,Tonga Women Black Dress
39232,Women,Apparel,Dress,Dresses,Blue,Summer,2012.0,Casual,Femella Women Blue Polka Bow Dress Dress
43637,Women,Apparel,Dress,Dresses,Pink,Summer,2012.0,Casual,Vero Moda Women Pink Dress
43652,Women,Apparel,Dress,Dresses,Pink,Summer,2012.0,Casual,ONLY Women Pink Dress
25908,Women,Apparel,Dress,Dresses,Red,Summer,2012.0,Casual,Femella Women Red Dress
38846,Women,Apparel,Dress,Dresses,Brown,Summer,2012.0,Casual,Latin Quarters Women Brown Printed Dress
31129,Girls,Apparel,Dress,Dresses,Magenta,Summer,2012.0,Casual,Giny and Jony Girls Printed White & Pink Dress
54972,Women,Apparel,Dress,Dresses,Green,Fall,2012.0,Casual,Femella Women Green & Black Dress
57044,Women,Apparel,Dress,Dresses,Black,Summer,2012.0,Party,Elle Women Black Dress
58003,Women,Apparel,Dress,Dresses,Blue,Fall,2012.0,Casual,Latin Quarters Women Blue Dress
59896,Women,Apparel,Dress,Dresses,Multi,Fall,2012.0,Casual,Femella Women Multi Coloured Dress
39234,Women,Apparel,Dress,Dresses,White,Summer,2012.0,Casual,Femella Women White Panel Princess Dress
34592,Women,Apparel,Dress,Dresses,Black,Summer,2012.0,Casual,Tonga Women Printed Black Dress
37266,Girls,Apparel,Dress,Dresses,Navy Blue,Summer,2012.0,Casual,United Colors of Benetton Girls Printed Navy Blue Dress
44682,Women,Apparel,Dress,Dresses,Blue,Summer,2012.0,Casual,Wills Lifestyle Women Blue Dress
49646,Women,Apparel,Dress,Dresses,Navy Blue,Summer,2012.0,Casual,Mineral Navy Blue Printed Dress
47661,Women,Apparel,Dress,Dresses,White,Summer,2012.0,Casual,Femella Women White Heart Print Dress
42216,Women,Apparel,Dress,Dresses,Black,Fall,2012.0,Casual,Sepia Women Black Dress
43633,Women,Apparel,Dress,Dresses,Red,Summer,2012.0,Casual,Vero Moda Women Coral Coloured Dress
43515,Women,Apparel,Dress,Dresses,Blue,Summer,2012.0,Casual,French Connection Women Blue Dress
52130,Girls,Apparel,Dress,Dresses,Blue,Summer,2012.0,Casual,Doodle Girls Blue Printed Dress
43681,Women,Apparel,Dress,Dresses,Blue,Summer,2012.0,Casual,French Connection Women Printed Blue Dress
34566,Women,Apparel,Dress,Dresses,Blue,Summer,2012.0,Casual,Tonga Women Printed Blue Dress
34095,Girls,Apparel,Dress,Dresses,Off White,Summer,2012.0,Casual,Doodle Girls Printed Multi Coloured Dress
57058,Women,Apparel,Dress,Dresses,White,Summer,2012.0,Casual,Elle Women Multi Coloured Dress
31127,Girls,Apparel,Dress,Dresses,Black,Summer,2012.0,Casual,Gini and Jony Girls Black Dress
59974,Women,Apparel,Dress,Dresses,Black,Fall,2012.0,Casual,Avirate Black & White Dress
34473,Women,Apparel,Dress,Dresses,Navy Blue,Summer,2012.0,Casual,Van Heusen Woman Navy Blue Dress
59975,Women,Apparel,Dress,Dresses,Black,Fall,2012.0,Casual,Avirate Black & Purple Dress
59996,Women,Apparel,Dress,Dresses,Purple,Summer,2014.0,Casual,Avirate Black & Purple Dress
18735,Women,Apparel,Dress,Dresses,Purple,Fall,2011.0,Casual,Arrow Woman Rima Purple Dress
41140,Women,Apparel,Dress,Dresses,White,Summer,2012.0,Casual,Allen Solly Woman White Dress
40430,Women,Apparel,Dress,Dresses,Grey,Summer,2012.0,Casual,Tonga Women Grey Dress
37929,Women,Apparel,Dress,Dresses,Pink,Summer,2012.0,Casual,Mineral Women Pink Dress
59990,Women,Apparel,Dress,Dresses,Pink,Fall,2012.0,Casual,Avirate Pink Dress
57049,Women,Apparel,Dress,Dresses,Black,Summer,2012.0,Casual,Elle Women Black A-Line Dress
6870,Women,Apparel,Dress,Dresses,Pink,Summer,2011.0,Casual,Forever New Women's Pink Dress
43625,Women,Apparel,Dress,Dresses,Black,Summer,2012.0,Casual,Vero Moda Women Black Printed Shift Dress
41571,Women,Apparel,Dress,Dresses,Red,Summer,2012.0,Casual,AND Women Red Dress
59972,Women,Apparel,Dress,Dresses,Black,Fall,2012.0,Party,Avirate Black Dress
7306,Women,Apparel,Dress,Dresses,White,Summer,2011.0,Casual,UCB Women's Sleeveless Off White Dress
51465,Women,Apparel,Dress,Dresses,Teal,Summer,2012.0,Casual,Tonga Women Teal Dress
59969,Women,Apparel,Dress,Dresses,Black,Fall,2012.0,Casual,Avirate Black Dress
59795,Women,Apparel,Dress,Dresses,Blue,Fall,2012.0,Casual,United Colors of Benetton Women Blue Dress
25503,Girls,Apparel,Dress,Dresses,Black,Fall,2011.0,Casual,Doodle Kids Girls Polka Dot Black Dress
26927,Women,Apparel,Dress,Dresses,Black,Summer,2012.0,Casual,Jealous 21 Women Black Dress
34015,Girls,Apparel,Dress,Dresses,Magenta,Summer,2012.0,Casual,Gini and Jony Girls Pink Dress
34586,Women,Apparel,Dress,Dresses,Black,Summer,2012.0,Casual,Tonga Women Printed Black Dress
57999,Women,Apparel,Dress,Dresses,Brown,Fall,2012.0,Casual,Latin Quarters Women Brown Dress
57048,Women,Apparel,Dress,Dresses,Black,Summer,2012.0,Casual,Elle Women Blue & Black Dress
51457,Women,Apparel,Dress,Dresses,Black,Summer,2012.0,Casual,Tonga Women Black Dress
39235,Women,Apparel,Dress,Dresses,Brown,Summer,2012.0,Casual,Femella Women Peach Crepe Front Zipper Dress Dress
42731,Women,Footwear,Shoes,Flats,Black,Winter,2012.0,Casual,Rocia Women Black Sandals
49577,Women,Footwear,Shoes,Flats,Pink,Winter,2015.0,Casual,Catwalk Women Pink Shoes
57014,Women,Footwear,Shoes,Flats,Multi,Winter,2012.0,Casual,HM Women Multicoloured Heels
47450,Women,Footwear,Shoes,Flats,Black,Summer,2012.0,Casual,Tiptopp Women Black Sandals
19033,Women,Footwear,Shoes,Flats,Tan,Winter,2015.0,Casual,Catwalk Women Mary Jane Tan Casual Shoes
56982,Women,Footwear,Shoes,Flats,Black,Winter,2012.0,Casual,HM Women Black Sandals
13174,Women,Footwear,Shoes,Flats,Black,Winter,2015.0,Casual,Skechers Women Ever Lasting Black Sandals
6912,Women,Footwear,Shoes,Flats,Black,Fall,2012.0,Casual,Timberland Women Nekkol Convertable Black Sports Sandals
42705,Women,Footwear,Shoes,Flats,Brown,Winter,2012.0,Casual,Rocia Women Brown Sandals
59040,Women,Footwear,Shoes,Flats,Red,Winter,2012.0,Casual,Carlton London Women Red Flats
45409,Women,Footwear,Shoes,Flats,Black,Winter,2012.0,Casual,Rocia Women Black & Brown Sandals
59019,Women,Footwear,Shoes,Flats,Black,Winter,2012.0,Casual,Carlton London Women Black Flats
49594,Women,Footwear,Shoes,Flats,Black,Winter,2015.0,Casual,Catwalk Women Black Flats
20777,Women,Footwear,Shoes,Flats,Gold,Fall,2011.0,Casual,Carlton London Women Classy Gold Sandals
42700,Women,Footwear,Shoes,Flats,Bronze,Spring,2013.0,Casual,Rocia Women Bronze Sandal
47602,Women,Footwear,Shoes,Flats,Brown,Winter,2012.0,Casual,Portia Women Yellow Flats
42695,Women,Footwear,Shoes,Flats,Gold,Winter,2014.0,Casual,Rocia Women Gold Sandals
13481,Women,Footwear,Shoes,Flats,Black,Fall,2011.0,Casual,Rocia Women Black Flats
56997,Women,Footwear,Shoes,Flats,Black,Winter,2012.0,Casual,HM Women Black Sandals
57006,Women,Footwear,Shoes,Flats,Gold,Winter,2012.0,Ethnic,HM Women Golden Sandals
47542,Women,Footwear,Shoes,Flats,Grey,Winter,2014.0,Casual,Portia Women Grey Flats
17000,Women,Footwear,Shoes,Flats,White,Winter,2012.0,Casual,Rocia Women White Heels
47561,Women,Footwear,Shoes,Flats,Beige,Winter,2012.0,Casual,Portia Women Beige Flats
56998,Women,Footwear,Shoes,Flats,White,Winter,2012.0,Casual,HM Women White Sandals
6391,Women,Footwear,Shoes,Flats,Grey,Summer,2011.0,Casual,Lotto Women Sofia Pink Black Floater
34074,Women,Footwear,Shoes,Flats,Silver,Fall,2012.0,Casual,Clarks Women Arizona Heat Leather Silver Shoes
47587,Women,Footwear,Shoes,Flats,Brown,Winter,2012.0,Ethnic,Portia Women Gold Flats
45424,Women,Footwear,Shoes,Flats,White,Winter,2012.0,Casual,Rocia Women White Sandals
18549,Women,Footwear,Shoes,Flats,Purple,Winter,2015.0,Casual,Catwalk Women  Purple Casual Shoes
47619,Women,Footwear,Shoes,Flats,Red,Fall,2014.0,Casual,Portia Women Yellow & Red Flats
53127,Women,Footwear,Shoes,Flats,Blue,Winter,2015.0,Casual,Catwalk Women Blue Casual Shoes
42730,Women,Footwear,Shoes,Flats,Gold,Winter,2012.0,Casual,Rocia Women Golden Sandals
26181,Women,Footwear,Shoes,Flats,Silver,Spring,2013.0,Casual,Rocia Women Silver Casual Sandals
42727,Women,Footwear,Shoes,Flats,Black,Winter,2012.0,Casual,Rocia Women Black & Beige Sandals
2618,Women,Footwear,Shoes,Flats,Silver,Spring,2010.0,Casual,Carlton London Women Silver Wedge Sandal
57012,Women,Footwear,Shoes,Flats,Maroon,Winter,2012.0,Casual,HM Women Maroon Flats
45395,Women,Footwear,Shoes,Flats,Black,Winter,2012.0,Casual,Rocia Women Black & Red Sandals
57011,Women,Footwear,Shoes,Flats,Green,Winter,2012.0,Casual,HM Women Green Flats
26185,Women,Footwear,Shoes,Flats,Brown,Winter,2012.0,Casual,Rocia Women Brown Casual Sandals
50174,Women,Footwear,Shoes,Flats,Purple,Winter,2012.0,Casual,Rocia Women Multi- Coloured Shoes
53453,Women,Footwear,Shoes,Flats,Grey,Winter,2015.0,Casual,Catwalk Women Grey Casual Shoes
47475,Women,Footwear,Shoes,Flats,Black,Summer,2012.0,Casual,Tiptopp Women Black Flats
47529,Women,Footwear,Shoes,Flats,Gold,Winter,2012.0,Casual,Portia Women Navy & Gold-Toned Sandals
47582,Women,Footwear,Shoes,Flats,Brown,Winter,2012.0,Ethnic,Portia Women Blue Flats
13640,Women,Footwear,Shoes,Flats,Purple,Winter,2012.0,Casual,Carlton London Women Purple Flat Shoes
18541,Women,Footwear,Shoes,Flats,Red,Winter,2015.0,Casual,Catwalk Women  Red Casual Shoe
59051,Women,Footwear,Shoes,Flats,Black,Winter,2012.0,Casual,Carlton London Women Black & Gold Toned Flats
53137,Women,Footwear,Shoes,Flats,Brown,Winter,2015.0,Casual,Catwalk Women Brown Sandals
22256,Women,Footwear,Shoes,Flats,Red,Fall,2011.0,Casual,Inc. 5 Women Casual Red Sandals
35784,Women,Footwear,Shoes,Flats,Black,Summer,2012.0,Casual,Enroute Women Black Shoes
45382,Women,Footwear,Shoes,Flats,Black,Winter,2012.0,Casual,Rocia Women Black Sandals
51245,Women,Footwear,Shoes,Flats,Purple,Winter,2013.0,Casual,Clarks Women Purple & Brown Surf Legend Sandals
45796,Women,Footwear,Shoes,Flats,Green,Fall,2012.0,Casual,Senorita Women Green Sandals
42724,Women,Footwear,Shoes,Flats,Brown,Winter,2012.0,Casual,Rocia Women Brown Sandals
5647,Women,Footwear,Shoes,Flats,Black,Summer,2011.0,Casual,ADIDAS Women's Ballerino Black Ballerinas
13473,Women,Footwear,Shoes,Flats,White,Winter,2012.0,Casual,Rocia Women White Heels
51763,Women,Footwear,Shoes,Flats,Blue,Winter,2015.0,Casual,Catwalk Women Blue Flats
43367,Women,Footwear,Shoes,Flats,Black,Summer,2012.0,Casual,Reebok Women Black Casual Shoes
37238,Women,Footwear,Shoes,Flats,Blue,Summer,2012.0,Casual,United Colors of Benetton Women Blue Sandals
45378,Women,Footwear,Shoes,Flats,Black,Summer,2012.0,Casual,Rocia Women Black Sandals
47545,Women,Footwear,Shoes,Flats,Maroon,Winter,2012.0,Casual,Portia Women Maroon & Silver Flats
46076,Women,Footwear,Shoes,Flats,Black,Summer,2012.0,Casual,ADIDAS Women Black Libria Sandals
56964,Women,Footwear,Shoes,Flats,Black,Winter,2012.0,Casual,HM Women Black Sandals
19901,Women,Footwear,Shoes,Flats,Red,Fall,2011.0,Casual,Lotto Women Virtue Red Sandal
59388,Women,Footwear,Shoes,Flats,Black,Summer,2012.0,Casual,Gliders Women Black Sandals
35785,Women,Footwear,Shoes,Flats,Orange,Summer,2012.0,Casual,Enroute Women Coral Shoes
2609,Women,Footwear,Shoes,Flats,Silver,Fall,2010.0,Casual,Carlton London Women Contemporary Silver Sandal
45408,Women,Footwear,Shoes,Flats,Beige,Winter,2012.0,Casual,Rocia Women Beige & Brown Sandals
45422,Women,Footwear,Shoes,Flats,Brown,Winter,2012.0,Casual,Rocia Women Brown Sandals
15488,Women,Footwear,Shoes,Flats,Tan,Winter,2012.0,Casual,Carlton London Women Tan Brown Boots
23799,Women,Footwear,Shoes,Flats,Black,Fall,2012.0,Casual,Clarks Women Black Arizona Ballerinas
21034,Women,Footwear,Shoes,Flats,Gold,Fall,2012.0,Casual,Clarks Women Arizona Sands2 Gold Shoe
43364,Women,Footwear,Shoes,Flats,Silver,Summer,2013.0,Casual,Reebok Women Silver Coloured Casual Shoes
6825,Women,Footwear,Shoes,Flats,Grey,Fall,2012.0,Casual,Timberland Women Nekkol Grey Sports Sandals
26680,Women,Footwear,Shoes,Flats,Black,Summer,2012.0,Casual,Puma Women Cross Black Flats
2625,Women,Footwear,Shoes,Flats,Gold,Fall,2009.0,Casual,Carlton London Women Wedge Gold Sandal
59436,Women,Footwear,Shoes,Flats,White,Winter,2012.0,Casual,Grendha Women White & Brown Flats
14376,Women,Footwear,Shoes,Flats,Black,Winter,2015.0,Casual,Catwalk Women Black Ballerinas
3576,Women,Footwear,Shoes,Flats,Grey,Summer,2011.0,Casual,ADIDAS Women Grey Sports Sandal
59022,Women,Footwear,Shoes,Flats,Brown,Winter,2012.0,Casual,Carlton London Women Beige Flats
13546,Women,Footwear,Shoes,Flats,Gold,Spring,2013.0,Casual,Carlton London Women Gold Toned Flats
32848,Women,Footwear,Shoes,Flats,Pink,Winter,2012.0,Casual,Grendha Women Romance Pink Flats
26174,Women,Footwear,Shoes,Flats,Brown,Winter,2012.0,Casual,Rocia Women Brown Casual Sandals
56929,Women,Footwear,Shoes,Flats,White,Winter,2012.0,Casual,HM Women White Sandals
13558,Women,Footwear,Shoes,Flats,Navy Blue,Winter,2012.0,Casual,Carlton London Women Navy Blue Flat Shoes
56993,Women,Footwear,Shoes,Flats,Brown,Winter,2012.0,Casual,HM Women Brown Shoes
41686,Women,Footwear,Shoes,Flats,Black,Winter,2015.0,Casual,Catwalk Women Black Flats
18551,Women,Footwear,Shoes,Flats,Brown,Winter,2015.0,Casual,Catwalk Women  Brown Casual Shoe
37962,Women,Footwear,Shoes,Flats,Beige,Fall,2012.0,Casual,Clarks Women Beige & Brown Leather Ballerinas
45403,Women,Footwear,Shoes,Flats,Black,Winter,2012.0,Casual,Rocia Women Black & Brown Sandals
57007,Women,Footwear,Shoes,Flats,Silver,Winter,2012.0,Ethnic,HM Women Silver Sandals
26173,Women,Footwear,Shoes,Flats,Black,Winter,2012.0,Casual,Rocia Women Black Casual Sandals
19030,Women,Footwear,Shoes,Flats,Black,Winter,2015.0,Casual,Catwalk Women Black Shoes
3841,Women,Footwear,Shoes,Flats,White,Summer,2011.0,Casual,Crocs Women Lady Oyster Flats
25016,Women,Footwear,Shoes,Flats,Beige,Fall,2011.0,Casual,United Colors of Benetton Women Beige Ballerinas
47448,Women,Footwear,Shoes,Flats,Brown,Summer,2012.0,Casual,Tiptopp Women Brown Sandals
44463,Women,Footwear,Shoes,Flats,Pink,Summer,2012.0,Casual,Senorita Women Cherry Red Sandals
45385,Women,Footwear,Shoes,Flats,Bronze,Winter,2012.0,Casual,Rocia Women Bronze Sandals
54107,Women,Footwear,Shoes,Flats,Black,Winter,2012.0,Casual,Rocia Women White Sandals
27074,Women,Footwear,Shoes,Flats,Blue,Winter,2015.0,Casual,Catwalk Women Blue Casual Flats
17013,Women,Footwear,Shoes,Flats,Gold,Winter,2012.0,Casual,Rocia Women Gold Toned Flats
10270,Women,Footwear,Shoes,Flats,Silver,Fall,2012.0,Casual,Clarks Women Shona Fringe Leather Silver Flats
45400,Women,Footwear,Shoes,Flats,Maroon,Winter,2012.0,Casual,Rocia Women Maroon Sandals
32845,Women,Footwear,Shoes,Flats,Black,Winter,2012.0,Casual,Grendha Women Jola Cigana Black Sandals
19031,Women,Footwear,Shoes,Flats,Beige,Winter,2015.0,Casual,Catwalk Women Beige Shoes
47565,Women,Footwear,Shoes,Flats,Black,Winter,2012.0,Casual,Portia Women Black Flats
45405,Women,Footwear,Shoes,Flats,Bronze,Winter,2012.0,Casual,Rocia Women Bronze Sandals
24076,Women,Footwear,Shoes,Flats,Orange,Winter,2015.0,Casual,Catwalk Women Orange Casual Shoes
29234,Women,Footwear,Shoes,Flats,White,Summer,2012.0,Casual,Puma Women White Misty Flats
20765,Women,Footwear,Shoes,Flats,Silver,Fall,2011.0,Casual,Carlton London Women Classy Silver Sandals
32836,Women,Footwear,Shoes,Flats,Pink,Winter,2012.0,Casual,Grendha Women Flori Pink Sandals
56979,Women,Footwear,Shoes,Flats,Blue,Winter,2012.0,Casual,HM Women Blue Sandals
45388,Women,Footwear,Shoes,Flats,Bronze,Winter,2012.0,Casual,Rocia Women Bronze Flats
47599,Women,Footwear,Shoes,Flats,Brown,Winter,2012.0,Casual,Portia Women Black Flats
47544,Women,Footwear,Shoes,Flats,Black,Winter,2012.0,Casual,Portia Women Black Flats
17023,Women,Footwear,Shoes,Flats,Black,Winter,2012.0,Casual,Rocia Women Casual Black Sandal
59037,Women,Footwear,Shoes,Flats,Green,Winter,2012.0,Casual,Carlton London Women Green Flats
26184,Women,Footwear,Shoes,Flats,Brown,Winter,2012.0,Casual,Rocia Women Brown Casual Sandals
33537,Women,Footwear,Shoes,Flats,Brown,Summer,2016.0,Casual,Cobblerz Women Brown Ballerinas
2628,Women,Footwear,Shoes,Flats,Gold,Fall,2010.0,Casual,Carlton London Women Four Strapped Gold Sandal
47541,Women,Footwear,Shoes,Flats,Silver,Winter,2012.0,Casual,Portia Women Sliver & Black Sandals
42718,Women,Footwear,Shoes,Flats,Brown,Winter,2012.0,Casual,Rocia Women Brown Sandals
45789,Women,Footwear,Shoes,Flats,Maroon,Summer,2012.0,Casual,Senorita Women Maroon Sandals
37972,Women,Footwear,Shoes,Flats,Black,Fall,2012.0,Casual,Clarks Women Henderson Fun Leather Black Shoes
26177,Women,Footwear,Shoes,Flats,Silver,Winter,2012.0,Casual,Rocia Women Silver Casual Sandals
34076,Women,Footwear,Shoes,Flats,White,Fall,2012.0,Casual,Clarks Women White Leather Ballerinas
57008,Women,Footwear,Shoes,Flats,Blue,Winter,2012.0,Casual,HM Women Blue Sandals
39190,Women,Footwear,Shoes,Flats,Blue,Winter,2015.0,Casual,Catwalk Women Green & Blue Sandals
58488,Women,Footwear,Shoes,Flats,Black,Fall,2012.0,Casual,Senorita Women Black Heels
42701,Women,Footwear,Shoes,Flats,Silver,Winter,2012.0,Casual,Rocia Women Silver Sandals
17021,Women,Footwear,Shoes,Flats,Black,Winter,2012.0,Casual,Rocia Women Casual Black Sandal
20771,Women,Footwear,Shoes,Flats,Silver,Fall,2011.0,Casual,Carlton London Women Funky Silver Sandals
42693,Women,Footwear,Shoes,Flats,Black,Winter,2012.0,Casual,Rocia Women Black & Silver Sandals
16996,Women,Footwear,Shoes,Flats,Brown,Winter,2012.0,Casual,Rocia Women Casual Brown Flats
45399,Women,Footwear,Shoes,Flats,Yellow,Winter,2012.0,Casual,Rocia Women Yellow Sandals
17018,Women,Footwear,Shoes,Flats,Yellow,Winter,2012.0,Casual,Rocia Women Casual yellow Sandal
42697,Women,Footwear,Shoes,Flats,Gold,Winter,2012.0,Casual,Rocia Women Gold Sandals
50175,Women,Footwear,Shoes,Flats,Black,Winter,2012.0,Casual,Rocia Women Black & Brown Flats
30695,Women,Footwear,Shoes,Flats,Bronze,Winter,2012.0,Casual,Catwalk Women Bronze toned Sandals
53134,Women,Footwear,Shoes,Flats,Brown,Winter,2015.0,Casual,Catwalk Women Brown & Olive Green Flats
43882,Women,Footwear,Shoes,Flats,White,Summer,2010.0,Casual,Puma Women El Rey Slipon Stripes Wns White Flats
10621,Women,Footwear,Shoes,Flats,Silver,Spring,2013.0,Casual,Carlton London Women Silver Solid Open Toe
45419,Women,Footwear,Shoes,Flats,Black,Winter,2012.0,Casual,Rocia Women Black & Brown Sandals
56994,Women,Footwear,Shoes,Flats,Orange,Winter,2012.0,Casual,HM Women Orange Sandals
13015,Women,Footwear,Shoes,Flats,Maroon,Fall,2011.0,Casual,Inc 5 Women Casual Maroon Sandals
16998,Women,Footwear,Shoes,Flats,Beige,Winter,2012.0,Casual,Rocia Women Beige Flats
11511,Women,Footwear,Shoes,Flats,Gold,Winter,2015.0,Casual,Catwalk Women Lifestyle Gold Toned Ballerinas
47583,Women,Footwear,Shoes,Flats,Gold,Winter,2012.0,Ethnic,Portia Women Gold Flats
45806,Women,Footwear,Shoes,Flats,Brown,Summer,2012.0,Casual,Senorita Women Brown Sandals
13542,Women,Footwear,Shoes,Flats,Brown,Fall,2011.0,Casual,Carlton London Women Casual Brown Sandals
13042,Women,Footwear,Shoes,Flats,Brown,Winter,2012.0,Casual,Inc 5 Women Brown Heels
13554,Women,Footwear,Shoes,Flats,Pink,Fall,2011.0,Casual,Carlton London Women Casual Pink Sandals
43366,Women,Footwear,Shoes,Flats,Navy Blue,Summer,2012.0,Casual,Reebok Women Navy Blue Casual Shoes
2616,Women,Footwear,Shoes,Flats,Gold,Fall,2010.0,Sports,Carlton London Women Gold Wedge Sandal
47586,Women,Footwear,Shoes,Flats,Brown,Winter,2012.0,Ethnic,Portia Women Blue Flats
20772,Women,Footwear,Shoes,Flats,Black,Summer,2011.0,Casual,Carlton London Women Classy Black Sandals
47530,Women,Footwear,Shoes,Flats,Copper,Winter,2012.0,Casual,Portia Women Copper-Toned & Brown Sandals
42691,Women,Footwear,Shoes,Flats,Black,Winter,2012.0,Casual,Rocia Women Black Sandals
53455,Women,Footwear,Shoes,Flats,Red,Winter,2015.0,Casual,Catwalk Women Red Casual Shoes
13474,Women,Footwear,Shoes,Flats,Gold,Fall,2011.0,Casual,Rocia Women Gold Toned Flats
56992,Women,Footwear,Shoes,Flats,Black,Winter,2012.0,Casual,HM Women Black Shoes
23796,Women,Footwear,Shoes,Flats,Black,Summer,2011.0,Casual,Clarks Women Black Leather Ballerinas
56983,Women,Footwear,Shoes,Flats,Blue,Winter,2012.0,Casual,HM Women Blue Sandals
13475,Women,Footwear,Shoes,Flats,Brown,Winter,2014.0,Casual,Rocia Women Brown Flats
45411,Women,Footwear,Shoes,Flats,Black,Winter,2012.0,Casual,Rocia Women Black Sandals
46096,Women,Footwear,Shoes,Flats,Black,Summer,2012.0,Casual,ADIDAS Women Black Tessalia Sandals
50172,Women,Footwear,Shoes,Flats,Green,Winter,2012.0,Casual,Rocia Women Multi- Coloured Shoes
2627,Women,Footwear,Shoes,Flats,Silver,Fall,2010.0,Casual,Carlton London Women Wedge Silver Sandal
23833,Women,Footwear,Shoes,Flats,Silver,Fall,2011.0,Casual,Puma Women Silver Gladiator Sandals
13704,Women,Footwear,Shoes,Flats,Beige,Fall,2011.0,Casual,Clarks Women Prize Club Beige Wedges
47538,Women,Footwear,Shoes,Flats,Maroon,Winter,2012.0,Casual,Portia Women Maroon Flats
45799,Women,Footwear,Shoes,Flats,Copper,Fall,2012.0,Casual,Senorita Women Copper Sandals
42692,Women,Footwear,Shoes,Flats,Grey,Winter,2012.0,Casual,Rocia Women Grey & Blue Sandals
34520,Women,Footwear,Shoes,Flats,Purple,Summer,2012.0,Casual,ADIDAS Women Ballerina Purple Shoes
20776,Women,Footwear,Shoes,Flats,Black,Fall,2011.0,Casual,Carlton London Women Classy Black Sandals
18552,Women,Footwear,Shoes,Flats,Black,Winter,2015.0,Casual,Catwalk Women Black Shoe
45387,Women,Footwear,Shoes,Flats,Black,Winter,2012.0,Casual,Rocia Women Black Flats
42699,Women,Footwear,Shoes,Flats,Silver,Winter,2012.0,Casual,Rocia Women Silver Sandals
57003,Women,Footwear,Shoes,Flats,Black,Winter,2012.0,Casual,HM Women Black Sandals
47629,Women,Footwear,Shoes,Flats,Black,Winter,2012.0,Casual,Carlton London Women Black Shoes
57000,Women,Footwear,Shoes,Flats,White,Winter,2012.0,Casual,HM Women White Sandals
17005,Women,Footwear,Shoes,Flats,Black,Winter,2012.0,Casual,Rocia Women Black Heels
57001,Women,Footwear,Shoes,Flats,Black,Winter,2012.0,Casual,HM Women Black Sandals
2612,Women,Footwear,Shoes,Flats,Black,Fall,2010.0,Casual,Carlton London Women Crystal Black Sandal
17008,Women,Footwear,Shoes,Flats,Black,Winter,2012.0,Casual,Rocia Women Black Flats
42717,Women,Footwear,Shoes,Flats,Black,Winter,2012.0,Casual,Rocia Women Black Sandals
35800,Women,Footwear,Shoes,Flats,Brown,Summer,2012.0,Casual,Enroute Women Brown Shoes
19032,Women,Footwear,Shoes,Flats,Beige,Winter,2015.0,Casual,Catwalk Women Beige Spectator Shoes
2632,Women,Footwear,Shoes,Flats,Pink,Fall,2010.0,Casual,Carlton London Women Pink Ballerinas Shoe
42729,Women,Footwear,Shoes,Flats,Red,Winter,2012.0,Casual,Rocia Women Red & Black Sandals
17007,Women,Footwear,Shoes,Flats,White,Winter,2012.0,Casual,Rocia Women White Flats
51751,Women,Footwear,Shoes,Flats,Blue,Winter,2015.0,Casual,Catwalk Women Blue Shoes
47452,Women,Footwear,Shoes,Flats,Black,Summer,2012.0,Casual,Tiptopp Women Black Sandals
45404,Women,Footwear,Shoes,Flats,Black,Winter,2012.0,Casual,Rocia Women Black & Brown Sandals
45383,Women,Footwear,Shoes,Flats,Brown,Winter,2012.0,Casual,Rocia Women Brown & Gold Sandals
3136,Women,Footwear,Shoes,Flats,Black,Winter,2015.0,Casual,Catwalk Women Black Flats
42728,Women,Footwear,Shoes,Flats,Black,Winter,2012.0,Casual,Rocia Women Black Sandals
56967,Women,Footwear,Shoes,Flats,Brown,Winter,2012.0,Casual,HM Women Brown Sandals
44470,Women,Footwear,Shoes,Flats,Silver,Summer,2012.0,Casual,Senorita Women Green & Silver Colored Sandals
17737,Women,Footwear,Shoes,Flats,Black,Fall,2011.0,Casual,Puma Women Body Train Black Slipper
47588,Women,Footwear,Shoes,Flats,Brown,Winter,2012.0,Ethnic,Portia Women Silver Flats
20783,Women,Footwear,Shoes,Flats,Beige,Summer,2011.0,Casual,Carlton London  Women Casual Beige Sandals
14457,Women,Footwear,Shoes,Flats,Black,Summer,2012.0,Casual,Enroute Women Black Ballerinas
57002,Women,Footwear,Shoes,Flats,Gold,Winter,2012.0,Casual,HM Women Golden Sandals
18564,Women,Footwear,Shoes,Flats,Teal,Winter,2015.0,Casual,Catwalk Women Casual Teal Sandal
54104,Women,Footwear,Shoes,Flats,Brown,Winter,2012.0,Casual,Rocia Women Brown Flats
47584,Women,Footwear,Shoes,Flats,Brown,Winter,2012.0,Casual,Portia Women Silver Flats
3842,Women,Footwear,Shoes,Flats,Pink,Summer,2011.0,Casual,Crocs Women Lady Bubblegum Pink Sandal
2630,Women,Footwear,Shoes,Flats,Red,Fall,2010.0,Casual,Carlton London Women Four Strapped Red Sandal
13550,Women,Footwear,Shoes,Flats,Tan,Fall,2011.0,Casual,Carlton London Women Casual Tan Sandals
50176,Women,Footwear,Shoes,Flats,Brown,Winter,2016.0,Casual,Rocia Women Brown Flats
45785,Women,Footwear,Shoes,Flats,Black,Summer,2012.0,Casual,Senorita Women Black Sandals
20773,Women,Footwear,Shoes,Flats,Red,Summer,2011.0,Casual,Carlton London Women Classy Red Sandals
2613,Women,Footwear,Shoes,Flats,Silver,Fall,2010.0,Casual,Carlton London Women Crystal Silver Sandal
42688,Women,Footwear,Shoes,Flats,Black,Winter,2012.0,Casual,Rocia Women Black Sandals
47446,Women,Footwear,Shoes,Flats,Black,Summer,2012.0,Casual,Tiptopp Women Black Sandals
20759,Women,Footwear,Shoes,Flats,Brown,Fall,2011.0,Casual,Carlton London Women Casual Brown Sandals
42801,Women,Footwear,Shoes,Flats,Teal,Winter,2012.0,Casual,Rocia Women Teal Heels
4658,Women,Footwear,Shoes,Flats,Grey,Summer,2011.0,Casual,ADIDAS Women Libria Grey & Blue Flats
12719,Women,Footwear,Shoes,Flats,Green,Fall,2011.0,Casual,Nike Women Butterfly Thong Green Flip Flops
45394,Women,Footwear,Shoes,Flats,Black,Winter,2012.0,Casual,Rocia Women Black Sandals
43363,Women,Footwear,Shoes,Flats,White,Summer,2013.0,Casual,Reebok Women White Casual Shoes
43950,Women,Footwear,Shoes,Flats,Beige,Winter,2015.0,Casual,Catwalk Women Beige Shoes
10280,Women,Footwear,Shoes,Flats,Black,Fall,2012.0,Casual,Clarks Women Prize Club Leather Black Wedges
22254,Women,Footwear,Shoes,Flats,Black,Fall,2011.0,Casual,Inc. 5 Women Casual Black Sandals
42738,Women,Footwear,Shoes,Flats,Gold,Winter,2012.0,Casual,Rocia Women Gold Toned Wedges
41467,Women,Footwear,Shoes,Flats,Brown,Spring,2013.0,Casual,Carlton London Women Brown Solid Suede Ballerinas
55648,Women,Footwear,Shoes,Flats,Blue,Winter,2015.0,Casual,Catwalk Women Blue Flats
17012,Women,Footwear,Shoes,Flats,Brown,Winter,2012.0,Casual,Rocia Women Brown Heels
13480,Women,Footwear,Shoes,Flats,Black,Spring,2013.0,Casual,Rocia Women Black Flats
20778,Women,Footwear,Shoes,Flats,Silver,Fall,2011.0,Casual,Carlton London Women Classy Silver Sandals
23795,Women,Footwear,Shoes,Flats,Black,Fall,2012.0,Casual,Clarks Women Black Cocoa Creme Shoes
47528,Women,Footwear,Shoes,Flats,Gold,Winter,2012.0,Casual,Portia Women Black & Gold-Toned Sandals
34452,Women,Footwear,Shoes,Flats,Copper,Winter,2012.0,Casual,Rocia Women Copper Sandals
45389,Women,Footwear,Shoes,Flats,Grey,Winter,2012.0,Casual,Rocia Women Grey Flats
56996,Women,Footwear,Shoes,Flats,Yellow,Winter,2012.0,Casual,HM Women Yellow Sandals
42708,Women,Footwear,Shoes,Flats,Brown,Winter,2012.0,Casual,Rocia Women Brown Sandal
56980,Women,Footwear,Shoes,Flats,Magenta,Winter,2012.0,Casual,HM Women Magenta Sandals
20763,Women,Footwear,Shoes,Flats,Black,Fall,2011.0,Casual,Carlton London Women Classy Black Sandals
39902,Women,Footwear,Shoes,Flats,Sea Green,Summer,2012.0,Casual,ADIDAS Women Sea Green Sandals
19048,Women,Footwear,Shoes,Flats,Brown,Winter,2015.0,Casual,Catwalk Women Closed Brown Sandals
56404,Women,Footwear,Shoes,Flats,White,Winter,2012.0,Casual,Rocia Women White & Silver Sandals
20271,Women,Footwear,Shoes,Flats,Black,Winter,2015.0,Casual,Catwalk Women Black Shoe
13045,Women,Footwear,Shoes,Flats,Maroon,Winter,2012.0,Casual,Inc 5 Women Casual Maroon Sandals
42725,Women,Footwear,Shoes,Flats,Black,Winter,2012.0,Casual,Rocia Women Black Sandals
6390,Women,Footwear,Shoes,Flats,Beige,Summer,2011.0,Casual,Lotto Women Sofia Purple Black Floater
4631,Women,Footwear,Shoes,Flats,Pink,Summer,2011.0,Casual,ADIDAS Women Libria  Pink Flats
16994,Women,Footwear,Shoes,Flats,Black,Winter,2012.0,Casual,Rocia Women Casual Black Heels
11495,Women,Footwear,Shoes,Flats,Grey,Winter,2015.0,Casual,Catwalk Women Gun Metal Grey Ballerinas
47600,Women,Footwear,Shoes,Flats,Brown,Winter,2012.0,Casual,Portia Women Maroon Flats
9041,Men,Footwear,Shoes,Formal Shoes,Black,Winter,2011.0,Formal,Buckaroo Men Moles Black Formal Shoes
4284,Men,Footwear,Shoes,Formal Shoes,Black,Summer,2011.0,Formal,Rockport Men Arratoon Black Shoe
30260,Men,Footwear,Shoes,Formal Shoes,Black,Winter,2018.0,Casual,Red Tape Men Black Shoes
9702,Men,Footwear,Shoes,Formal Shoes,Brown,Fall,2011.0,Formal,Hush Puppies Men Chevelle Brown Formal Shoes
7230,Men,Footwear,Shoes,Formal Shoes,Brown,Fall,2011.0,Formal,Rockport Men's Myrics Mid Brown Shoe
17822,Men,Footwear,Shoes,Formal Shoes,Black,Fall,2011.0,Formal,Lee Cooper Men  Black Formal Shoe
22126,Men,Footwear,Shoes,Formal Shoes,Brown,Fall,2011.0,Formal,Provogue Men Brown Formal Shoes
45587,Men,Footwear,Shoes,Formal Shoes,Brown,Summer,2013.0,Formal,Arrow Men Brown Formal Shoes
11873,Men,Footwear,Shoes,Formal Shoes,Black,Summer,2011.0,Formal,Franco Leone Men Formal Black Formal Shoes
44429,Men,Footwear,Shoes,Formal Shoes,Black,Summer,2013.0,Formal,Gliders Men Black Formal Shoes
50419,Men,Footwear,Shoes,Formal Shoes,Brown,Summer,2012.0,Formal,U.S. Polo Assn. Men Brown Derby Formal Shoes
2637,Men,Footwear,Shoes,Formal Shoes,Black,Winter,2012.0,Formal,Carlton London Men's Semi Formal Black Shoe
23802,Men,Footwear,Shoes,Formal Shoes,Black,Summer,2013.0,Formal,Clarks Men Black Leather Formal Shoes
34536,Men,Footwear,Shoes,Formal Shoes,Brown,Winter,2018.0,Formal,Red Tape Men Brown Shoes
7236,Men,Footwear,Shoes,Formal Shoes,Black,Fall,2011.0,Formal,Rockport Men's Ragosta Black Shoe
33336,Men,Footwear,Shoes,Formal Shoes,Black,Summer,2012.0,Formal,Homme Men Black Formal Shoes
7235,Men,Footwear,Shoes,Formal Shoes,Brown,Fall,2011.0,Formal,Rockport Men's Ragosta Brown Shoe
40690,Men,Footwear,Shoes,Formal Shoes,Black,Summer,2012.0,Formal,Numero Uno Men Black Formal Shoes
35397,Men,Footwear,Shoes,Formal Shoes,Black,Summer,2012.0,Formal,Stens by Enroute Men Black Formal Shoes
11899,Men,Footwear,Shoes,Formal Shoes,Maroon,Fall,2011.0,Formal,Franco Leone Men Formal Maroon Formal Shoes
16155,Men,Footwear,Shoes,Formal Shoes,Brown,Fall,2011.0,Formal,Enroute Men Leather Brown Formal Shoes
59435,Men,Footwear,Shoes,Formal Shoes,Black,Summer,2012.0,Formal,Arrow Men Black Formal Shoes
2825,Men,Footwear,Shoes,Formal Shoes,Black,Summer,2012.0,Formal,Lee Cooper Men Leather Semi Formal Black Shoe
59175,Men,Footwear,Shoes,Formal Shoes,Brown,Fall,2012.0,Formal,Fortune Men Brown Formal Shoes
22139,Men,Footwear,Shoes,Formal Shoes,Black,Summer,2011.0,Formal,Provogue Men Black Formal Shoes
45616,Men,Footwear,Shoes,Formal Shoes,Black,Summer,2012.0,Formal,Arrow Men Black Formal Shoes
2378,Men,Footwear,Shoes,Formal Shoes,Black,Winter,2018.0,Formal,Red Tape Men's Brown Shoe
2824,Men,Footwear,Shoes,Formal Shoes,Black,Summer,2012.0,Formal,Lee Cooper Men's Formal Leather Slip-On Black Shoe
6502,Men,Footwear,Shoes,Formal Shoes,Black,Winter,2018.0,Formal,Red Tape Men Black Formal Shoes
39256,Men,Footwear,Shoes,Formal Shoes,Brown,Winter,2018.0,Casual,Red Chief Men Brown Formal Shoes
45614,Men,Footwear,Shoes,Formal Shoes,Black,Summer,2013.0,Formal,Arrow Men Black Formal Shoes
22146,Men,Footwear,Shoes,Formal Shoes,Black,Summer,2011.0,Formal,Lee Cooper Men Black Formal Shoes
7218,Men,Footwear,Shoes,Formal Shoes,Brown,Fall,2011.0,Formal,Rockport Men's Carnforth Soft Brown Shoe
47279,Men,Footwear,Shoes,Formal Shoes,Brown,Summer,2013.0,Formal,Franco Leone Men Brown Formal Shoes
12871,Men,Footwear,Shoes,Formal Shoes,Black,Spring,2012.0,Formal,Lee Cooper Men Formal Black Shoes
18876,Men,Footwear,Shoes,Formal Shoes,Black,Summer,2011.0,Formal,Franco Leone Men Formal Black Shoes
16159,Men,Footwear,Shoes,Formal Shoes,Brown,Fall,2011.0,Formal,Enroute Men Leather Brown Formal Shoes
11901,Men,Footwear,Shoes,Formal Shoes,Maroon,Fall,2011.0,Formal,Franco Leone Men Formal Maroon Formal Shoes
35481,Men,Footwear,Shoes,Formal Shoes,Black,Summer,2012.0,Formal,Bata Men Black Mocassino Formal Shoes
9043,Men,Footwear,Shoes,Formal Shoes,Black,Winter,2011.0,Formal,Buckaroo Men Arena Black Formal Shoes
50752,Men,Footwear,Shoes,Formal Shoes,Black,Winter,2018.0,Formal,Red Chief Men Black Formal Shoes
35395,Men,Footwear,Shoes,Formal Shoes,Black,Summer,2012.0,Formal,Stens by Enroute Men Black Formal Shoes
11900,Men,Footwear,Shoes,Formal Shoes,Black,Summer,2012.0,Formal,Franco Leone Men Formal Black Formal Shoes
50278,Men,Footwear,Shoes,Formal Shoes,Brown,Summer,2012.0,Formal,Arrow Men Brown Formal Shoes
47189,Men,Footwear,Shoes,Formal Shoes,Black,Summer,2012.0,Formal,Franco Leone Men Black Formal Shoes
16150,Men,Footwear,Shoes,Formal Shoes,Brown,Fall,2011.0,Formal,Enroute Men Leather Brown Formal Shoes
11897,Men,Footwear,Shoes,Formal Shoes,Brown,Fall,2011.0,Formal,Franco Leone Men Formal Brown Formal Shoes
31693,Men,Footwear,Shoes,Formal Shoes,Brown,Summer,2012.0,Formal,Ganuchi Men Brown Shoes
9039,Men,Footwear,Shoes,Formal Shoes,Black,Winter,2011.0,Formal,Buckaroo Men Victor Black Formal Shoes
10146,Men,Footwear,Shoes,Formal Shoes,Black,Fall,2011.0,Formal,Rockport Men Drsp Moc Front Black Formal Shoes
45615,Men,Footwear,Shoes,Formal Shoes,Black,Summer,2013.0,Formal,Arrow Men Black Shoes
16154,Men,Footwear,Shoes,Formal Shoes,Black,Fall,2011.0,Formal,Enroute Men Leather Black Formal Shoes
23244,Men,Footwear,Shoes,Formal Shoes,Black,Fall,2011.0,Formal,Arrow Men Formal Black Shoes
33702,Men,Footwear,Shoes,Formal Shoes,Black,Winter,2012.0,Smart Casual,Cobblerz Men Black Semiformal Shoes
59172,Men,Footwear,Shoes,Formal Shoes,Brown,Fall,2012.0,Formal,Fortune Men Brown Formal Shoes
22142,Men,Footwear,Shoes,Formal Shoes,Brown,Fall,2011.0,Formal,Provogue Men Brown Formal Shoes
40449,Men,Footwear,Shoes,Formal Shoes,Brown,Winter,2018.0,Formal,Red Tape Men Brown Formal Shoes
7243,Men,Footwear,Shoes,Formal Shoes,Brown,Fall,2011.0,Formal,Rockport Men's Alfrew Brown Shoe
2367,Men,Footwear,Shoes,Formal Shoes,Brown,Winter,2018.0,Formal,Red Tape Men's Brown Semi Formal Shoe
57499,Men,Footwear,Shoes,Formal Shoes,Black,Summer,2012.0,Casual,Lee Cooper Men Black Formal Shoes
22154,Men,Footwear,Shoes,Formal Shoes,Black,Fall,2011.0,Formal,Lee Cooper Men Black Formal Shoes
5317,Men,Footwear,Shoes,Formal Shoes,Brown,Winter,2018.0,Formal,Red Tape Men's Slip On Brown Formal Shoe
7325,Men,Footwear,Shoes,Formal Shoes,Black,Winter,2018.0,Formal,Red Tape Men Formal Black Shoe
22156,Men,Footwear,Shoes,Formal Shoes,Black,Fall,2011.0,Formal,Lee Cooper Men Black Formal Shoes
45575,Men,Footwear,Shoes,Formal Shoes,Tan,Summer,2012.0,Formal,Arrow Men Tan Formal Shoes
22148,Men,Footwear,Shoes,Formal Shoes,Brown,Fall,2011.0,Formal,Lee Cooper Men Brown Formal Shoes
8960,Men,Footwear,Shoes,Formal Shoes,Black,Summer,2011.0,Formal,Provogue Men Night Black Shoe
55614,Men,Footwear,Shoes,Formal Shoes,Black,Summer,2012.0,Formal,Numero Uno Men Black Formal Shoes
28317,Men,Footwear,Shoes,Formal Shoes,Black,Winter,2018.0,Formal,Red Tape Men Black Formal Shoes
47190,Men,Footwear,Shoes,Formal Shoes,Brown,Summer,2012.0,Formal,Franco Leone Men Brown Shoes
12878,Men,Footwear,Shoes,Formal Shoes,Black,Fall,2012.0,Formal,Provogue Men Formal Black Formal Shoes
44416,Men,Footwear,Shoes,Formal Shoes,Black,Winter,2018.0,Formal,Red Tape Men Black Formal Shoes
32509,Men,Footwear,Shoes,Formal Shoes,Black,Summer,2012.0,Formal,Franco Leone Men Formal Black Formal Shoes
10302,Men,Footwear,Shoes,Formal Shoes,Brown,Spring,2012.0,Formal,Clarks Men Leather Brown Formal Shoes
39265,Men,Footwear,Shoes,Formal Shoes,Brown,Winter,2018.0,Formal,Red Chief Men Brown Formal Shoes
34077,Men,Footwear,Shoes,Formal Shoes,Black,Fall,2012.0,Formal,Clarks Men Black Leather Formal Shoes
47192,Men,Footwear,Shoes,Formal Shoes,Brown,Summer,2012.0,Formal,Franco Leone Men Brown Formal Shoes
9430,Men,Footwear,Shoes,Formal Shoes,Black,Fall,2011.0,Formal,Lee Cooper Men Nnado Black Formal Shoes
7242,Men,Footwear,Shoes,Formal Shoes,Black,Fall,2011.0,Formal,Rockport Men's Alfrew Black Shoe
33693,Men,Footwear,Shoes,Formal Shoes,Black,Winter,2012.0,Formal,Cobblerz Men Black Leather Semiformal Shoes
2381,Men,Footwear,Shoes,Formal Shoes,Brown,Winter,2018.0,Formal,Red Tape Men's Brown Formal Shoe
20816,Men,Footwear,Shoes,Formal Shoes,Black,Winter,2018.0,Formal,Red Tape Men Formal Black Shoes
11869,Men,Footwear,Shoes,Formal Shoes,Black,Summer,2013.0,Formal,Franco Leone Men Formal Black Formal Shoes
33340,Men,Footwear,Shoes,Formal Shoes,Black,Summer,2012.0,Formal,Homme Men Black Semi Formal Shoes
35233,Men,Footwear,Shoes,Formal Shoes,Black,Summer,2013.0,Casual,Fortune Men Black Formal Shoes
23245,Men,Footwear,Shoes,Formal Shoes,Coffee Brown,Fall,2011.0,Formal,Arrow Men Formal Coffee Brown Shoes
2382,Men,Footwear,Shoes,Formal Shoes,Black,Winter,2018.0,Formal,Red Tape Black Men Formal Shoe
55619,Men,Footwear,Shoes,Formal Shoes,Black,Summer,2012.0,Formal,Numero Uno Men Black Formal Shoes
22137,Men,Footwear,Shoes,Formal Shoes,Brown,Fall,2012.0,Formal,Provogue Men Brown Formal Shoes
9697,Men,Footwear,Shoes,Formal Shoes,Black,Fall,2011.0,Formal,Hush Puppies Men Jungle Black Formal Shoes
45574,Men,Footwear,Shoes,Formal Shoes,Black,Summer,2013.0,Formal,Arrow Men Black Formal Shoes
7326,Men,Footwear,Shoes,Formal Shoes,Brown,Winter,2018.0,Formal,Red Tape Men Dark Brown Formal Shoes
45622,Men,Footwear,Shoes,Formal Shoes,Black,Winter,2018.0,Casual,Red Tape Men Black Shoes
10637,Men,Footwear,Shoes,Formal Shoes,Black,Winter,2014.0,Formal,Carlton London Men Formal Black Formal Shoes
47227,Men,Footwear,Shoes,Formal Shoes,Black,Summer,2012.0,Formal,Franco Leone Men Black Formal Shoes
45589,Men,Footwear,Shoes,Formal Shoes,Brown,Summer,2012.0,Formal,Arrow Men Brown Formal Shoes
47648,Men,Footwear,Shoes,Formal Shoes,Brown,Winter,2012.0,Formal,Carlton London Men Brown Formal Shoes
47204,Men,Footwear,Shoes,Formal Shoes,Brown,Summer,2012.0,Formal,Franco Leone Men Brown Formal Shoes
55624,Men,Footwear,Shoes,Formal Shoes,Black,Summer,2012.0,Formal,Numero Uno Men Black Formal Shoes
57950,Men,Footwear,Shoes,Formal Shoes,Brown,Spring,2012.0,Formal,Clarks Men Brown Formal Shoes
7860,Men,Footwear,Shoes,Formal Shoes,Black,Summer,2011.0,Formal,Provogue Men's Formal Black Shoe
15050,Men,Footwear,Shoes,Formal Shoes,Black,Summer,2013.0,Formal,Franco Leone Men Black Formal Shoe
5316,Men,Footwear,Shoes,Formal Shoes,Brown,Winter,2018.0,Formal,Red Tape Men's Brown Formal Shoe
57516,Men,Footwear,Shoes,Formal Shoes,Mushroom Brown,Summer,2012.0,Formal,Provogue Men Brown Shoes
10151,Men,Footwear,Shoes,Formal Shoes,Black,Fall,2011.0,Formal,Rockport Men Drsp Slip On Black Formal Shoes
20836,Men,Footwear,Shoes,Formal Shoes,Brown,Fall,2011.0,Formal,Hush Puppies Men Formal Brown Shoes
12868,Men,Footwear,Shoes,Formal Shoes,Black,Spring,2012.0,Formal,Lee Cooper Men Formal Black Shoes
33695,Men,Footwear,Shoes,Formal Shoes,Black,Winter,2012.0,Smart Casual,Cobblerz Men Black Leather Semi-Formal Shoes
15359,Men,Footwear,Shoes,Formal Shoes,Black,Winter,2018.0,Formal,Red Tape Men Casual Black Casual Shoes
39214,Men,Footwear,Shoes,Formal Shoes,Black,Summer,2013.0,Formal,Franco Leone Men Black Formal Shoes
7232,Men,Footwear,Shoes,Formal Shoes,Brown,Fall,2011.0,Formal,Rockport Men's Aderner Friar Brown Shoe
12893,Men,Footwear,Shoes,Formal Shoes,Brown,Fall,2011.0,Formal,Hush Puppies Men Jungle Brown Formal Shoes
12512,Men,Footwear,Shoes,Formal Shoes,Black,Winter,2018.0,Formal,Red Tape Men Formal Black Formal Shoes
7392,Men,Footwear,Shoes,Formal Shoes,Brown,Winter,2018.0,Formal,Red Tape Men's Brown Semi Formal Shoe
35234,Men,Footwear,Shoes,Formal Shoes,Brown,Fall,2012.0,Formal,Fortune Men Brown Formal Shoes
55612,Men,Footwear,Shoes,Formal Shoes,Black,Summer,2012.0,Casual,Numero Uno Men Black Shoes
50726,Men,Footwear,Shoes,Formal Shoes,Brown,Winter,2018.0,Formal,Red Chief Men Brown Formal Shoes
7389,Men,Footwear,Shoes,Formal Shoes,Black,Winter,2018.0,Formal,Red Tape Men's Semi Formal Black Shoe
11921,Men,Footwear,Shoes,Formal Shoes,Brown,Winter,2015.0,Formal,Franco Leone Men Brown Leather Formal Shoes
7394,Men,Footwear,Shoes,Formal Shoes,Black,Winter,2018.0,Formal,Red Tape Men Black Formal Shoes
17481,Men,Footwear,Shoes,Formal Shoes,Black,Fall,2011.0,Formal,Enroute Men Formal Black Formal Shoe
47214,Men,Footwear,Shoes,Formal Shoes,Brown,Summer,2012.0,Formal,Franco Leone Men Brown  Formal Shoes
7244,Men,Footwear,Shoes,Formal Shoes,Black,Fall,2011.0,Formal,Rockport Men's Allander Black Shoe
11890,Men,Footwear,Shoes,Formal Shoes,Black,Summer,2013.0,Formal,Franco Leone Men Formal Black Formal Shoes
45592,Men,Footwear,Shoes,Formal Shoes,Tan,Summer,2013.0,Formal,Arrow Men Tan Formal Shoes
7385,Men,Footwear,Shoes,Formal Shoes,Black,Winter,2018.0,Formal,Red Tape Men Black Formal Shoes
35475,Men,Footwear,Shoes,Formal Shoes,Brown,Summer,2012.0,Formal,Bata Men Remo Brown Formal Shoes
41476,Men,Footwear,Shoes,Formal Shoes,Brown,Winter,2012.0,Formal,Carlton London Brown Formal Oxfords
45613,Men,Footwear,Shoes,Formal Shoes,Brown,Summer,2012.0,Formal,Arrow Men Brown Formal Shoes
11910,Men,Footwear,Shoes,Formal Shoes,Black,Summer,2012.0,Formal,Franco Leone Men Formal Black Formal Shoes
47193,Men,Footwear,Shoes,Formal Shoes,Brown,Summer,2012.0,Formal,Franco Leone Men Brown Formal Shoes
35476,Men,Footwear,Shoes,Formal Shoes,Black,Summer,2012.0,Formal,Bata Men Remo Black Formal Shoes
39212,Men,Footwear,Shoes,Formal Shoes,Black,Summer,2013.0,Formal,Franco Leone Men Black Formal Shoes
33703,Men,Footwear,Shoes,Formal Shoes,Brown,Winter,2012.0,Smart Casual,Cobblerz Men Brown Casual Shoes
47647,Men,Footwear,Shoes,Formal Shoes,Black,Winter,2012.0,Formal,Carlton London Men Black Formal Shoes
35419,Men,Footwear,Shoes,Formal Shoes,Brown,Summer,2012.0,Formal,Enroute Men Brown Formal Shoes
33709,Men,Footwear,Shoes,Formal Shoes,Brown,Winter,2012.0,Formal,Cobblerz Men Brown Semi-formal Shoes
39257,Men,Footwear,Shoes,Formal Shoes,Black,Winter,2018.0,Formal,Red Chief Men Black Formal Shoes
2639,Men,Footwear,Shoes,Formal Shoes,Brown,Fall,2010.0,Formal,Carlton London Men's Formal Brown Shoe
11896,Men,Footwear,Shoes,Formal Shoes,Black,Summer,2011.0,Formal,Franco Leone Men Formal Black Formal Shoes
10281,Men,Footwear,Shoes,Formal Shoes,Black,Fall,2012.0,Formal,Clarks Men Hang Spring Leather Black Formal Shoes
22128,Men,Footwear,Shoes,Formal Shoes,Black,Fall,2011.0,Formal,Provogue Men Black Formal Shoes
16171,Men,Footwear,Shoes,Formal Shoes,Black,Fall,2011.0,Formal,Enroute Men Leather Black Formal Shoes
22132,Men,Footwear,Shoes,Formal Shoes,Black,Fall,2011.0,Formal,Provogue Men Black Formal Shoes
18871,Men,Footwear,Shoes,Formal Shoes,Brown,Fall,2011.0,Formal,Franco Leone Men Formal Brown Shoes
7880,Men,Footwear,Shoes,Formal Shoes,Brown,Summer,2011.0,Formal,Provogue Men's Formal Brown Shoe
21059,Men,Footwear,Shoes,Formal Shoes,Black,Fall,2012.0,Formal,Clarks Men Extra Look Black Formal Shoe
45596,Men,Footwear,Shoes,Formal Shoes,Black,Summer,2012.0,Formal,Arrow Men Black Formal Shoes
4179,Men,Footwear,Shoes,Formal Shoes,Black,Summer,2011.0,Formal,Rockport Men's Tyson Black Shoe
35491,Men,Footwear,Shoes,Formal Shoes,Brown,Summer,2012.0,Formal,Bata Men Mocassino Brown Formal Shoes
45590,Men,Footwear,Shoes,Formal Shoes,Black,Summer,2013.0,Formal,Arrow Men Black Formal Shoes
7881,Men,Footwear,Shoes,Formal Shoes,Black,Summer,2011.0,Formal,Provogue Men's Formal Black Shoe
45604,Men,Footwear,Shoes,Formal Shoes,Brown,Summer,2012.0,Formal,Arrow Men Brown Formal Shoes
39213,Men,Footwear,Shoes,Formal Shoes,Black,Summer,2013.0,Formal,Franco Leone Men Black Formal Shoes
47207,Men,Footwear,Shoes,Formal Shoes,Brown,Summer,2012.0,Casual,Franco Leone Men Brown Shoes
24480,Men,Footwear,Shoes,Formal Shoes,Black,Winter,2018.0,Formal,Red Tape Men Black Formal Shoes
34532,Men,Footwear,Shoes,Formal Shoes,Black,Winter,2018.0,Formal,Red Tape Men Black Shoes
16160,Men,Footwear,Shoes,Formal Shoes,Black,Fall,2011.0,Formal,Enroute Men Leather Black Formal Shoes
6505,Men,Footwear,Shoes,Formal Shoes,Black,Winter,2018.0,Formal,Red Tape Men's Black Shoe
45601,Men,Footwear,Shoes,Formal Shoes,Black,Summer,2012.0,Formal,Arrow Men Black Formal Shoes
16188,Men,Footwear,Shoes,Formal Shoes,Black,Fall,2011.0,Formal,Enroute Men Leather Black Formal Shoes
16151,Men,Footwear,Shoes,Formal Shoes,Brown,Fall,2011.0,Formal,Enroute Men Leather Brown Formal Shoes
15065,Men,Footwear,Shoes,Formal Shoes,Brown,Summer,2012.0,Formal,Franco Leone Men Brown Formal Shoe
22131,Men,Footwear,Shoes,Formal Shoes,Black,Fall,2011.0,Formal,Provogue Men Black Formal Shoes
35483,Men,Footwear,Shoes,Formal Shoes,Black,Summer,2012.0,Formal,Hush Puppies Men Black Bounce IV Formal Shoes
16176,Men,Footwear,Shoes,Formal Shoes,Black,Fall,2011.0,Formal,Enroute Men Leather Black Formal Shoes
22125,Men,Footwear,Shoes,Formal Shoes,Black,Fall,2011.0,Formal,Provogue Men Black Formal Shoes
34535,Men,Footwear,Shoes,Formal Shoes,Brown,Winter,2018.0,Formal,Red Tape Men Brown Formal Shoes
11879,Men,Footwear,Shoes,Formal Shoes,Black,Summer,2013.0,Formal,Franco Leone Men Formal Black Formal Shoes
2379,Men,Footwear,Shoes,Formal Shoes,Black,Winter,2018.0,Formal,Red Tape Men's Black Formal Shoe
7874,Men,Footwear,Shoes,Formal Shoes,Tan,Summer,2010.0,Formal,Provogue Men's Formal Tan Shoe
21577,Men,Footwear,Shoes,Formal Shoes,Black,Winter,2018.0,Casual,Red Tape Men Black Leather Formal Shoes
22129,Men,Footwear,Shoes,Formal Shoes,Brown,Fall,2011.0,Formal,Provogue Men Brown Formal Shoes
21103,Men,Footwear,Shoes,Formal Shoes,Brown,Spring,2012.0,Formal,Clarks Men Brown Leather Penny Loafers
50746,Men,Footwear,Shoes,Formal Shoes,Black,Winter,2018.0,Formal,Red Chief Men Black Formal Shoes
35414,Men,Footwear,Shoes,Formal Shoes,Black,Summer,2013.0,Formal,Enroute Men Black Formal Shoes
35489,Men,Footwear,Shoes,Formal Shoes,Black,Summer,2012.0,Formal,Bata Men Remo Black Formal Shoes
4181,Men,Footwear,Shoes,Formal Shoes,Brown,Summer,2011.0,Smart Casual,Rockport Men Brown Leather Casual Shoes
32511,Men,Footwear,Shoes,Formal Shoes,Black,Summer,2012.0,Formal,Franco Leone Men Slip On Black Formal Shoes
50773,Men,Footwear,Shoes,Formal Shoes,Black,Summer,2016.0,Formal,Clarks Men Black Leather Formal Shoes
10145,Men,Footwear,Shoes,Formal Shoes,Brown,Fall,2011.0,Formal,Rockport Men Drsp Wingtip Brown Formal Shoes
33337,Men,Footwear,Shoes,Formal Shoes,Black,Summer,2012.0,Formal,Homme Men Black Formal Shoes
35477,Men,Footwear,Shoes,Formal Shoes,Black,Summer,2012.0,Formal,Bata Men Remo Black Formal Shoes
35492,Men,Footwear,Shoes,Formal Shoes,Black,Summer,2012.0,Formal,Bata Men Black Formal Shoes
12853,Men,Footwear,Shoes,Formal Shoes,Black,Fall,2012.0,Formal,Lee Cooper Men Formal Black Shoes
11887,Men,Footwear,Shoes,Formal Shoes,Black,Summer,2012.0,Formal,Franco Leone Men Formal Black Formal Shoes
22136,Men,Footwear,Shoes,Formal Shoes,Black,Fall,2012.0,Formal,Provouge Men Black Formal Shoes
13124,Men,Footwear,Shoes,Formal Shoes,Tan,Fall,2012.0,Formal,Lee Cooper Men Tan Formal Shoes
35416,Men,Footwear,Shoes,Formal Shoes,Black,Summer,2012.0,Formal,Enroute Men Black Formal Shoes
13123,Men,Footwear,Shoes,Formal Shoes,Brown,Fall,2012.0,Formal,Lee Cooper Men Brown Formal Shoes
35652,Men,Footwear,Shoes,Formal Shoes,Black,Summer,2012.0,Formal,U.S. Polo Assn. Men Black Formal Shoes
47213,Men,Footwear,Shoes,Formal Shoes,Black,Summer,2012.0,Formal,Franco Leone Men Black Formal Shoes
39264,Men,Footwear,Shoes,Formal Shoes,Black,Winter,2018.0,Formal,Red Chief Men Black Formal Shoes
40454,Men,Footwear,Shoes,Formal Shoes,Black,Winter,2018.0,Formal,Red Tape Men Black Formal Shoes
16161,Men,Footwear,Shoes,Formal Shoes,Black,Summer,2012.0,Formal,Enroute Men Leather Black Formal Shoes
39263,Men,Footwear,Shoes,Formal Shoes,Black,Winter,2018.0,Formal,Red Chief Men Black Formal Shoes
23253,Men,Footwear,Shoes,Formal Shoes,Black,Fall,2011.0,Formal,Arrow Men Formal Black Shoe
10285,Men,Footwear,Shoes,Formal Shoes,Black,Fall,2012.0,Formal,Clarks Men Goya Rates Leather Black Formal Shoes
11886,Men,Footwear,Shoes,Formal Shoes,Black,Summer,2011.0,Formal,Franco Leone Men Formal Black Formal Shoes
47191,Men,Footwear,Shoes,Formal Shoes,Black,Summer,2012.0,Formal,Franco Leone Men Black Formal Shoes
9700,Men,Footwear,Shoes,Formal Shoes,Brown,Fall,2011.0,Formal,Hush Puppies Men Falcon Brown Formal Shoes
45593,Men,Footwear,Shoes,Formal Shoes,Black,Summer,2013.0,Formal,Arrow Men Black Formal Shoes
59149,Men,Footwear,Shoes,Formal Shoes,Brown,Fall,2012.0,Formal,Fortune Men Brown Formal Shoes
59166,Men,Footwear,Shoes,Formal Shoes,Brown,Fall,2012.0,Formal,Fortune Men Brown Shoes
17761,Men,Footwear,Shoes,Formal Shoes,Brown,Winter,2011.0,Formal,Buckaroo Men Ortiz Brown Semi Formal Shoe
45576,Men,Footwear,Shoes,Formal Shoes,Black,Summer,2013.0,Formal,Arrow Men Black Formal Shoes
35231,Men,Footwear,Shoes,Formal Shoes,Black,Summer,2012.0,Formal,Fortune Men Black Formal Shoes
2826,Men,Footwear,Shoes,Formal Shoes,Brown,Summer,2012.0,Formal,Lee Cooper Men Leather Semi Formal Brown Shoe
9036,Men,Footwear,Shoes,Formal Shoes,Black,Winter,2011.0,Formal,Buckaroo Men Flores Black Formal Shoes
55622,Men,Footwear,Shoes,Formal Shoes,Brown,Summer,2012.0,Formal,Numero Uno Men Brown Formal Shoes
33342,Men,Footwear,Shoes,Formal Shoes,Black,Summer,2012.0,Casual,Homme Men Black Formal Shoes
12861,Men,Footwear,Shoes,Formal Shoes,Black,Spring,2012.0,Formal,Lee Cooper Men Formal Black Shoes
45606,Men,Footwear,Shoes,Formal Shoes,Brown,Summer,2012.0,Formal,Arrow Men Brown Formal Shoes
9814,Men,Footwear,Shoes,Formal Shoes,Black,Fall,2011.0,Formal,Hush Puppies Men Chevelle Black Formal Shoes
12875,Men,Footwear,Shoes,Formal Shoes,Black,Spring,2012.0,Formal,Provogue Men Formal Black Formal Shoes
30256,Men,Footwear,Shoes,Formal Shoes,Black,Winter,2018.0,Formal,Red Tape Men Black Semi Formal Shoes
35411,Men,Footwear,Shoes,Formal Shoes,Black,Summer,2012.0,Formal,Enroute Men Black Formal Shoes
35055,Men,Footwear,Shoes,Formal Shoes,Black,Summer,2012.0,Formal,Windsor Men Black Formal Shoes
33708,Men,Footwear,Shoes,Formal Shoes,Brown,Winter,2012.0,Formal,Cobblerz Men Brown Semiformal Shoes
15054,Men,Footwear,Shoes,Formal Shoes,Black,Summer,2013.0,Formal,Franco Leone Men Black Formal Shoe
34534,Men,Footwear,Shoes,Formal Shoes,Brown,Winter,2018.0,Formal,Red Tape Men Brown Shoes
6499,Men,Footwear,Shoes,Formal Shoes,Black,Winter,2018.0,Formal,Red Tape Men's Leather Black Formal Shoe
10274,Men,Footwear,Shoes,Formal Shoes,Black,Fall,2011.0,Formal,Clarks Men Dino Limit Leather Black Formal Shoes
9038,Men,Footwear,Shoes,Formal Shoes,Brown,Winter,2011.0,Formal,Buckaroo Men Medina Brown Formal Shoes
24628,Men,Footwear,Shoes,Formal Shoes,Black,Fall,2011.0,Formal,Arrow Men Black Formal Shoes
10638,Men,Footwear,Shoes,Formal Shoes,Brown,Fall,2011.0,Formal,Carlton London Men Formal Brown Formal Shoes
47646,Men,Footwear,Shoes,Formal Shoes,Brown,Winter,2012.0,Formal,Carlton London Men Brown Formal Shoes
22135,Men,Footwear,Shoes,Formal Shoes,Black,Fall,2011.0,Formal,Provogue Men Black Formal Shoes
16185,Men,Footwear,Shoes,Formal Shoes,Black,Fall,2011.0,Formal,Enroute Men Leather Black Formal Shoes
15506,Men,Footwear,Shoes,Formal Shoes,Black,Fall,2011.0,Formal,Rockport Men OC Plaintoe Black Formal Shoes
33692,Men,Footwear,Shoes,Formal Shoes,Brown,Winter,2012.0,Formal,Cobblerz Men Brown Leather Semiformal Shoes
9040,Men,Footwear,Shoes,Formal Shoes,Brown,Winter,2011.0,Formal,Buckaroo Men Victor Brown Formal Shoes
16170,Men,Footwear,Shoes,Formal Shoes,Tan,Fall,2011.0,Formal,Enroute Men Leather Tan Formal Shoes
9042,Men,Footwear,Shoes,Formal Shoes,Brown,Winter,2011.0,Formal,Buckaroo Men Moles Brown Formal Shoes
15056,Men,Footwear,Shoes,Formal Shoes,Black,Summer,2013.0,Formal,Franco Leone Men Black Formal Shoe
10128,Men,Footwear,Shoes,Formal Shoes,Black,Fall,2011.0,Formal,Rockport Men Drsp Wingtip Black Formal Shoes
2827,Men,Footwear,Shoes,Formal Shoes,Black,Winter,2015.0,Formal,Lee Cooper Men's Formal Simpleton Black Shoe
22147,Men,Footwear,Shoes,Formal Shoes,Black,Fall,2011.0,Formal,Lee Cooper Men Black Formal Shoes
33685,Men,Footwear,Shoes,Formal Shoes,Black,Summer,2012.0,Formal,Cobblerz Men Black Formal Shoes
12473,Men,Footwear,Shoes,Formal Shoes,Black,Summer,2013.0,Formal,Clarks Men Leather Black Formal Shoes
12514,Men,Footwear,Shoes,Formal Shoes,Brown,Winter,2018.0,Formal,Red Tape Men Formal Brown Formal Shoes
47203,Men,Footwear,Shoes,Formal Shoes,Brown,Summer,2012.0,Formal,Franco Leone Men Brown Formal Shoes
33351,Men,Footwear,Shoes,Formal Shoes,Black,Summer,2012.0,Formal,Homme Men Black Formal Shoes
10286,Men,Footwear,Shoes,Formal Shoes,Black,Fall,2012.0,Formal,Clarks Men Hang Tough Leather Black Formal Shoes
11875,Men,Footwear,Shoes,Formal Shoes,Brown,Summer,2013.0,Casual,Franco Leone Men Casual Brown Sandals
32518,Men,Footwear,Shoes,Formal Shoes,Black,Summer,2013.0,Formal,Franco Leone Men Black Formal Shoes
9562,Men,Footwear,Shoes,Formal Shoes,Brown,Summer,2011.0,Formal,Lee Cooper Men Jarrikan Brown Formal Shoes
33694,Men,Footwear,Shoes,Formal Shoes,Brown,Winter,2012.0,Smart Casual,Cobblerz Men Brown Leather Semi-Formal Shoes
2377,Men,Footwear,Shoes,Formal Shoes,Black,Winter,2018.0,Formal,Red Tape Black Men's Shoe
33700,Men,Footwear,Shoes,Formal Shoes,Black,Winter,2012.0,Formal,Cobblerz Men Black Formal Shoes
22502,Women,Footwear,Shoes,Heels,Blue,Winter,2015.0,Casual,Catwalk  Women Blue Casual Flats
39591,Women,Footwear,Shoes,Heels,Blue,Winter,2015.0,Casual,Catwalk Women Blue Wedges
32841,Women,Footwear,Shoes,Heels,Gold,Winter,2012.0,Casual,Grendha Women Jola Cigana Gold Flats
45362,Women,Footwear,Shoes,Heels,Olive,Summer,2016.0,Casual,Cobblerz Women Olive Green Sandals
54142,Women,Footwear,Shoes,Heels,Beige,Winter,2012.0,Casual,Rocia Women Beige Sandals
56961,Women,Footwear,Shoes,Heels,Black,Winter,2012.0,Casual,HM Women Black Flats
45375,Women,Footwear,Shoes,Heels,Grey,Summer,2016.0,Casual,Cobblerz Women Grey Sandals
33110,Women,Footwear,Shoes,Heels,Black,Winter,2015.0,Casual,Catwalk Women Black Peep Toes
49622,Women,Footwear,Shoes,Heels,Black,Winter,2015.0,Casual,Catwalk Women Black Flats
20275,Women,Footwear,Shoes,Heels,Multi,Winter,2015.0,Casual,Catwalk Women Casual Multi Flats
55644,Women,Footwear,Shoes,Heels,Black,Winter,2015.0,Casual,Catwalk Women Black Heels
41673,Women,Footwear,Shoes,Heels,Gold,Winter,2012.0,Casual,Catwalk Women Gold Heels
45343,Women,Footwear,Shoes,Heels,Multi,Summer,2016.0,Casual,Cobblerz Women Multicoloured Sandals
47637,Women,Footwear,Shoes,Heels,Yellow,Spring,2013.0,Casual,Carlton London Women Yellow Peep Toes
45331,Women,Footwear,Shoes,Heels,Blue,Summer,2016.0,Casual,Cobblerz Women Blue Heels
47455,Women,Footwear,Shoes,Heels,Purple,Summer,2012.0,Casual,Tiptopp Women Purple Flip-Flops
2900,Women,Footwear,Shoes,Heels,Silver,Winter,2015.0,Casual,Catwalk Women Wedding Collection Silver Heels
49618,Women,Footwear,Shoes,Heels,Black,Winter,2015.0,Casual,Catwalk Women Bronze Heels
14362,Women,Footwear,Shoes,Heels,Beige,Winter,2015.0,Casual,Catwalk Women Casual Beige Flats
3137,Women,Footwear,Shoes,Heels,Brown,Winter,2015.0,Ethnic,Catwalk Women Ethnic Leather Flat Brown Flats
34075,Women,Footwear,Shoes,Heels,White,Fall,2012.0,Formal,Clarks Women Henderson Toy Bone Leather White Flats
22295,Women,Footwear,Shoes,Heels,Black,Winter,2012.0,Casual,Inc. 5 Women Casual Black Flats
27079,Women,Footwear,Shoes,Heels,Black,Winter,2012.0,Casual,Catwalk Women Black Flats
2874,Women,Footwear,Shoes,Heels,Black,Winter,2015.0,Casual,Catwalk Women Black Heels
56995,Women,Footwear,Shoes,Heels,Purple,Winter,2012.0,Casual,HM Women Purple Wedges
22306,Women,Footwear,Shoes,Heels,Brown,Winter,2012.0,Casual,Inc. 5 Women Casual Brown Flats
56882,Women,Footwear,Shoes,Heels,Red,Winter,2012.0,Casual,HM Women Red Heels
41669,Women,Footwear,Shoes,Heels,Silver,Winter,2012.0,Casual,Catwalk Women Silver Heels
20757,Women,Footwear,Shoes,Heels,Brown,Winter,2012.0,Casual,Carlton London  Women Casual Brown Wedges
41712,Women,Footwear,Shoes,Heels,Teal,Winter,2012.0,Casual,Catwalk Women Teal Wedges
33105,Women,Footwear,Shoes,Heels,Black,Winter,2015.0,Casual,Catwalk Women Black Flats
43945,Women,Footwear,Shoes,Heels,Brown,Winter,2012.0,Casual,Catwalk Women Brown Heels
39715,Women,Footwear,Shoes,Heels,Brown,Spring,2013.0,Casual,Catwalk Women Brown Wedges
49596,Women,Footwear,Shoes,Heels,Gold,Winter,2015.0,Casual,Catwalk Women Gold Heels
45355,Women,Footwear,Shoes,Heels,Beige,Summer,2016.0,Casual,Cobblerz Women Beige Sandals
14478,Women,Footwear,Shoes,Heels,Red,Summer,2012.0,Casual,Enroute Women Casual Red Flats
19020,Women,Footwear,Shoes,Heels,Gold,Winter,2015.0,Casual,Catwalk Women Gold Strap Heels
18555,Women,Footwear,Shoes,Heels,Brown,Winter,2015.0,Casual,Catwalk Women Casual Brown Flats
56958,Women,Footwear,Shoes,Heels,Blue,Winter,2012.0,Casual,HM Women Blue Flats
59028,Women,Footwear,Shoes,Heels,Pink,Winter,2012.0,Casual,Carlton London Women Plum Heels
46607,Women,Footwear,Shoes,Heels,Silver,Winter,2012.0,Casual,Catwalk Women Silver Heels
43949,Women,Footwear,Shoes,Heels,Black,Winter,2012.0,Casual,Catwalk Women Black Heels
14354,Women,Footwear,Shoes,Heels,Brown,Winter,2015.0,Casual,Catwalk Women Casual Brown Flats
39584,Women,Footwear,Shoes,Heels,Black,Winter,2015.0,Casual,Catwalk Women Black Heels
45371,Women,Footwear,Shoes,Heels,Taupe,Summer,2016.0,Casual,Cobblerz Women Taupe Brown Sandals
47613,Women,Footwear,Shoes,Heels,Brown,Winter,2012.0,Casual,Portia Women Brown Heels
54109,Women,Footwear,Shoes,Heels,Beige,Winter,2012.0,Casual,Rocia Women Beige Flats
20754,Women,Footwear,Shoes,Heels,Black,Spring,2013.0,Casual,Carlton London Women Black Heels
55632,Women,Footwear,Shoes,Heels,Black,Winter,2015.0,Casual,Catwalk Women Black Flats
22307,Women,Footwear,Shoes,Heels,Beige,Winter,2012.0,Casual,Inc. 5 Women Casual Beige Flats
14440,Women,Footwear,Shoes,Heels,White,Summer,2012.0,Casual,Enroute Women Casual White Flats
49599,Women,Footwear,Shoes,Heels,Black,Winter,2015.0,Casual,Catwalk Women Black Heels
15564,Women,Footwear,Shoes,Heels,Blue,Winter,2015.0,Casual,Catwalk Women Casual Blue Flats
21047,Women,Footwear,Shoes,Heels,White,Fall,2011.0,Casual,Clarks Women Santa Cruz White Flats
56920,Women,Footwear,Shoes,Heels,Black,Winter,2012.0,Casual,HM Women Black Sandals
33518,Women,Footwear,Shoes,Heels,Blue,Summer,2016.0,Casual,Cobblerz Women Blue Peep Toes
39569,Women,Footwear,Shoes,Heels,Black,Winter,2015.0,Casual,Catwalk Women Black Flats
43933,Women,Footwear,Shoes,Heels,Black,Winter,2012.0,Casual,Catwalk Women Black Heels
56933,Women,Footwear,Shoes,Heels,Purple,Winter,2012.0,Casual,HM Women Purple Flats
46598,Women,Footwear,Shoes,Heels,Beige,Summer,2012.0,Casual,Catwalk Women Beige Heels
17673,Women,Footwear,Shoes,Heels,Black,Winter,2015.0,Casual,Catwalk Women Black Pumps
43953,Women,Footwear,Shoes,Heels,Purple,Winter,2012.0,Casual,Catwalk Women Purple Flats
10289,Women,Footwear,Shoes,Heels,Black,Fall,2012.0,Casual,Clarks Women Soma Silk Leather Black Heels
35815,Women,Footwear,Shoes,Heels,White,Summer,2012.0,Casual,Enroute Women White Heels
39563,Women,Footwear,Shoes,Heels,Gold,Winter,2015.0,Casual,Catwalk Women Gold Flats
14370,Women,Footwear,Shoes,Heels,Black,Winter,2015.0,Casual,Catwalk Women Casual Black Flats
32833,Women,Footwear,Shoes,Heels,Brown,Winter,2012.0,Casual,iPanema Women Kirey Brown Flats
39573,Women,Footwear,Shoes,Heels,Beige,Winter,2015.0,Casual,Catwalk Women Beige Flats
2895,Women,Footwear,Shoes,Heels,Blue,Winter,2015.0,Casual,Catwalk Women Heeled Black Silver Strap Heels
13047,Women,Footwear,Shoes,Heels,White,Winter,2012.0,Casual,Inc 5 Women Casual White Wedges
14441,Women,Footwear,Shoes,Heels,White,Summer,2012.0,Casual,Enroute Women Casual White Flats
47592,Women,Footwear,Shoes,Heels,White,Winter,2012.0,Casual,Portia Women White Flats
32856,Women,Footwear,Shoes,Heels,Purple,Winter,2012.0,Casual,Grendha Women Kall Ad Purple Flats
20279,Women,Footwear,Shoes,Heels,Beige,Winter,2015.0,Casual,Catwalk Women Casual Beige Heels
2887,Women,Footwear,Shoes,Heels,Beige,Winter,2015.0,Casual,Catwalk Women Black Ballerinas
46620,Women,Footwear,Shoes,Heels,Brown,Summer,2016.0,Casual,Catwalk Women Brown Sandals
32852,Women,Footwear,Shoes,Heels,White,Winter,2012.0,Casual,Grendha Women Ciaudia White Flats
22290,Women,Footwear,Shoes,Heels,Silver,Winter,2012.0,Casual,Inc. 5 Women Casual Silver Flats
45815,Women,Footwear,Shoes,Heels,Orange,Summer,2012.0,Casual,Senorita Women Orange Flats
26178,Women,Footwear,Shoes,Heels,Black,Winter,2012.0,Casual,Rocia Women Black Heels
33106,Women,Footwear,Shoes,Heels,Blue,Winter,2015.0,Casual,Catwalk Women Blue Flats
49600,Women,Footwear,Shoes,Heels,White,Winter,2015.0,Casual,Catwalk Women White Flats
41736,Women,Footwear,Shoes,Heels,Gold,Winter,2012.0,Casual,Catwalk Women Golden Heels
33092,Women,Footwear,Shoes,Heels,Gold,Winter,2015.0,Casual,Catwalk Women Gold Flats
39588,Women,Footwear,Shoes,Heels,Black,Winter,2015.0,Casual,Catwalk Women Black Wedges
46618,Women,Footwear,Shoes,Heels,Black,Winter,2012.0,Casual,Catwalk Women Black Sandals
33125,Women,Footwear,Shoes,Heels,Grey,Winter,2015.0,Casual,Catwalk Women Grey Stilettoes
59025,Women,Footwear,Shoes,Heels,Black,Winter,2012.0,Casual,Carlton London Women Black Pumps
17677,Women,Footwear,Shoes,Heels,Tan,Winter,2015.0,Casual,Catwalk Women Weaved Strap Tan Flats
17672,Women,Footwear,Shoes,Heels,Brown,Winter,2015.0,Casual,Catwalk Women Brown Pumps
15546,Women,Footwear,Shoes,Heels,Bronze,Winter,2015.0,Casual,Catwalk Women Casual Bronze Heels
54132,Women,Footwear,Shoes,Heels,Black,Winter,2012.0,Casual,Rocia Women Black Heels
56679,Women,Footwear,Shoes,Heels,Brown,Winter,2012.0,Casual,Portia Women Brown Sandals
47620,Women,Footwear,Shoes,Heels,Black,Fall,2014.0,Casual,Portia Women Black Flats
8172,Women,Footwear,Shoes,Heels,Blue,Winter,2015.0,Casual,Catwalk Women Slim Casual Beige Wedges
53147,Women,Footwear,Shoes,Heels,Bronze,Winter,2015.0,Casual,Catwalk Women Brown Wedges
22289,Women,Footwear,Shoes,Heels,Gold,Winter,2012.0,Casual,Inc. 5 Women Casual Golden Flats
41730,Women,Footwear,Shoes,Heels,White,Winter,2012.0,Casual,Catwalk Women White Heels
26179,Women,Footwear,Shoes,Heels,Gold,Winter,2012.0,Casual,Rocia Women Golden Heels
10299,Women,Footwear,Shoes,Heels,Black,Fall,2013.0,Casual,Clarks Women Black Leather Wedges
32847,Women,Footwear,Shoes,Heels,Beige,Winter,2012.0,Casual,Grendha Women Romance Beige Flats
22258,Women,Footwear,Shoes,Heels,Blue,Winter,2012.0,Casual,Inc. 5 Women Casual Blue Heels
47558,Women,Footwear,Shoes,Heels,Silver,Winter,2012.0,Casual,Portia Women Silver & Copper Flats
2901,Women,Footwear,Shoes,Heels,Black,Winter,2015.0,Formal,Catwalk Women Corporate Leather Black Heels
47579,Women,Footwear,Shoes,Heels,Black,Winter,2012.0,Casual,Portia Women Black & Brown Sandals
43929,Women,Footwear,Shoes,Heels,White,Spring,2013.0,Casual,Catwalk Women White Heeled Shoes
33109,Women,Footwear,Shoes,Heels,Pink,Winter,2015.0,Casual,Catwalk Women Pink Wedges
17655,Women,Footwear,Shoes,Heels,Black,Winter,2015.0,Casual,Catwalk Women Pumps Black Peep Toes
54136,Women,Footwear,Shoes,Heels,Silver,Winter,2012.0,Casual,Rocia Women Silver Flats
59054,Women,Footwear,Shoes,Heels,Silver,Winter,2012.0,Casual,Carlton London Women Silver Heels
41726,Women,Footwear,Shoes,Heels,Multi,Winter,2012.0,Casual,Catwalk Women Multi Colour Heels
11493,Women,Footwear,Shoes,Heels,Pink,Winter,2015.0,Casual,Catwalk Women Lifestyle Pink Wedges
39619,Women,Footwear,Shoes,Heels,Black,Winter,2015.0,Casual,Catwalk Women Black Heels
14368,Women,Footwear,Shoes,Heels,Black,Winter,2015.0,Casual,Catwalk Women Casual Black Flats
19029,Women,Footwear,Shoes,Heels,Black,Winter,2015.0,Casual,Catwalk Women Moccasin Black Heels
50146,Women,Footwear,Shoes,Heels,Red,Winter,2012.0,Casual,Rocia Women Red Heels
22264,Women,Footwear,Shoes,Heels,Gold,Winter,2012.0,Casual,Inc. 5 Women Casual Golden Flats
41703,Women,Footwear,Shoes,Heels,Teal,Winter,2012.0,Casual,Catwalk Women Teal Wedges
22268,Women,Footwear,Shoes,Heels,Black,Winter,2012.0,Casual,Inc. 5 Women Casual Black Wedges
14415,Women,Footwear,Shoes,Heels,Black,Summer,2012.0,Casual,Enroute Women Black Wedges
20280,Women,Footwear,Shoes,Heels,Green,Winter,2015.0,Casual,Catwalk Women Casual Green Flats
49619,Women,Footwear,Shoes,Heels,White,Winter,2015.0,Casual,Catwalk Women White Heels
56878,Women,Footwear,Shoes,Heels,Silver,Winter,2012.0,Casual,HM Women Silver Heels
33095,Women,Footwear,Shoes,Heels,Beige,Winter,2015.0,Casual,Catwalk Women Beige Flats
56952,Women,Footwear,Shoes,Heels,Brown,Winter,2012.0,Casual,HM Women Brown Heels
24084,Women,Footwear,Shoes,Heels,Bronze,Winter,2015.0,Casual,Catwalk Women Bronze Flats
56885,Women,Footwear,Shoes,Heels,Red,Winter,2012.0,Casual,HM Women Red Heels
47547,Women,Footwear,Shoes,Heels,Silver,Winter,2012.0,Casual,Portia Women Silver Flats
13025,Women,Footwear,Shoes,Heels,Maroon,Winter,2012.0,Casual,Inc 5 Women Casual Maroon Flats
39193,Women,Footwear,Shoes,Heels,Gold,Winter,2015.0,Casual,Catwalk Women Gold Flats
35807,Women,Footwear,Shoes,Heels,Pink,Summer,2012.0,Casual,Enroute Women Pink Flats
45800,Women,Footwear,Shoes,Heels,Copper,Summer,2012.0,Casual,Senorita Women Copper Flats
56908,Women,Footwear,Shoes,Heels,Blue,Winter,2012.0,Casual,HM Women Blue Heels
56914,Women,Footwear,Shoes,Heels,Black,Winter,2012.0,Casual,HM Women Black Heels
34457,Women,Footwear,Shoes,Heels,Beige,Winter,2012.0,Formal,Rocia Women Beige Wedges
33123,Women,Footwear,Shoes,Heels,Silver,Winter,2015.0,Casual,Catwalk Women Silver Heels
50153,Women,Footwear,Shoes,Heels,Black,Winter,2012.0,Casual,Rocia Women Black Heels
21030,Women,Footwear,Shoes,Heels,Red,Fall,2012.0,Casual,Clarks Women Balti Zing Red Heels
36614,Women,Footwear,Shoes,Heels,Multi,Winter,2015.0,Casual,Catwalk Women Multi-Coloured Heels
56932,Women,Footwear,Shoes,Heels,Metallic,Winter,2012.0,Casual,HM Women Metallic Flats
41688,Women,Footwear,Shoes,Heels,Black,Winter,2012.0,Casual,Catwalk Women Black Heels
41680,Women,Footwear,Shoes,Heels,Bronze,Winter,2012.0,Casual,Catwalk Women Bronze Heels
49580,Women,Footwear,Shoes,Heels,Gold,Winter,2015.0,Casual,Catwalk Women Golden Heels
45356,Women,Footwear,Shoes,Heels,Black,Summer,2016.0,Casual,Cobblerz Women Black Sandals
56864,Women,Footwear,Shoes,Heels,Gold,Winter,2012.0,Casual,HM Women Golden Heels
41676,Women,Footwear,Shoes,Heels,Black,Winter,2012.0,Casual,Catwalk Women Black Heels
33534,Women,Footwear,Shoes,Heels,Beige,Summer,2016.0,Casual,Cobblerz Women Beige Pumps
43927,Women,Footwear,Shoes,Heels,Gold,Winter,2012.0,Casual,Catwalk Women Gold Heels
45783,Women,Footwear,Shoes,Heels,Maroon,Summer,2012.0,Casual,Senorita Women Maroon Sandals
35794,Women,Footwear,Shoes,Heels,Black,Summer,2012.0,Casual,Enroute Women Black Wedges
20753,Women,Footwear,Shoes,Heels,Silver,Winter,2012.0,Casual,Carlton London  Women Classy Silver Stilettos
11510,Women,Footwear,Shoes,Heels,Beige,Winter,2015.0,Casual,Catwalk Women Lifestyle Beige Flats
13641,Women,Footwear,Shoes,Heels,Navy Blue,Winter,2012.0,Casual,Carlton London Women Casual Navy Flats
27077,Women,Footwear,Shoes,Heels,Blue,Winter,2015.0,Casual,Catwalk Women Blue Heels
53870,Women,Footwear,Shoes,Heels,Brown,Winter,2012.0,Casual,Rocia Women Brown Sandals
46591,Women,Footwear,Shoes,Heels,Black,Summer,2012.0,Casual,Catwalk Women Black Heels
13039,Women,Footwear,Shoes,Heels,White,Winter,2012.0,Casual,Inc 5 Women Casual White Flats
39597,Women,Footwear,Shoes,Heels,Bronze,Winter,2015.0,Casual,Catwalk Women Bronze Flats
33107,Women,Footwear,Shoes,Heels,Pink,Winter,2015.0,Casual,Catwalk Women Pink Flats
35821,Women,Footwear,Shoes,Heels,Black,Summer,2012.0,Casual,Enroute Women Black Heels
21734,Women,Footwear,Shoes,Heels,White,Winter,2015.0,Casual,Catwalk Women Casual White Heels
49606,Women,Footwear,Shoes,Heels,Silver,Winter,2015.0,Casual,Catwalk Women Metal Grey Heels
51760,Women,Footwear,Shoes,Heels,Grey,Winter,2015.0,Casual,Catwalk Women Grey Peep Toes
39568,Women,Footwear,Shoes,Heels,Silver,Winter,2015.0,Casual,Catwalk Women Silver Flats
32824,Women,Footwear,Shoes,Heels,Blue,Winter,2012.0,Casual,iPanema Women Blue Premium Flats
57299,Women,Footwear,Shoes,Heels,Black,Winter,2012.0,Casual,Rocia Women Black Flats
56949,Women,Footwear,Shoes,Heels,Black,Winter,2012.0,Casual,HM Women Black Sandals
36619,Women,Footwear,Shoes,Heels,Turquoise Blue,Winter,2015.0,Casual,Catwalk Women Turquoise Blue Flats
13273,Women,Footwear,Shoes,Heels,Gold,Winter,2012.0,Casual,Inc 5 Women Casual Gold Heels
33120,Women,Footwear,Shoes,Heels,Silver,Winter,2015.0,Casual,Catwalk Women Silver Heels
27078,Women,Footwear,Shoes,Heels,Black,Winter,2015.0,Casual,Catwalk Women Black Heels
2899,Women,Footwear,Shoes,Heels,Gold,Winter,2015.0,Casual,Catwalk Women Wedding Collection Gold Heels
2877,Women,Footwear,Shoes,Heels,Brown,Winter,2015.0,Casual,Catwalk Women Rose Mary Flats
30692,Women,Footwear,Shoes,Heels,Brown,Winter,2015.0,Casual,Catwalk Women Brown Heels
42749,Women,Footwear,Shoes,Heels,Black,Winter,2012.0,Casual,Rocia Women Black Heels
21042,Women,Footwear,Shoes,Heels,Black,Fall,2012.0,Casual,Clarks Women Aerial Flower Black Heels
39586,Women,Footwear,Shoes,Heels,Red,Winter,2015.0,Casual,Catwalk Women Red Flats
56940,Women,Footwear,Shoes,Heels,Brown,Winter,2012.0,Casual,HM Women Brown Flats
2611,Women,Footwear,Shoes,Heels,Gold,Winter,2012.0,Casual,Carlton London Women Stylish Gold Flats
46584,Women,Footwear,Shoes,Heels,White,Summer,2012.0,Casual,Catwalk Women White Sandals
44454,Women,Footwear,Shoes,Heels,Black,Summer,2012.0,Casual,Senorita Women Black Sandals
57857,Women,Footwear,Shoes,Heels,Brown,Winter,2015.0,Casual,Catwalk Women Brown Flats
45352,Women,Footwear,Shoes,Heels,Olive,Summer,2016.0,Casual,Cobblerz Women Olive Green Sandals
41709,Women,Footwear,Shoes,Heels,Black,Winter,2012.0,Casual,Catwalk Women Black Heels
47564,Women,Footwear,Shoes,Heels,Brown,Winter,2012.0,Casual,Portia Women Brown Sandals
30690,Women,Footwear,Shoes,Heels,Brown,Winter,2015.0,Casual,Catwalk Women Brown Flats
45370,Women,Footwear,Shoes,Heels,Brown,Summer,2016.0,Casual,Cobblerz Women Brown Sandals
10271,Women,Footwear,Shoes,Heels,Red,Fall,2012.0,Casual,Clarks Women Sona Silk Leather Red Heels
41704,Women,Footwear,Shoes,Heels,Brown,Winter,2012.0,Casual,Catwalk Women Brown Wedges
41739,Women,Footwear,Shoes,Heels,Silver,Winter,2012.0,Casual,Catwalk Women Silver Heels
14377,Women,Footwear,Shoes,Heels,Copper,Winter,2015.0,Casual,Catwalk Women Casual Copper Flats
20752,Women,Footwear,Shoes,Heels,Gold,Winter,2012.0,Casual,Carlton London Women Classy Gold Stilettos
59042,Women,Footwear,Shoes,Heels,Black,Winter,2012.0,Casual,Carlton London Women Black Heels
47621,Women,Footwear,Shoes,Heels,Yellow,Fall,2014.0,Casual,Portia Women Yellow Flats
27034,Women,Footwear,Shoes,Heels,Bronze,Winter,2015.0,Casual,Catwalk Women Bronze Heels
22304,Women,Footwear,Shoes,Heels,Beige,Winter,2012.0,Casual,Inc. 5 Women Casual Beige Heels
59050,Women,Footwear,Shoes,Heels,Red,Winter,2012.0,Casual,Carlton London Women Red & Black Heels
41668,Women,Footwear,Shoes,Heels,Silver,Winter,2012.0,Casual,Catwalk Women Silver Heels
11499,Women,Footwear,Shoes,Heels,Blue,Winter,2015.0,Casual,Catwalk Women Lifestyle Blue Flats
49597,Women,Footwear,Shoes,Heels,Brown,Winter,2015.0,Casual,Catwalk Women Brown Flats
19044,Women,Footwear,Shoes,Heels,Bronze,Winter,2015.0,Casual,Catwalk Women Bronze Flats
35808,Women,Footwear,Shoes,Heels,Cream,Summer,2012.0,Casual,Enroute Women Cream Flats
15700,Women,Footwear,Shoes,Heels,Pink,Winter,2015.0,Casual,Catwalk Women Casual Pink Flats
14361,Women,Footwear,Shoes,Heels,Black,Winter,2015.0,Casual,Catwalk Women Casual Black Heels
39560,Women,Footwear,Shoes,Heels,Blue,Winter,2015.0,Casual,Catwalk Women Blue Flats
56946,Women,Footwear,Shoes,Heels,Gold,Winter,2012.0,Casual,HM Women Golden Heels
32846,Women,Footwear,Shoes,Heels,Brown,Winter,2012.0,Casual,Grendha Women Jola Cigana Brown Flats
39609,Women,Footwear,Shoes,Heels,Brown,Winter,2015.0,Casual,Catwalk Women Brown Heels
33090,Women,Footwear,Shoes,Heels,Gold,Winter,2015.0,Casual,Catwalk Women Gold Flats
49588,Women,Footwear,Shoes,Heels,Black,Winter,2015.0,Casual,Catwalk Women Black Heels
41715,Women,Footwear,Shoes,Heels,Brown,Winter,2012.0,Casual,Catwalk Women Brown Wedges
20782,Women,Footwear,Shoes,Heels,Gold,Winter,2012.0,Casual,Carlton London Women Classy Gold Heels
14437,Women,Footwear,Shoes,Heels,Silver,Summer,2012.0,Casual,Enroute Women Silver Wedges
46588,Women,Footwear,Shoes,Heels,Gold,Winter,2012.0,Casual,Catwalk Women Golden Heels
49592,Women,Footwear,Shoes,Heels,Gold,Winter,2015.0,Casual,Catwalk Women Gold Heels
45333,Women,Footwear,Shoes,Heels,Green,Summer,2016.0,Casual,Cobblerz Women Green Sandals
20761,Women,Footwear,Shoes,Heels,Brown,Spring,2013.0,Casual,Carlton London Women Casual Bronze Wedges
39869,Women,Footwear,Shoes,Heels,Grey,Spring,2013.0,Casual,Catwalk Women Grey & Blue Flats
14419,Women,Footwear,Shoes,Heels,Gold,Summer,2012.0,Casual,Enroute Women Casual Gold Flats
21038,Women,Footwear,Shoes,Heels,Black,Fall,2012.0,Casual,Clarks Women Balti Zing Black Heels
56865,Women,Footwear,Shoes,Heels,Black,Winter,2012.0,Casual,HM Women Black Flats
17666,Women,Footwear,Shoes,Heels,Multi,Winter,2015.0,Casual,Catwalk Women Classic Multi Heels
14383,Women,Footwear,Shoes,Heels,Copper,Winter,2015.0,Casual,Catwalk Women Casual Copper Flats
20265,Women,Footwear,Shoes,Heels,Brown,Winter,2012.0,Casual,Catwalk Women Casual Brown Flats
56873,Women,Footwear,Shoes,Heels,Black,Winter,2012.0,Casual,HM Women Black Flats
50160,Women,Footwear,Shoes,Heels,Black,Winter,2014.0,Casual,Rocia Women Black Wedges
50156,Women,Footwear,Shoes,Heels,Gold,Winter,2012.0,Casual,Rocia Women Gold Toned Heels
14358,Women,Footwear,Shoes,Heels,Brown,Winter,2015.0,Casual,Catwalk Women Casual Brown Heels
56910,Women,Footwear,Shoes,Heels,Red,Winter,2012.0,Casual,HM Women Red Flats
56934,Women,Footwear,Shoes,Heels,Silver,Winter,2012.0,Casual,HM Women Silver Flats
37970,Women,Footwear,Shoes,Heels,Black,Fall,2012.0,Formal,Clarks Women Chart Leather Black Formal Shoes
49827,Women,Footwear,Shoes,Heels,Brown,Winter,2012.0,Casual,iPanema Women Gold Flats
45341,Women,Footwear,Shoes,Heels,Beige,Summer,2016.0,Casual,Cobblerz Women Beige & Green Sandals
47574,Women,Footwear,Shoes,Heels,White,Winter,2012.0,Casual,Portia Women White Wedges
49615,Women,Footwear,Shoes,Heels,Brown,Winter,2015.0,Casual,Catwalk Women Brown Heels
20899,Women,Footwear,Shoes,Heels,White,Winter,2015.0,Casual,Catwalk Women White Casual Flats
14425,Women,Footwear,Shoes,Heels,Tan,Summer,2012.0,Casual,Enroute Women Casual Tan Flats
14381,Women,Footwear,Shoes,Heels,Brown,Winter,2015.0,Casual,Catwalk Women Casual Brown Sandals
45376,Women,Footwear,Shoes,Heels,Brown,Summer,2016.0,Casual,Cobblerz Women Brown Sandals
35803,Women,Footwear,Shoes,Heels,Tan,Summer,2012.0,Casual,Enroute Women Tan Flats
56923,Women,Footwear,Shoes,Heels,Orange,Winter,2012.0,Casual,HM Women Orange Flats
41737,Women,Footwear,Shoes,Heels,Black,Winter,2012.0,Casual,Catwalk Women Black Heels
20281,Women,Footwear,Shoes,Heels,Pink,Winter,2015.0,Casual,Catwalk Women Casual Pink Flats
59034,Women,Footwear,Shoes,Heels,Bronze,Winter,2012.0,Casual,Carlton London Women Black Heels
56909,Women,Footwear,Shoes,Heels,Green,Winter,2012.0,Casual,HM Women Green Flats
19038,Women,Footwear,Shoes,Heels,Beige,Winter,2015.0,Casual,Catwalk Women Beige Heels
56872,Women,Footwear,Shoes,Heels,Red,Winter,2012.0,Casual,HM Women Red Sandals
14462,Women,Footwear,Shoes,Heels,Gold,Summer,2012.0,Casual,Enroute Women Casual Gold Peep Toes
14451,Women,Footwear,Shoes,Heels,Multi,Summer,2012.0,Casual,Enroute Women Casual Multi Flats
14433,Women,Footwear,Shoes,Heels,Brown,Summer,2012.0,Casual,Enroute Women Casual Brown Flats
33538,Women,Apparel,Bottomwear,Jeans,Black,Summer,2012.0,Casual,Wrangler Women Black Giselle Jeans
33308,Boys,Apparel,Bottomwear,Jeans,Black,Summer,2012.0,Casual,Gini and Jony Boys Solid Black Jeans
16518,Men,Apparel,Bottomwear,Jeans,Blue,Fall,2011.0,Casual,Locomotive Men Washed Blue Jeans
50948,Women,Apparel,Bottomwear,Jeans,Black,Winter,2011.0,Casual,Lee Women Black Jeans
5768,Women,Apparel,Bottomwear,Jeans,Blue,Summer,2011.0,Casual,Jealous 21 Women Dark Blue Jeggning
11331,Men,Apparel,Bottomwear,Jeans,Blue,Fall,2011.0,Casual,United Colors of Benetton Men Washed Blue Jeans
11520,Women,Apparel,Bottomwear,Jeans,Black,Fall,2011.0,Casual,United Colors of Benetton Women Denim Black Jeans
15671,Men,Apparel,Bottomwear,Jeans,Blue,Fall,2011.0,Casual,Highlander Men High Original Blue Jeans
44580,Men,Apparel,Bottomwear,Jeans,Black,Summer,2017.0,Casual,Lee Men Black Jet Jeans
11320,Men,Apparel,Bottomwear,Jeans,Grey,Fall,2011.0,Casual,United Colors of Benetton Men Washed Grey Jeans
26995,Women,Apparel,Bottomwear,Jeans,Blue,Summer,2012.0,Casual,Jealous 21 Women Washed Light Blue Jeans
51587,Women,Apparel,Bottomwear,Jeans,Navy Blue,Summer,2012.0,Casual,Wrangler Women Navy Blue Molly Jeans
14128,Women,Apparel,Bottomwear,Jeans,Blue,Fall,2011.0,Casual,Flying Machine Women Washed Blue Jeans
41010,Girls,Apparel,Bottomwear,Jeans,Navy Blue,Summer,2012.0,Casual,Gini and Jony Girls Woven Navy Blue Jeans
27022,Women,Apparel,Bottomwear,Jeans,Blue,Summer,2012.0,Casual,Jealous 21 Women Washed Blue Jeans
56852,Men,Apparel,Bottomwear,Jeans,Blue,Fall,2012.0,Casual,John Players Men Blue Jeans
12333,Women,Apparel,Bottomwear,Jeans,Blue,Fall,2011.0,Casual,Spykar Women Ep Jeans Blue Jeans
51595,Women,Apparel,Bottomwear,Jeans,Blue,Summer,2012.0,Casual,Wrangler Women Blue Molly Jeans
27926,Women,Apparel,Bottomwear,Jeans,Blue,Summer,2012.0,Casual,Scullers For Her Women Blue Jeans
41346,Men,Apparel,Bottomwear,Jeans,Navy Blue,Summer,2016.0,Casual,Wrangler Men Navy Blue Texas Jeans
7193,Women,Apparel,Bottomwear,Jeans,Black,Fall,2011.0,Casual,Jealous 21 Women Black Jegging
11304,Women,Apparel,Bottomwear,Jeans,Blue,Fall,2011.0,Casual,Wrangler Women Blue Custom Jeans
46894,Men,Apparel,Bottomwear,Jeans,Blue,Summer,2012.0,Casual,Locomotive Men Blue Jeans
31164,Boys,Apparel,Bottomwear,Jeans,Blue,Summer,2012.0,Casual,Gini and Jony Boys Blue Jeans
12331,Women,Apparel,Bottomwear,Jeans,Blue,Fall,2011.0,Casual,Spykar Women Ep Jeans Blue Jeans
27000,Women,Apparel,Bottomwear,Jeans,Blue,Summer,2012.0,Casual,Jealous 21 Women Washed Blue Jeans
27021,Women,Apparel,Bottomwear,Jeans,Blue,Summer,2012.0,Casual,Jealous 21 Women Blue Jeans
57075,Women,Apparel,Bottomwear,Jeans,Blue,Summer,2012.0,Casual,Elle Blue Jeans
28821,Men,Apparel,Bottomwear,Jeans,Navy Blue,Summer,2012.0,Casual,Denizen Men Navy Blue Jeans
18180,Boys,Apparel,Bottomwear,Jeans,Blue,Fall,2011.0,Casual,Doodle Boys-Boys Acid Wash Blue Jeans
11335,Men,Apparel,Bottomwear,Jeans,Blue,Fall,2011.0,Casual,United Colors of Benetton Men Washed Blue Jeans
11243,Women,Apparel,Bottomwear,Jeans,Blue,Fall,2011.0,Casual,Flying Machine Women Lowrise Blue Jeans
48386,Men,Apparel,Bottomwear,Jeans,Black,Summer,2012.0,Casual,French Connection Men Black Jeans
18487,Men,Apparel,Bottomwear,Jeans,Blue,Fall,2011.0,Casual,Puma Men Washed Blue Jeans
15673,Men,Apparel,Bottomwear,Jeans,Blue,Fall,2011.0,Casual,Highlander Men High Original Blue Jeans
40933,Boys,Apparel,Bottomwear,Jeans,Blue,Summer,2012.0,Casual,Gini and Jony Boys Rodeo Blue Jeans
14116,Men,Apparel,Bottomwear,Jeans,Blue,Fall,2011.0,Casual,Flying Machine Men Blue Jeans
16517,Men,Apparel,Bottomwear,Jeans,Blue,Fall,2011.0,Casual,Locomotive Men Washed Blue Jeans
11298,Men,Apparel,Bottomwear,Jeans,Blue,Fall,2011.0,Casual,Wrangler Men Blue Floyd Jeans
48500,Women,Apparel,Bottomwear,Jeans,Blue,Winter,2011.0,Casual,French Connection Women Blue Jeans
56845,Men,Apparel,Bottomwear,Jeans,Blue,Fall,2012.0,Casual,John Players Men Blue Regular Fit Jeans
44586,Men,Apparel,Bottomwear,Jeans,Blue,Summer,2017.0,Casual,Lee Men Tino Blue Jeans
9164,Men,Apparel,Bottomwear,Jeans,Blue,Fall,2011.0,Casual,Locomotive Men Cam Blue Jeans
7179,Women,Apparel,Bottomwear,Jeans,Blue,Fall,2011.0,Casual,Jealous 21 Women Blue Jegging
48387,Men,Apparel,Bottomwear,Jeans,Blue,Summer,2012.0,Casual,French Connection Men Blue Jeans
51364,Women,Apparel,Bottomwear,Jeans,Blue,Summer,2012.0,Casual,Spykar Women Blue Jeans
9163,Men,Apparel,Bottomwear,Jeans,Blue,Fall,2011.0,Casual,Locomotive Men Cael Blue Jeans
46905,Men,Apparel,Bottomwear,Jeans,Navy Blue,Summer,2012.0,Casual,Peter England Men Navy Blue Jeans
11323,Men,Apparel,Bottomwear,Jeans,Blue,Fall,2011.0,Casual,United Colors of Benetton Men Washed Blue Jeans
30410,Men,Apparel,Bottomwear,Jeans,Blue,Summer,2012.0,Casual,Deni Yo Men Slim Fit Washed Blue Jeans
40352,Women,Apparel,Bottomwear,Jeans,Navy Blue,Summer,2012.0,Casual,Tokyo Talkies Women Navy Blue Slim Fit Jeans
51471,Men,Apparel,Bottomwear,Jeans,Black,Summer,2012.0,Casual,Denizen Men Black Jeans
9189,Men,Apparel,Bottomwear,Jeans,Blue,Fall,2011.0,Casual,Spykar Men Style Essentials Spykar Jeans Rns Blue Jeans
11302,Women,Apparel,Bottomwear,Jeans,Blue,Fall,2011.0,Casual,Wrangler Women Blue Michelle Jeans
27006,Women,Apparel,Bottomwear,Jeans,Navy Blue,Summer,2012.0,Casual,Jealous 21 Women Washed Navy Blue Jeggings
11318,Women,Apparel,Bottomwear,Jeans,Black,Fall,2011.0,Casual,United Colors of Benetton Women Solid Black Jeans
11287,Men,Apparel,Bottomwear,Jeans,Blue,Summer,2016.0,Casual,Wrangler Men Blue Texas Jeans
52547,Women,Apparel,Bottomwear,Jeans,Blue,Summer,2012.0,Casual,Pepe Jeans Women Blue Jeans
36841,Women,Apparel,Bottomwear,Jeans,Navy Blue,Summer,2012.0,Casual,Spykar Women Renegade Navy Blue Jeans
51504,Women,Apparel,Bottomwear,Jeans,Blue,Summer,2012.0,Casual,Denizen Women Blue Jeans
21587,Men,Apparel,Bottomwear,Jeans,Blue,Fall,2011.0,Casual,Spykar Men Washed Blue Jeans
30102,Men,Apparel,Bottomwear,Jeans,Blue,Summer,2012.0,Casual,Flying Machine Men Blue Jeans
40928,Boys,Apparel,Bottomwear,Jeans,Blue,Summer,2012.0,Casual,Gini and Jony Boys Rodeo Blue Jeans
50951,Women,Apparel,Bottomwear,Jeans,Black,Winter,2011.0,Casual,Lee Women Black Jeans
51591,Women,Apparel,Bottomwear,Jeans,Navy Blue,Summer,2012.0,Casual,Wrangler Women Navy Blue Giselle Jeans
33283,Boys,Apparel,Bottomwear,Jeans,Black,Summer,2012.0,Casual,Gini and Jony Boys Black Jeans
37202,Girls,Apparel,Bottomwear,Jeans,Grey,Summer,2012.0,Casual,United Colors of Benetton Girls Washed Grey Jeans
37205,Men,Apparel,Bottomwear,Jeans,Blue,Summer,2012.0,Casual,United Colors of Benetton Men Washed Blue Jeans
27019,Women,Apparel,Bottomwear,Jeans,Blue,Summer,2012.0,Casual,Jealous 21 Women Washed Light Blue Jeans
48383,Men,Apparel,Bottomwear,Jeans,Black,Summer,2012.0,Casual,French Connection Men Black Jeans
37201,Girls,Apparel,Bottomwear,Jeans,Blue,Summer,2012.0,Casual,United Colors of Benetton Girls Washed Blue Jeans
51499,Women,Apparel,Bottomwear,Jeans,Blue,Summer,2012.0,Casual,Denizen Women Blue Jeans
9149,Women,Apparel,Bottomwear,Jeans,Blue,Summer,2013.0,Casual,Lee Women Rinse Blue Jeans
56829,Men,Apparel,Bottomwear,Jeans,Blue,Fall,2012.0,Casual,John Players Men Blue Slim Fit Low-Rise Clean Look Stretchable Jeans
9171,Men,Apparel,Bottomwear,Jeans,Blue,Fall,2011.0,Casual,Locomotive Men Lio Blue Jeans
4939,Men,Apparel,Bottomwear,Jeans,Blue,Summer,2011.0,Casual,Gini and Jony Boy's Karnel Jeans Kidswear
51601,Women,Apparel,Bottomwear,Jeans,Black,Summer,2012.0,Casual,Wrangler Women Black Molly Jeans
15560,Men,Apparel,Bottomwear,Jeans,Blue,Fall,2011.0,Casual,Spykar Men Washed Blue Jeans
16516,Men,Apparel,Bottomwear,Jeans,Blue,Fall,2011.0,Casual,Locomotive Men Washed Blue Jeans
14124,Men,Apparel,Bottomwear,Jeans,Blue,Winter,2016.0,Casual,Flying Machine Men Washed Blue Jeans
7187,Women,Apparel,Bottomwear,Jeans,Black,Fall,2011.0,Casual,Jealous 21 Women Supper Zipped Ankle Black Jeans
42595,Boys,Apparel,Bottomwear,Jeans,Grey,Summer,2012.0,Casual,United Colors of Benetton Boys Grey Slim Fit Jeans
23455,Men,Apparel,Bottomwear,Jeans,Blue,Summer,2012.0,Casual,Deni Yo Men Blue Washed Slim Fit Jeans
44583,Men,Apparel,Bottomwear,Jeans,Blue,Summer,2017.0,Casual,Lee Men Blue Scraped Jeans
11315,Women,Apparel,Bottomwear,Jeans,Blue,Fall,2011.0,Casual,United Colors of Benetton Women Washed Blue Jeans
24204,Men,Apparel,Bottomwear,Jeans,Blue,Summer,2012.0,Casual,Deni Yo Men Skinny Fit Blue Jeans
46910,Men,Apparel,Bottomwear,Jeans,Black,Summer,2012.0,Casual,Peter England Men Black Jeans
44931,Men,Apparel,Bottomwear,Jeans,Blue,Summer,2012.0,Casual,Jack & Jones Men Blue Jeans
21583,Men,Apparel,Bottomwear,Jeans,Black,Summer,2011.0,Casual,Locomotive Men Washed Black Jeans
58411,Men,Apparel,Bottomwear,Jeans,Blue,Summer,2012.0,Casual,Locomotive Men Blue Jeans
11306,Women,Apparel,Bottomwear,Jeans,Blue,Fall,2011.0,Casual,Wrangler Women Blue Sophia Jeans
23453,Men,Apparel,Bottomwear,Jeans,Black,Fall,2011.0,Casual,Deni Yo Men Black Washed Slim Fit Jeans
12758,Men,Apparel,Bottomwear,Jeans,Blue,Fall,2011.0,Casual,Spykar Men Washed Blue Jeans
51470,Men,Apparel,Bottomwear,Jeans,Black,Summer,2012.0,Casual,Denizen Men Black Jeans
42265,Men,Apparel,Bottomwear,Jeans,Blue,Summer,2012.0,Casual,John Players Men Blue Jeans
50954,Women,Apparel,Bottomwear,Jeans,Blue,Winter,2011.0,Casual,Lee Womens Blue Jeans
10485,Men,Apparel,Bottomwear,Jeans,Blue,Fall,2011.0,Casual,Flying Machine Men Midrise Blue Jeans
31111,Boys,Apparel,Bottomwear,Jeans,Black,Summer,2012.0,Casual,Gini and Jony Boys Solid Black Jeans
20910,Men,Apparel,Bottomwear,Jeans,Blue,Fall,2011.0,Casual,Deni Yo Men Washed Blue Jeans
40923,Boys,Apparel,Bottomwear,Jeans,Blue,Summer,2012.0,Casual,Gini and Jony Boys Jeans Blue Jeans
43420,Men,Apparel,Bottomwear,Jeans,Blue,Summer,2012.0,Casual,Spykar Men Blue Jeans
38993,Boys,Apparel,Bottomwear,Jeans,Blue,Summer,2012.0,Casual,Gini and Jony Boys Rodeo Blue Jeans
11334,Men,Apparel,Bottomwear,Jeans,Navy Blue,Fall,2011.0,Casual,United Colors of Benetton Men Washed Navy Blue Jeans
39382,Men,Apparel,Bottomwear,Jeans,Blue,Summer,2012.0,Casual,Peter England Men Blue Jeans
12751,Men,Apparel,Bottomwear,Jeans,Blue,Fall,2011.0,Casual,Spykar Men Ep Jeans Blue Jeans
9178,Men,Apparel,Bottomwear,Jeans,Blue,Fall,2011.0,Casual,Locomotive Men Eero Blue Jeans
14127,Men,Apparel,Bottomwear,Jeans,Blue,Winter,2016.0,Casual,Flying Machine Men Washed Blue Jeans
23451,Men,Apparel,Bottomwear,Jeans,Black,Summer,2012.0,Casual,Deni Yo Men Black Washed Slim Fit Jeans
22787,Men,Apparel,Bottomwear,Jeans,Blue,Fall,2011.0,Casual,Deni Yo Men Washed Blue Jeans
48499,Women,Apparel,Bottomwear,Jeans,Grey,Winter,2011.0,Casual,French Connection Women Black Jeans
52523,Women,Apparel,Bottomwear,Jeans,Blue,Summer,2012.0,Casual,Pepe Jeans Women Blue Jeans
28790,Men,Apparel,Bottomwear,Jeans,Blue,Summer,2012.0,Casual,Denizen Men Blue Jeans
42256,Men,Apparel,Bottomwear,Jeans,Blue,Summer,2012.0,Casual,John Players Men Blue Jeans
50961,Women,Apparel,Bottomwear,Jeans,Black,Summer,2013.0,Casual,Lee Women Black Jeans
40927,Boys,Apparel,Bottomwear,Jeans,Blue,Summer,2012.0,Casual,Gini and Jony Boys Comics Blue Jeans
48098,Women,Apparel,Bottomwear,Jeans,Blue,Summer,2012.0,Casual,French Connection Women Blue Jeans
26997,Women,Apparel,Bottomwear,Jeans,Blue,Summer,2012.0,Casual,Jealous 21 Women Blue Jeans
53252,Men,Apparel,Bottomwear,Jeans,Blue,Summer,2012.0,Casual,Locomotive Men Blue Jeans
24199,Men,Apparel,Bottomwear,Jeans,Blue,Summer,2012.0,Casual,Deni Yo Men Slim Fit Blue Jeans
20918,Men,Apparel,Bottomwear,Jeans,Blue,Fall,2011.0,Casual,Deni Yo Men Washed Blue Jeans
52522,Women,Apparel,Bottomwear,Jeans,Blue,Summer,2012.0,Casual,Pepe Jeans Women Blue Jeans
39381,Men,Apparel,Bottomwear,Jeans,Black,Summer,2012.0,Casual,Peter England Men Party Black Jeans
28802,Men,Apparel,Bottomwear,Jeans,Blue,Summer,2012.0,Casual,Denizen Men Blue Jeans
24848,Men,Apparel,Bottomwear,Jeans,Blue,Fall,2011.0,Casual,Flying Machine Men Washed Blue Jeans
9169,Men,Apparel,Bottomwear,Jeans,Blue,Fall,2011.0,Casual,Locomotive Men Ian Blue Jeans
9186,Men,Apparel,Bottomwear,Jeans,Blue,Fall,2011.0,Casual,Spykar Men Free Wheeler Spirit Denim Blue Jeans
42260,Men,Apparel,Bottomwear,Jeans,Blue,Summer,2012.0,Casual,John Players Men Blue Jeans
28814,Men,Apparel,Bottomwear,Jeans,Blue,Summer,2012.0,Casual,Denizen Men Blue Jeans
15562,Men,Apparel,Bottomwear,Jeans,Blue,Fall,2011.0,Casual,Spykar Men Washed Blue Jeans
11296,Men,Apparel,Bottomwear,Jeans,Blue,Fall,2011.0,Casual,Wrangler Men Blue Custom Jeans
56846,Men,Apparel,Bottomwear,Jeans,Blue,Fall,2012.0,Casual,John Players Men Blue Jeans
9162,Men,Apparel,Bottomwear,Jeans,Blue,Fall,2011.0,Casual,Locomotive Men Callum Blue Jeans
57209,Women,Apparel,Bottomwear,Jeans,Blue,Fall,2012.0,Casual,Kraus Jeans Women Blue Jeans
51502,Women,Apparel,Bottomwear,Jeans,Blue,Summer,2012.0,Casual,Denizen Women Greenish Blue Jeans
13346,Women,Apparel,Bottomwear,Jeans,Blue,Fall,2011.0,Casual,Spykar Women Washed Blue Jeans
15674,Men,Apparel,Bottomwear,Jeans,Blue,Fall,2011.0,Casual,Highlander Men High Original Blue Jeans
40924,Boys,Apparel,Bottomwear,Jeans,Blue,Summer,2012.0,Casual,Gini and Jony Boys Jeans Blue Jeans
12044,Men,Apparel,Bottomwear,Jeans,Blue,Fall,2011.0,Casual,Spykar Men Washed Blue Jeans
16515,Men,Apparel,Bottomwear,Jeans,Blue,Fall,2011.0,Casual,Locomotive Men Washed Blue Jeans
41008,Girls,Apparel,Bottomwear,Jeans,Navy Blue,Summer,2012.0,Casual,Gini and Jony Girls Woven Navy Blue Jeans
7707,Women,Apparel,Bottomwear,Jeans,Black,Fall,2011.0,Casual,Jealous 21 Women's Abbie Black Jegging
28795,Men,Apparel,Bottomwear,Jeans,Blue,Summer,2012.0,Casual,Denizen Men Blue Jeans
24755,Men,Apparel,Bottomwear,Jeans,Blue,Summer,2011.0,Casual,Spykar Men Blue Jeans
43249,Women,Apparel,Bottomwear,Jeans,Blue,Summer,2012.0,Casual,Denizen Women Blue Skinny Thunder Jeans
31335,Men,Apparel,Bottomwear,Jeans,Blue,Summer,2012.0,Casual,Locomotive Men Washed Blue Jeans
9187,Men,Apparel,Bottomwear,Jeans,Blue,Fall,2011.0,Casual,Spykar Men Style Essentials Spykar Basic Attire Series 0428 Blue Jeans
26996,Women,Apparel,Bottomwear,Jeans,Black,Summer,2012.0,Casual,Jealous 21 Women Washed Black Jeans
42594,Boys,Apparel,Bottomwear,Jeans,Blue,Summer,2012.0,Casual,United Colors of Benetton Boys Blue Slim Fit Jeans
27016,Women,Apparel,Bottomwear,Jeans,Blue,Summer,2012.0,Casual,Jealous 21 Women Washed Blue Jeans
39386,Men,Apparel,Bottomwear,Jeans,Blue,Summer,2012.0,Casual,Peter England Men Party Blue Jeans
11332,Men,Apparel,Bottomwear,Jeans,Blue,Fall,2011.0,Casual,United Colors of Benetton Men Washed Blue Jeans
52235,Men,Apparel,Bottomwear,Jeans,Blue,Summer,2012.0,Casual,Pepe Jeans Men Dark Blue Jeans
11327,Men,Apparel,Bottomwear,Jeans,Blue,Fall,2011.0,Casual,United Colors of Benetton Men Washed Blue Jeans
12762,Women,Apparel,Bottomwear,Jeans,Blue,Fall,2011.0,Casual,Spykar Women Washed Blue Jeans
20351,Men,Apparel,Bottomwear,Jeans,Blue,Fall,2011.0,Casual,Spykar Men Washed Blue Jeans
37200,Men,Apparel,Bottomwear,Jeans,Blue,Summer,2012.0,Casual,United Colors of Benetton Men Washed Blue Jeans
50949,Women,Apparel,Bottomwear,Jeans,Navy Blue,Summer,2013.0,Casual,Lee Women Navy Blue Roxy Fit Jeans
14123,Men,Apparel,Bottomwear,Jeans,Blue,Fall,2011.0,Casual,Flying Machine Men Washed Blue Jeans
48066,Men,Apparel,Bottomwear,Jeans,Black,Summer,2012.0,Casual,French Connection Men Black Jeans
41348,Men,Apparel,Bottomwear,Jeans,Navy Blue,Summer,2016.0,Casual,Wrangler Men Navy Blue Skanders Jeans
33280,Unisex,Apparel,Bottomwear,Jeans,Blue,Summer,2012.0,Casual,Gini and Jony Kids Unisex Blue Jeans
38500,Girls,Apparel,Bottomwear,Jeans,Black,Summer,2012.0,Casual,Gini and Jony Girls Woven Black Jeans
16506,Men,Apparel,Bottomwear,Jeans,Blue,Fall,2011.0,Casual,Locomotive Men Washed Blue Jeans
9170,Men,Apparel,Bottomwear,Jeans,Blue,Fall,2011.0,Casual,Locomotive Men Lain Blue Jeans
12753,Men,Apparel,Bottomwear,Jeans,Black,Fall,2011.0,Casual,Spykar Men Ep Jeans Black Jeans
9166,Men,Apparel,Bottomwear,Jeans,Blue,Fall,2011.0,Casual,Locomotive Men Rafe Blue Jeans
54796,Men,Apparel,Bottomwear,Jeans,Blue,Summer,2012.0,Casual,Peter England Men Blue Jeans
50953,Women,Apparel,Bottomwear,Jeans,Blue,Winter,2011.0,Casual,Lee Womens Blue Maxi Fit Jeans
10488,Men,Apparel,Bottomwear,Jeans,Blue,Fall,2011.0,Casual,Flying Machine Blue Jeans
27025,Women,Apparel,Bottomwear,Jeans,Pink,Summer,2012.0,Casual,Jealous 21 Women Pink Jeans
41889,Men,Apparel,Bottomwear,Jeans,Blue,Winter,2016.0,Casual,Flying Machine Men Blue Slim Fit Mid-Rise Clean Look Jeans
28825,Men,Apparel,Bottomwear,Jeans,Navy Blue,Summer,2012.0,Casual,Denizen Men Navy Blue Jeans
46893,Men,Apparel,Bottomwear,Jeans,Blue,Summer,2012.0,Casual,Locomotive Men Blue Jeans
14125,Men,Apparel,Bottomwear,Jeans,Blue,Fall,2011.0,Casual,Flying Machine Men Washed Blue Jeans
11286,Men,Apparel,Bottomwear,Jeans,Black,Summer,2016.0,Casual,Wrangler Men Black Millard Jeans
51498,Women,Apparel,Bottomwear,Jeans,Blue,Summer,2012.0,Casual,Denizen Women Blue Jeans
27378,Men,Apparel,Bottomwear,Jeans,Blue,Summer,2012.0,Casual,Spykar Men Washed Blue Jeans
31110,Boys,Apparel,Bottomwear,Jeans,Grey,Summer,2012.0,Casual,Gini and Jony Boys Washed Grey Jeans
48494,Women,Apparel,Bottomwear,Jeans,Black,Winter,2011.0,Casual,French Connection Women Black Jeans
37209,Girls,Apparel,Bottomwear,Jeans,Blue,Summer,2012.0,Casual,United Colors of Benetton Girls Blue Jeans
14117,Women,Apparel,Bottomwear,Jeans,Blue,Fall,2011.0,Casual,Flying Machine Women Washed Blue Jeans
43318,Women,Apparel,Bottomwear,Jeans,Black,Summer,2012.0,Casual,United Colors of Benetton Women Black Jeans
10445,Men,Apparel,Bottomwear,Jeans,Blue,Fall,2011.0,Casual,Flying Machine Men Midrise Blue Jeans
51508,Women,Apparel,Bottomwear,Jeans,Navy Blue,Summer,2012.0,Casual,Denizen Women Navy Blue Jeans
27937,Women,Apparel,Bottomwear,Jeans,Blue,Summer,2012.0,Casual,Jealous 21 Women Blue Magic Colour Jeans
39384,Men,Apparel,Bottomwear,Jeans,Blue,Summer,2012.0,Casual,Peter England Men Blue Jeans
16504,Men,Apparel,Bottomwear,Jeans,Blue,Fall,2011.0,Casual,Locomotive Men Washed Blue Jeans
13348,Women,Apparel,Bottomwear,Jeans,Blue,Fall,2011.0,Casual,Spykar Women Washed Blue Jeans
9141,Women,Apparel,Bottomwear,Jeans,Blue,Summer,2013.0,Casual,Lee Women Blue Cherrie Slim Fit Jeans
50962,Women,Apparel,Bottomwear,Jeans,Blue,Winter,2011.0,Casual,Lee Womens Blue Maxi Fit Jeans
18193,Men,Apparel,Bottomwear,Jeans,Blue,Fall,2011.0,Casual,Deni Yo Men Washed Blue Slim Fit Jeans
9191,Men,Apparel,Bottomwear,Jeans,Blue,Fall,2011.0,Casual,SPYKAR Men Slim Fit Free Republic Wheeler Spirit Blue Jeans
50946,Women,Apparel,Bottomwear,Jeans,Blue,Winter,2011.0,Casual,Lee Womens Blue Roxy Fit Jeans
50963,Women,Apparel,Bottomwear,Jeans,Blue,Summer,2013.0,Casual,Lee Womens Blue Jeggings
18181,Boys,Apparel,Bottomwear,Jeans,Blue,Fall,2011.0,Casual,Doodle Boys-Boys Washed Blue Jeans
16917,Men,Apparel,Bottomwear,Jeans,Blue,Fall,2011.0,Casual,Spykar Men Washed Blue Jeans
51506,Women,Apparel,Bottomwear,Jeans,Blue,Summer,2012.0,Casual,Denizen Women Blue Jeans
12338,Women,Apparel,Bottomwear,Jeans,Blue,Fall,2011.0,Casual,Spykar Women Ep Jeans Blue Jeans
16511,Men,Apparel,Bottomwear,Jeans,Blue,Fall,2011.0,Casual,Locomotive Men Washed Blue Jeans
51353,Women,Apparel,Bottomwear,Jeans,Navy Blue,Summer,2012.0,Casual,Spykar Women Blue Jeans
43421,Men,Apparel,Bottomwear,Jeans,Navy Blue,Summer,2012.0,Casual,Spykar Men Navy Blue Jeans
11236,Women,Apparel,Bottomwear,Jeans,Blue,Fall,2011.0,Casual,Flying Machine Women Low Rise Blue Jeans
48399,Men,Apparel,Bottomwear,Jeans,Blue,Summer,2012.0,Casual,French Connection Men Blue Jeans
53296,Men,Apparel,Bottomwear,Jeans,Blue,Summer,2012.0,Casual,Locomotive Men Blue Jeans
30412,Men,Apparel,Bottomwear,Jeans,Blue,Summer,2012.0,Casual,Deni Yo Men Slim Fit Washed Blue Jeans
28822,Men,Apparel,Bottomwear,Jeans,Blue,Summer,2012.0,Casual,Denizen Men Blue Jeans
40997,Girls,Apparel,Bottomwear,Jeans,Black,Summer,2012.0,Casual,Gini and Jony  Girls Woven Black Jeans
40998,Girls,Apparel,Bottomwear,Jeans,Black,Summer,2012.0,Casual,Palm Tree Girls Woven Black Jeans
42402,Women,Apparel,Bottomwear,Jeans,Blue,Summer,2012.0,Casual,Flying Machine Women Blue Denim Shorts
33309,Boys,Apparel,Bottomwear,Jeans,Black,Summer,2012.0,Casual,Palm Tree Boys Solid Black Jeans
58560,Women,Apparel,Bottomwear,Jeans,Navy Blue,Fall,2012.0,Casual,Puma Women Navy Blue Jeans
30411,Men,Apparel,Bottomwear,Jeans,Blue,Summer,2012.0,Casual,Deni Yo Men Slim Fit Washed Blue Jeans
13261,Women,Apparel,Bottomwear,Jeans,Blue,Fall,2011.0,Casual,Palm Tree Kids Girl Washed Blue Jeans
11234,Women,Apparel,Bottomwear,Jeans,Black,Fall,2011.0,Casual,Flying Machine Women Lowrise Black Jeans
31673,Men,Apparel,Bottomwear,Jeans,Blue,Summer,2012.0,Casual,Spykar Men Washed Blue Jeans
14118,Men,Apparel,Bottomwear,Jeans,Blue,Fall,2011.0,Casual,Flying Machine Men Blue Jeans
39385,Men,Apparel,Bottomwear,Jeans,Grey,Summer,2012.0,Casual,Peter England Men Grey Jeans
7709,Women,Apparel,Bottomwear,Jeans,Black,Fall,2011.0,Casual,Jealous 21 Women's Aaren Black Jegging
30442,Men,Apparel,Bottomwear,Jeans,Blue,Summer,2012.0,Casual,Deni Yo Men Blue Slim Fit Jeans
13246,Men,Apparel,Bottomwear,Jeans,Blue,Fall,2011.0,Casual,Palm Tree Kids Boy Washed Blue Jeans
38995,Boys,Apparel,Bottomwear,Jeans,Blue,Summer,2012.0,Casual,Gini and Jony Boys Comics Blue Jeans
13948,Women,Apparel,Bottomwear,Jeans,Blue,Fall,2011.0,Casual,United Colors of Benetton Women Washed Blue Jeans
39387,Men,Apparel,Bottomwear,Jeans,Blue,Summer,2012.0,Casual,Peter England Men Blue Jeans
41888,Men,Apparel,Bottomwear,Jeans,Blue,Summer,2012.0,Casual,Flying Machine Men Blue Jeans
32567,Women,Apparel,Bottomwear,Jeans,Blue,Summer,2012.0,Casual,ONLY Women Blue Jeans
9903,Men,Apparel,Bottomwear,Jeans,Blue,Fall,2011.0,Casual,Spykar Men Ep Skinny Low Waist Fit Blue Jeans
21585,Women,Apparel,Bottomwear,Jeans,Blue,Fall,2011.0,Casual,Spykar Women Washed Blue Jeans
11317,Women,Apparel,Bottomwear,Jeans,Black,Fall,2011.0,Casual,United Colors of Benetton Women Washed Black Jeans
10438,Men,Apparel,Bottomwear,Jeans,Blue,Fall,2011.0,Casual,Flying Machine Men Midrise Blue Jeans
28804,Men,Apparel,Bottomwear,Jeans,Blue,Summer,2012.0,Casual,Denizen Men Blue Jeans
27018,Women,Apparel,Bottomwear,Jeans,Blue,Summer,2012.0,Casual,Jealous 21 Women Washed Blue Jeans
43422,Men,Apparel,Bottomwear,Jeans,Blue,Winter,2013.0,Casual,SPYKAR Men Blue Slim Fit Jeans
11330,Men,Apparel,Bottomwear,Jeans,Blue,Fall,2011.0,Casual,United Colors of Benetton Men Washed Blue Jeans
54792,Men,Apparel,Bottomwear,Jeans,Grey,Summer,2012.0,Casual,Peter England Men Grey Jeans
44815,Women,Apparel,Bottomwear,Jeans,Blue,Summer,2012.0,Casual,Spykar Women Blue Jeans
44924,Men,Apparel,Bottomwear,Jeans,Blue,Summer,2012.0,Casual,Jack & Jones Men Blue Jeans
11290,Men,Apparel,Bottomwear,Jeans,Blue,Summer,2016.0,Casual,Wrangler Men Blue Floyd Fit Jeans
40364,Women,Apparel,Bottomwear,Jeans,Navy Blue,Summer,2012.0,Casual,Tokyo Talkies Women Navy Jeans
14114,Men,Apparel,Bottomwear,Jeans,Blue,Fall,2011.0,Casual,Flying Machine Men Washed Jeans
27002,Women,Apparel,Bottomwear,Jeans,Blue,Summer,2012.0,Casual,Jealous 21 Women Washed Light Blue Jeans
51356,Women,Apparel,Bottomwear,Jeans,Blue,Summer,2012.0,Casual,Spykar Women Blue Jeans
39379,Men,Apparel,Bottomwear,Jeans,Navy Blue,Summer,2012.0,Casual,Peter England Men Navy Blue Party Jeans
9148,Women,Apparel,Bottomwear,Jeans,Blue,Summer,2013.0,Casual,Lee Women Blue Jeans
15672,Men,Apparel,Bottomwear,Jeans,Blue,Fall,2011.0,Casual,Highlander Men High Original Blue Jeans
43246,Men,Apparel,Bottomwear,Jeans,Blue,Summer,2012.0,Casual,Denizen Men Blue Jeans
21582,Women,Apparel,Bottomwear,Jeans,Blue,Summer,2011.0,Casual,United Colors of Benetton Women Washed Blue Jeans
16510,Men,Apparel,Bottomwear,Jeans,Blue,Fall,2011.0,Casual,Locomotive Men Washed Blue Jeans
52557,Women,Apparel,Bottomwear,Jeans,Blue,Summer,2012.0,Casual,Pepe Jeans Women Blue Jeans
31672,Men,Apparel,Bottomwear,Jeans,Blue,Summer,2012.0,Casual,Spykar Men Blue Jeans
40925,Boys,Apparel,Bottomwear,Jeans,Blue,Summer,2012.0,Casual,Gini and Jony Boys Comics Blue Jeans
36832,Women,Apparel,Topwear,Kurtas,Green,Summer,2012.0,Ethnic,Vishudh Women Green White & Green Kurta
58658,Women,Apparel,Topwear,Kurtas,Green,Summer,2012.0,Ethnic,ALayna Women Green Kurta
12789,Women,Apparel,Topwear,Kurtas,White,Fall,2011.0,Ethnic,Mother Earth Women Sajiya Collt White Kurtas
22031,Women,Apparel,Topwear,Kurtas,Blue,Fall,2011.0,Ethnic,Vishudh Women Printed Blue Kurta
39452,Women,Apparel,Topwear,Kurtas,Blue,Summer,2012.0,Ethnic,Diva Women Printed Blue Kurta
12089,Women,Apparel,Topwear,Kurtas,Brown,Fall,2011.0,Ethnic,W Women Brown Printed Kurta
52100,Women,Apparel,Topwear,Kurtas,Red,Summer,2012.0,Ethnic,Myntra Women Red Printed Kurta
59369,Women,Apparel,Topwear,Kurtas,Black,Summer,2012.0,Ethnic,Vishudh Women Black & White Kurta
31698,Women,Apparel,Topwear,Kurtas,Pink,Summer,2012.0,Ethnic,Folklore Women Printed Pink Kurta
58645,Women,Apparel,Topwear,Kurtas,White,Summer,2012.0,Ethnic,ALayna Women Printed White Kurta
22052,Women,Apparel,Topwear,Kurtas,Maroon,Fall,2011.0,Ethnic,Vishudh Women Printed Maroon Kurta
11616,Women,Apparel,Topwear,Kurtas,Green,Summer,2011.0,Ethnic,W Women Solid Green Kurtas
58666,Women,Apparel,Topwear,Kurtas,Navy Blue,Summer,2012.0,Ethnic,ALayna Women Navy Blue Kurta
39173,Women,Apparel,Topwear,Kurtas,Red,Summer,2012.0,Ethnic,Aneri Women Red Kurta
24533,Women,Apparel,Topwear,Kurtas,Pink,Fall,2011.0,Ethnic,Mother Earth Women Pink Printed Kurta
18274,Women,Apparel,Topwear,Kurtas,Purple,Fall,2011.0,Ethnic,Aneri Women Niti Purple Kurta
28965,Women,Apparel,Topwear,Kurtas,White,Summer,2012.0,Ethnic,BIBA Women Ethnic White Kurta
11564,Women,Apparel,Topwear,Kurtas,Purple,Summer,2011.0,Ethnic,W Women Printed Purple  Kurtas
39166,Women,Apparel,Topwear,Kurtas,Black,Summer,2012.0,Ethnic,Aneri Women Black & White Printed Kurta
18273,Women,Apparel,Topwear,Kurtas,Blue,Fall,2011.0,Ethnic,Aneri Women Niti Blue Kurta
21926,Women,Apparel,Topwear,Kurtas,Blue,Fall,2011.0,Ethnic,BIBA Women Printed Blue Kurta
12061,Women,Apparel,Topwear,Kurtas,White,Fall,2011.0,Ethnic,W Women Printed White Kurtas
11613,Women,Apparel,Topwear,Kurtas,Blue,Summer,2011.0,Ethnic,W Women Solid Teal Blue Kurtas
40634,Women,Apparel,Topwear,Kurtas,Red,Summer,2012.0,Ethnic,Span Women Red Kurta
24380,Women,Apparel,Topwear,Kurtas,Purple,Fall,2011.0,Ethnic,Folklore Women Purple Printed Kurta
22779,Women,Apparel,Topwear,Kurtas,Orange,Summer,2011.0,Ethnic,BIBA Women Printed Orange Kurta
22016,Women,Apparel,Topwear,Kurtas,Black,Fall,2011.0,Ethnic,BIBA Women Sequin Black Kurta
28717,Women,Apparel,Topwear,Kurtas,Purple,Summer,2012.0,Ethnic,W Women Printed Purple Kurta
11626,Women,Apparel,Topwear,Kurtas,Purple,Summer,2011.0,Ethnic,W Women Printed Purple Kurtas
59382,Women,Apparel,Topwear,Kurtas,Blue,Summer,2012.0,Ethnic,Vishudh Women Blue Printed Kurta
42424,Women,Apparel,Topwear,Kurtas,Blue,Summer,2012.0,Ethnic,Aurelia Women Blue Kurta
27289,Women,Apparel,Topwear,Kurtas,Grey,Fall,2011.0,Ethnic,Mother Earth Women Striped Grey Kurta
42681,Women,Apparel,Topwear,Kurtas,Blue,Summer,2012.0,Ethnic,Alma Women Blue Kurta
11807,Women,Apparel,Topwear,Kurtas,Blue,Fall,2011.0,Ethnic,Vishudh Women Cotton Silk Blue Kurtas
19087,Women,Apparel,Topwear,Kurtas,Off White,Fall,2011.0,Ethnic,W Women Gathered Design Off White Kurta
39151,Women,Apparel,Topwear,Kurtas,Green,Summer,2012.0,Ethnic,Aneri Women Green & Brown Printed Kurta
32232,Women,Apparel,Topwear,Kurtas,Blue,Summer,2012.0,Ethnic,Fabindia Women Printed Blue Kurta
59362,Women,Apparel,Topwear,Kurtas,White,Summer,2012.0,Ethnic,Vishudh Women White Printed Kurta
31308,Women,Apparel,Topwear,Kurtas,Black,Summer,2012.0,Ethnic,W Women Black Kurta
23230,Women,Apparel,Topwear,Kurtas,Blue,Fall,2011.0,Ethnic,Aneri Women Blue Checks Kurta
28727,Women,Apparel,Topwear,Kurtas,Cream,Summer,2012.0,Ethnic,W Women Printed Cream Kurta
22063,Women,Apparel,Topwear,Kurtas,White,Fall,2011.0,Ethnic,Vishudh Women Printed White and Navy Blue Kurta
24151,Women,Apparel,Topwear,Kurtas,Black,Fall,2011.0,Ethnic,Aurelia Women Black Printed Kurta
42533,Women,Apparel,Topwear,Kurtas,Blue,Fall,2012.0,Ethnic,Mother Earth Women Blue Printed Kurta
32228,Women,Apparel,Topwear,Kurtas,Mustard,Summer,2012.0,Ethnic,Fabindia Women Printed Mustard Kurta
12080,Women,Apparel,Topwear,Kurtas,Yellow,Fall,2011.0,Ethnic,W Women Printed Yellow Kurtas
59918,Women,Apparel,Topwear,Kurtas,Multi,Summer,2012.0,Ethnic,Diva Women Multi Coloured Kurta
43269,Women,Apparel,Topwear,Kurtas,Pink,Summer,2012.0,Ethnic,Aneri Women Pink Kurta
39183,Women,Apparel,Topwear,Kurtas,Multi,Summer,2012.0,Ethnic,Aneri Women Multi Coloured Kurta
53427,Women,Apparel,Topwear,Kurtas,White,Fall,2012.0,Ethnic,Alma Women White Printed Kurta
21885,Women,Apparel,Topwear,Kurtas,Green,Fall,2011.0,Ethnic,BIBA Women Printed Green Kurta
11606,Women,Apparel,Topwear,Kurtas,Grey,Summer,2011.0,Ethnic,W Women Solid Grey Kurtas
36830,Women,Apparel,Topwear,Kurtas,Purple,Summer,2012.0,Ethnic,Vishudh Women Purple Kurta
18254,Women,Apparel,Topwear,Kurtas,Green,Fall,2011.0,Ethnic,Aneri Women Protima Green Kurta
46017,Women,Apparel,Topwear,Kurtas,Orange,Summer,2012.0,Ethnic,Fabindia Women Orange Printed Kurta
33039,Women,Apparel,Topwear,Kurtas,Grey,Summer,2012.0,Ethnic,Mother Earth Women Printed Grey Kurta
40657,Women,Apparel,Topwear,Kurtas,Green,Summer,2012.0,Ethnic,Span Women Green Kurta
28710,Women,Apparel,Topwear,Kurtas,Multi,Summer,2012.0,Ethnic,W Women Printed Multi Coloured Kurta
32234,Women,Apparel,Topwear,Kurtas,Grey,Summer,2012.0,Ethnic,Fabindia Women Printed Grey Kurta
23221,Women,Apparel,Topwear,Kurtas,Maroon,Fall,2011.0,Ethnic,Aneri Women Maroon Embroidery Kurta
58668,Women,Apparel,Topwear,Kurtas,Multi,Summer,2012.0,Ethnic,ALayna Women Multi Coloured Kurta
42428,Women,Apparel,Topwear,Kurtas,Brown,Summer,2012.0,Ethnic,Aurelia Women Brown & Orange Kurta
53431,Women,Apparel,Topwear,Kurtas,Black,Fall,2012.0,Ethnic,Alma Women Black Printed Kurta
19104,Women,Apparel,Topwear,Kurtas,Beige,Fall,2011.0,Ethnic,Mother Earth Women Printed Beige Kurta
40658,Women,Apparel,Topwear,Kurtas,Multi,Summer,2012.0,Ethnic,Span Women Multi Coloured Kurta
21892,Women,Apparel,Topwear,Kurtas,Purple,Fall,2011.0,Ethnic,BIBA Women Printed Purple Kurta
24503,Women,Apparel,Topwear,Kurtas,Red,Fall,2011.0,Ethnic,Mother Earth Women Red Printed Kurta
12070,Women,Apparel,Topwear,Kurtas,White,Fall,2011.0,Ethnic,W Women Printed White Kurtas
28962,Women,Apparel,Topwear,Kurtas,White,Summer,2012.0,Ethnic,BIBA Women Printed White Kurta
54580,Women,Apparel,Topwear,Kurtas,Red,Summer,2012.0,Ethnic,Sushilas Women Printed Red Kurta
23237,Women,Apparel,Topwear,Kurtas,Blue,Fall,2011.0,Ethnic,Aneri Women Jhilmil Blue Kurta
39174,Women,Apparel,Topwear,Kurtas,Blue,Summer,2012.0,Ethnic,Aneri Women Blue Printed Kurta
32240,Women,Apparel,Topwear,Kurtas,Blue,Summer,2012.0,Ethnic,Fabindia Women Blue Kurta
11550,Women,Apparel,Topwear,Kurtas,Blue,Summer,2011.0,Ethnic,W Women Printed Blue Kurtas
11543,Women,Apparel,Topwear,Kurtas,Grey,Summer,2011.0,Ethnic,W Women Solid Grey Kurtas
7409,Women,Apparel,Topwear,Kurtas,Pink,Summer,2011.0,Ethnic,W Women Round Neck Short Sleeve Pink Kurta
24157,Women,Apparel,Topwear,Kurtas,Green,Fall,2011.0,Ethnic,Aurelia Women Green Kurta
7421,Women,Apparel,Topwear,Kurtas,Blue,Summer,2011.0,Ethnic,W Women U Neck Short Sleeve Blue Kurta
24558,Women,Apparel,Topwear,Kurtas,Blue,Fall,2011.0,Ethnic,Vishudh Women Blue Printed Kurta
36501,Women,Apparel,Topwear,Kurtas,White,Summer,2012.0,Ethnic,Folklore Women White Printed Kurta
28703,Women,Apparel,Topwear,Kurtas,Pink,Summer,2012.0,Ethnic,W Women Printed Pink Kurta
24371,Women,Apparel,Topwear,Kurtas,Maroon,Fall,2011.0,Ethnic,Folklore Women Maroon Printed Kurta
22021,Women,Apparel,Topwear,Kurtas,Pink,Fall,2011.0,Ethnic,Vishudh Women Printed Pink Kurta
19059,Women,Apparel,Topwear,Kurtas,Black,Fall,2011.0,Ethnic,Aurelia Women Solid Black Kurta
32279,Women,Apparel,Topwear,Kurtas,Purple,Summer,2012.0,Ethnic,Fabindia Women Printed Purple Kurta
7416,Women,Apparel,Topwear,Kurtas,White,Summer,2011.0,Ethnic,W Women V Neck Solid Short Sleeve White Kurta
30848,Women,Apparel,Topwear,Kurtas,White,Summer,2012.0,Ethnic,Fabindia Women White Printed Kurta
28712,Women,Apparel,Topwear,Kurtas,Blue,Summer,2012.0,Ethnic,W Women Printed Blue Kurta
36815,Women,Apparel,Topwear,Kurtas,Green,Summer,2012.0,Ethnic,Vishudh Women Olive Vishudh Kurta
18257,Women,Apparel,Topwear,Kurtas,Green,Fall,2011.0,Ethnic,Aneri Women Antara Green Kurta
40605,Women,Apparel,Topwear,Kurtas,Teal,Summer,2012.0,Ethnic,Span Women Teal Kurta
45845,Women,Apparel,Topwear,Kurtas,Green,Summer,2012.0,Ethnic,Vishudh Women Green Kurta
39455,Women,Apparel,Topwear,Kurtas,Multi,Summer,2012.0,Ethnic,Diva Women Multi Coloured Kurta
59916,Women,Apparel,Topwear,Kurtas,Brown,Summer,2012.0,Ethnic,Diva Women Brown Kurta
28957,Women,Apparel,Topwear,Kurtas,White,Summer,2012.0,Ethnic,BIBA Women Printed White Kurta
46015,Women,Apparel,Topwear,Kurtas,White,Summer,2012.0,Ethnic,Fabindia Women White Printed Kurta
40437,Women,Apparel,Topwear,Kurtas,Brown,Summer,2012.0,Ethnic,La-Emotio Women Brown Kurta
58694,Women,Apparel,Topwear,Kurtas,Green,Summer,2012.0,Ethnic,ALayna Women Green Kurta
27191,Women,Apparel,Topwear,Kurtas,Pink,Fall,2011.0,Ethnic,Mother Earth Women Pink Printed Kurta
49773,Women,Apparel,Topwear,Kurtas,Blue,Summer,2012.0,Ethnic,Alma Women  Light Blue Printed Kurta
22032,Women,Apparel,Topwear,Kurtas,Brown,Fall,2011.0,Ethnic,Vishudh Women Flower Print Brown Kurta
19077,Women,Apparel,Topwear,Kurtas,Red,Fall,2011.0,Ethnic,W Women Round Bottom Red Kurta
53406,Women,Apparel,Topwear,Kurtas,Red,Fall,2012.0,Ethnic,Alma Women Red Printed Kurta
22759,Women,Apparel,Topwear,Kurtas,White,Fall,2011.0,Ethnic,BIBA Women Printed White Kurta
59379,Women,Apparel,Topwear,Kurtas,Orange,Summer,2012.0,Ethnic,Vishudh Women Orange Printed  Kurta
22749,Women,Apparel,Topwear,Kurtas,Blue,Fall,2011.0,Ethnic,BIBA Women Printed Blue Kurta
30791,Men,Apparel,Topwear,Kurtas,Gold,Summer,2012.0,Ethnic,Fabindia Men Printed Gold Tussar Kurta
54698,Women,Apparel,Topwear,Kurtas,Black,Fall,2012.0,Ethnic,Shree Women Black and White Printed Kurta
27101,Women,Apparel,Topwear,Kurtas,Yellow,Summer,2012.0,Ethnic,Aneri Women Madhuri Yellow Kurta
25834,Women,Apparel,Topwear,Kurtas,White,Summer,2012.0,Ethnic,Diva Women Printed White Kurta
47011,Women,Apparel,Topwear,Kurtas,Rust,Fall,2012.0,Ethnic,Shree Women Rust Printed Kurta
22027,Women,Apparel,Topwear,Kurtas,White,Fall,2011.0,Ethnic,Vishudh Women Floral Print Orange Kurta
12782,Women,Apparel,Topwear,Kurtas,Red,Fall,2011.0,Ethnic,Mother Earth Women Aug Bagru Red Kurtas
49776,Women,Apparel,Topwear,Kurtas,Blue,Summer,2012.0,Ethnic,Alma Women Blue Printed Kurta
24400,Women,Apparel,Topwear,Kurtas,Black,Summer,2012.0,Ethnic,Vishudh Women Black Printed Kurta
25826,Women,Apparel,Topwear,Kurtas,Brown,Summer,2012.0,Ethnic,Diva Women Printed Brown Kurta
53830,Women,Apparel,Topwear,Kurtas,Lavender,Summer,2012.0,Ethnic,Folklore Women Lavender Kurta
32270,Women,Apparel,Topwear,Kurtas,Grey,Summer,2012.0,Ethnic,Vishudh Women Printed Grey Kurta
40617,Women,Apparel,Topwear,Kurtas,Green,Summer,2012.0,Ethnic,Span Women Green Kurta
30880,Women,Apparel,Topwear,Kurtas,Yellow,Summer,2012.0,Ethnic,Fabindia Women Printed Yellow Kurta
33044,Women,Apparel,Topwear,Kurtas,Blue,Summer,2012.0,Ethnic,Mother Earth Women Printed Blue Kurta
24390,Women,Apparel,Topwear,Kurtas,Turquoise Blue,Fall,2011.0,Ethnic,Folklore Women Turquoise Blue Printed Kurta
40569,Women,Apparel,Topwear,Kurtas,White,Summer,2012.0,Ethnic,W Women White Kurta
22051,Women,Apparel,Topwear,Kurtas,Blue,Fall,2011.0,Ethnic,Vishudh Women Printed Blue Kurta
42559,Women,Apparel,Topwear,Kurtas,Multi,Summer,2012.0,Ethnic,Mother Earth Women Multi Coloured Kurta
39167,Women,Apparel,Topwear,Kurtas,Pink,Summer,2012.0,Ethnic,Aneri Women Pink Printed Kurta
58648,Women,Apparel,Topwear,Kurtas,Pink,Summer,2012.0,Ethnic,ALayna Women Pink & Yellow Kurta
22744,Women,Apparel,Topwear,Kurtas,Navy Blue,Fall,2011.0,Ethnic,BIBA Women Solid Navy Blue Green Kurta
23216,Women,Apparel,Topwear,Kurtas,Blue,Fall,2011.0,Ethnic,Aneri Women Blue Julie Kurta
53391,Women,Apparel,Topwear,Kurtas,White,Summer,2012.0,Ethnic,Aurelia Women White Printed Kurta
54696,Women,Apparel,Topwear,Kurtas,White,Summer,2012.0,Ethnic,Shree Women Navy Blue and White Printed Kurta
30759,Men,Apparel,Topwear,Kurtas,Black,Summer,2012.0,Ethnic,Fabindia Men Printed Black Kurta
15844,Women,Apparel,Topwear,Kurtas,Blue,Fall,2011.0,Ethnic,Visudh Blue Printed Ethnic Kurta
39478,Women,Apparel,Topwear,Kurtas,Pink,Summer,2012.0,Ethnic,Diva Women Pink Kurta
47015,Women,Apparel,Topwear,Kurtas,Cream,Fall,2012.0,Ethnic,Shree Women Cream & Fushia  Printed Kurta
23240,Women,Apparel,Topwear,Kurtas,Blue,Fall,2011.0,Ethnic,Aneri Women Ashna Blue Kurta
54706,Women,Apparel,Topwear,Kurtas,White,Fall,2012.0,Ethnic,Shree Women White Printed Kurta
42685,Women,Apparel,Topwear,Kurtas,White,Summer,2012.0,Ethnic,Alma Women White Printed Kurta
40629,Women,Apparel,Topwear,Kurtas,Olive,Summer,2012.0,Ethnic,Span Women Olive Green Kurta
28955,Women,Apparel,Topwear,Kurtas,White,Summer,2012.0,Ethnic,BIBA Women White Kurta
54570,Women,Apparel,Topwear,Kurtas,Red,Summer,2012.0,Ethnic,Sushilas Women Printed Red Kurta
28735,Women,Apparel,Topwear,Kurtas,Brown,Summer,2012.0,Ethnic,W Women Printed Brown Kurta
59374,Women,Apparel,Topwear,Kurtas,Green,Summer,2012.0,Ethnic,Vishudh Women Green Printed Kurta
59376,Women,Apparel,Topwear,Kurtas,Green,Summer,2012.0,Ethnic,Vishudh Women Green Printed Kurta
28729,Women,Apparel,Topwear,Kurtas,Cream,Summer,2012.0,Ethnic,W Women Printed Cream Kurta
50355,Women,Apparel,Topwear,Kurtas,Brown,Summer,2012.0,Ethnic,Aurelia Women Brown Kurta
28715,Women,Apparel,Topwear,Kurtas,Beige,Summer,2012.0,Ethnic,W Women Printed Magenta Kurta
27097,Women,Apparel,Topwear,Kurtas,Blue,Summer,2012.0,Ethnic,Aneri Women Blue Printed Kurta
25836,Women,Apparel,Topwear,Kurtas,Peach,Summer,2012.0,Ethnic,Diva Women Printed Orange Kurta
30863,Women,Apparel,Topwear,Kurtas,Blue,Summer,2012.0,Ethnic,Fabindia Women Blue Mangalgiri Kurta
53864,Women,Apparel,Topwear,Kurtas,Brown,Summer,2012.0,Ethnic,Vishudh Women Brown Printed Kurta
24551,Women,Apparel,Topwear,Kurtas,Blue,Fall,2011.0,Ethnic,Diva Women Blue Printed Kurta
15104,Women,Apparel,Topwear,Kurtas,Black,Fall,2011.0,Ethnic,Mother Earth Women Printed Black Kurtas
24367,Women,Apparel,Topwear,Kurtas,Green,Fall,2011.0,Ethnic,Folklore Women Green  Kurta
58682,Women,Apparel,Topwear,Kurtas,Pink,Summer,2012.0,Ethnic,ALayna Women Brownish Pink  Kurta
30745,Men,Apparel,Topwear,Kurtas,Beige,Summer,2012.0,Ethnic,Fabindia Men Beige Ajrakh Kurta
12153,Women,Apparel,Topwear,Kurtas,Green,Fall,2011.0,Ethnic,Aurelia Women Solid Green Kurtas
11624,Women,Apparel,Topwear,Kurtas,Grey,Summer,2011.0,Ethnic,W Women Printed Grey Kurtas
56693,Men,Apparel,Topwear,Kurtas,Blue,Summer,2012.0,Ethnic,Fabindia Men Blue Kurta
53826,Women,Apparel,Topwear,Kurtas,Brown,Summer,2012.0,Ethnic,Folklore Women Brown Printed Kurta
58684,Women,Apparel,Topwear,Kurtas,Beige,Summer,2012.0,Ethnic,ALayna Women Printed Beige Kurta
54716,Women,Apparel,Topwear,Kurtas,Beige,Fall,2012.0,Ethnic,Shree Women Pink and Olive Printed Kurta
28753,Women,Apparel,Topwear,Kurtas,Green,Summer,2012.0,Ethnic,Aurelia Women Printed Green Kurta
24589,Women,Apparel,Topwear,Kurtas,Brown,Fall,2011.0,Ethnic,Vishudh Women Brown Printed Kurta
14545,Women,Apparel,Topwear,Kurtas,Blue,Fall,2011.0,Ethnic,Vishudh Women Circle Print Blue Kurtas
23306,Women,Apparel,Topwear,Kurtas,Blue,Fall,2011.0,Ethnic,W Women Blue Kurta
14547,Women,Apparel,Topwear,Kurtas,Maroon,Fall,2011.0,Ethnic,Vishudh Women Floral Print Maroon Kurtas
19058,Women,Apparel,Topwear,Kurtas,Rust,Fall,2011.0,Ethnic,Aurelia Women Solid Rust Kurta
30779,Men,Apparel,Topwear,Kurtas,Rust,Summer,2012.0,Ethnic,Fabindia Men Rust Khadi Kurta
42686,Women,Apparel,Topwear,Kurtas,White,Summer,2012.0,Ethnic,Alma Women White Printed Kurta
50346,Women,Apparel,Topwear,Kurtas,Pink,Summer,2012.0,Ethnic,Aurelia Women Pink Kurta
11800,Women,Apparel,Topwear,Kurtas,Black,Fall,2011.0,Ethnic,Vishudh Women Black Pigment Print Kurta
7419,Women,Apparel,Topwear,Kurtas,White,Summer,2011.0,Ethnic,W Women Deep Neck Sleeveless White Kurta
54572,Women,Apparel,Topwear,Kurtas,Pink,Summer,2012.0,Ethnic,Sushilas Women Multi Coloured Kurta
39152,Women,Apparel,Topwear,Kurtas,Turquoise Blue,Summer,2012.0,Ethnic,Aneri Women Turquiose Blue Printed Kurta
28689,Women,Apparel,Topwear,Kurtas,Black,Summer,2012.0,Casual,W Women Black Tunic
11539,Women,Apparel,Topwear,Kurtas,White,Summer,2011.0,Ethnic,W Women Printed White Kurtas
45859,Women,Apparel,Topwear,Kurtas,Multi,Summer,2012.0,Ethnic,Vishudh Women Multi Coloured Kurta
30780,Men,Apparel,Topwear,Kurtas,Blue,Summer,2012.0,Ethnic,Fabindia Men Striped Blue Striped Kurta
58653,Women,Apparel,Topwear,Kurtas,Pink,Summer,2012.0,Ethnic,ALayna Women Pink Kurta
54681,Women,Apparel,Topwear,Kurtas,Navy Blue,Fall,2012.0,Ethnic,Shree Women Cream and Navy Blue Printed Kurta
40613,Women,Apparel,Topwear,Kurtas,Purple,Summer,2012.0,Ethnic,Span Women Purple Kurta
23225,Women,Apparel,Topwear,Kurtas,Pink,Fall,2011.0,Ethnic,Aneri Women Tibett Pink Kurta
20118,Women,Apparel,Topwear,Kurtas,Orange,Fall,2011.0,Ethnic,Diva Women Printed Orange Kurta
21913,Women,Apparel,Topwear,Kurtas,Red,Fall,2011.0,Ethnic,BIBA Women Printed Red Kurta
45837,Women,Apparel,Topwear,Kurtas,Magenta,Summer,2012.0,Ethnic,Vishudh Women Magenta Kurta
59381,Women,Apparel,Topwear,Kurtas,Brown,Summer,2012.0,Ethnic,Vishudh Women Brown Printed Kurta
22778,Women,Apparel,Topwear,Kurtas,Yellow,Summer,2011.0,Ethnic,BIBA Women Printed Yellow Kurta
11813,Women,Apparel,Topwear,Kurtas,Pink,Fall,2011.0,Ethnic,Vishudh Women Pigment Print Pink Kurtas
11629,Women,Apparel,Topwear,Kurtas,White,Summer,2011.0,Ethnic,W Women Stripe White Kurtas
30839,Women,Apparel,Topwear,Kurtas,Pink,Summer,2012.0,Ethnic,Fabindia Women Pink Khadi Kurta
31774,Women,Apparel,Topwear,Kurtas,Maroon,Summer,2012.0,Ethnic,Global Desi Women Printed Maroon Kurta
15101,Women,Apparel,Topwear,Kurtas,Black,Fall,2011.0,Ethnic,Mother Earth Women Printed Black Kurtas
19064,Women,Apparel,Topwear,Kurtas,Off White,Fall,2011.0,Ethnic,W Women Floral Print Green Kurta
30766,Men,Apparel,Topwear,Kurtas,Blue,Summer,2012.0,Ethnic,Fabindia Men Blue Matka Silk Kurta
24156,Women,Apparel,Topwear,Kurtas,Purple,Fall,2011.0,Ethnic,Aurelia Women Purple Striped Kurta
30870,Women,Apparel,Topwear,Kurtas,Orange,Summer,2012.0,Ethnic,Fabindia Women Printed Beige Kurta
53843,Women,Apparel,Topwear,Kurtas,White,Summer,2012.0,Ethnic,Vishudh Women Printed White Kurta
36500,Women,Apparel,Topwear,Kurtas,Brown,Summer,2012.0,Ethnic,Folklore Women Brown Kurta
42649,Women,Apparel,Topwear,Kurtas,Black,Summer,2012.0,Ethnic,Alma Women Black Kurta
30787,Men,Apparel,Topwear,Kurtas,Mustard,Summer,2012.0,Ethnic,Fabindia Men Mustard Kurta
28719,Women,Apparel,Topwear,Kurtas,White,Summer,2012.0,Ethnic,W Women Printed White Kurta
12101,Women,Apparel,Topwear,Kurtas,Pink,Fall,2011.0,Ethnic,W Women Printed Pink Kurtas
22746,Women,Apparel,Topwear,Kurtas,Red,Fall,2011.0,Ethnic,BIBA Women Printed Red Kurta
19070,Women,Apparel,Topwear,Kurtas,Blue,Fall,2011.0,Ethnic,W Women Floral Print Blue Kurta
32196,Men,Apparel,Topwear,Kurtas,Blue,Summer,2012.0,Ethnic,Fabindia Men Printed Blue Kurta
46018,Women,Apparel,Topwear,Kurtas,Green,Summer,2012.0,Ethnic,Fabindia Women Green Kurta
19089,Women,Apparel,Topwear,Kurtas,Blue,Fall,2011.0,Ethnic,W Women Shaded Blue Kurta
14535,Women,Apparel,Topwear,Kurtas,Blue,Fall,2011.0,Ethnic,Vishudh Women Embroidary Blue Kurtas
11546,Women,Apparel,Topwear,Kurtas,Grey,Summer,2011.0,Ethnic,W Women Printed Grey Kurtas
45748,Women,Apparel,Topwear,Kurtas,Lavender,Summer,2012.0,Casual,Folklore Women Purple Kurta
47003,Women,Apparel,Topwear,Kurtas,White,Fall,2012.0,Ethnic,Shree Women Printed White & Yellow Kurta
30756,Men,Apparel,Topwear,Kurtas,Green,Summer,2012.0,Ethnic,Fabindia Men Green Kurta
20111,Women,Apparel,Topwear,Kurtas,White,Fall,2011.0,Ethnic,Diva Women Printed White Kurta
47009,Women,Apparel,Topwear,Kurtas,Brown,Summer,2012.0,Ethnic,Shree Women Brown Kurta
43270,Women,Apparel,Topwear,Kurtas,Red,Summer,2012.0,Ethnic,Aneri Women Red Kurta
31318,Women,Apparel,Topwear,Kurtas,Off White,Summer,2012.0,Ethnic,Aurelia Women Printed Brown Kurta
18258,Women,Apparel,Topwear,Kurtas,Green,Fall,2011.0,Ethnic,Aneri Women Sanjeeda Green Kurta
12094,Women,Apparel,Topwear,Kurtas,White,Fall,2011.0,Ethnic,W Women Printed White Kurtas
11620,Women,Apparel,Topwear,Kurtas,Green,Summer,2011.0,Ethnic,W Women Solid Lime Green Kurtas
28834,Women,Apparel,Topwear,Kurtas,Multi,Summer,2012.0,Ethnic,Biba Women Printed Multi Coloured Kurta
32224,Women,Apparel,Topwear,Kurtas,Blue,Summer,2012.0,Ethnic,Fabindia Women Striped Blue Kurta
30860,Women,Apparel,Topwear,Kurtas,Maroon,Summer,2012.0,Ethnic,Fabindia Women Printed Maroon Kurta
27293,Women,Apparel,Topwear,Kurtas,Blue,Summer,2012.0,Ethnic,Mother Earth Women Blue Kurta
43268,Women,Apparel,Topwear,Kurtas,Pink,Summer,2012.0,Ethnic,Aneri Women Pink Kurta
58700,Women,Apparel,Topwear,Kurtas,White,Summer,2012.0,Ethnic,ALayna Women Black Kurta
24395,Women,Apparel,Topwear,Kurtas,Blue,Summer,2012.0,Ethnic,Vishudh Women Blue Printed Kurta
11567,Women,Apparel,Topwear,Kurtas,Purple,Summer,2011.0,Ethnic,W Women Printed Purple Kurtas
53835,Women,Apparel,Topwear,Kurtas,Blue,Summer,2012.0,Ethnic,Vishudh Women Blue Printed Kurta
59928,Women,Apparel,Topwear,Kurtas,White,Summer,2012.0,Ethnic,Diva Women White Kurta
27280,Women,Apparel,Topwear,Kurtas,Black,Fall,2011.0,Ethnic,Mother Earth Women Black Kurta
32223,Women,Apparel,Topwear,Kurtas,Pink,Summer,2012.0,Ethnic,Fabindia Women Pink & Orange Striped Kurta
53840,Women,Apparel,Topwear,Kurtas,Purple,Summer,2012.0,Ethnic,Vishudh Women Purple Kurta
58672,Women,Apparel,Topwear,Kurtas,Navy Blue,Summer,2012.0,Ethnic,ALayna Women Navy Blue Kurta
24510,Women,Apparel,Topwear,Kurtas,Green,Fall,2011.0,Ethnic,Mother Earth Women Green Printed Kurta
25842,Women,Apparel,Topwear,Kurtas,Multi,Summer,2012.0,Ethnic,Diva Women Printed Multi Coloured Kurta
54586,Women,Apparel,Topwear,Kurtas,Green,Summer,2012.0,Ethnic,Sushilas Women Printed Green Kurta
56714,Women,Apparel,Topwear,Kurtas,White,Summer,2012.0,Ethnic,Folklore Women Pink & Green Printed Kurta
39157,Women,Apparel,Topwear,Kurtas,Black,Summer,2012.0,Ethnic,Aneri Women Black Kurta
14550,Women,Apparel,Topwear,Kurtas,White,Fall,2011.0,Ethnic,Vishudh Women Floral Print White Kurta
19098,Women,Apparel,Topwear,Kurtas,Beige,Fall,2011.0,Ethnic,Mother Earth Women Embroided Beige Kurta
15097,Women,Apparel,Topwear,Kurtas,Pink,Fall,2011.0,Ethnic,Mother Earth Women Printed Pink Kurtas
58661,Women,Apparel,Topwear,Kurtas,Green,Summer,2012.0,Ethnic,ALayna Women Green Kurta
33041,Women,Apparel,Topwear,Kurtas,Blue,Summer,2012.0,Ethnic,Mother Earth Women Printed Blue Kurta
28755,Women,Apparel,Topwear,Kurtas,Purple,Summer,2012.0,Ethnic,Aurelia Women Printed Purple Kurta
28763,Women,Apparel,Topwear,Kurtas,Maroon,Summer,2012.0,Ethnic,Aurelia Women Maroon Kurta
40587,Women,Apparel,Topwear,Kurtas,Brown,Summer,2012.0,Ethnic,Aurelia Women Brown Kurta
28694,Women,Apparel,Topwear,Kurtas,Black,Summer,2012.0,Ethnic,W Women Printed Black Kurta
30768,Men,Apparel,Topwear,Kurtas,Black,Summer,2012.0,Ethnic,Fabindia Men Black Silk Kurta
43256,Women,Apparel,Topwear,Kurtas,Pink,Summer,2012.0,Ethnic,Aneri Women Salmon Pink Kurta
42350,Women,Apparel,Bottomwear,Leggings,Black,Summer,2012.0,Casual,Flying Machine Women Black Leggings
44686,Women,Apparel,Bottomwear,Leggings,Magenta,Summer,2012.0,Casual,Wills Lifestyle Women Magenta Leggings
50026,Women,Apparel,Bottomwear,Leggings,Maroon,Winter,2015.0,Casual,Hanes Women Maroon ComfortSoft Waistband Cotton Stretch Full Leggings
33959,Women,Apparel,Bottomwear,Leggings,Grey,Summer,2012.0,Casual,Femella Women Grey Leggings
25889,Women,Apparel,Bottomwear,Leggings,Cream,Summer,2012.0,Casual,Femella Women Cream Leggings
39124,Women,Apparel,Bottomwear,Leggings,Beige,Fall,2012.0,Casual,Aneri Women Beige Leggings
54057,Women,Apparel,Bottomwear,Leggings,Sea Green,Summer,2012.0,Casual,Myntra Women Sea Green Leggings
51612,Women,Apparel,Bottomwear,Leggings,Grey,Summer,2012.0,Casual,Kraus Jeans Women Grey leggings
33274,Girls,Apparel,Bottomwear,Leggings,Black,Summer,2012.0,Casual,Gini and Jony Girls Black Leggings
50019,Women,Apparel,Bottomwear,Leggings,Grey Melange,Winter,2015.0,Casual,Hanes Women Grey Comfortsoft Waistband Cotton - Stretch Lace Capri Leggings
41315,Women,Apparel,Bottomwear,Leggings,Navy Blue,Summer,2012.0,Ethnic,Aurelia Women Navy Blue Leggings
25902,Women,Apparel,Bottomwear,Leggings,Grey,Summer,2012.0,Casual,Femella Women Grey Skinny Leggings
22458,Women,Apparel,Bottomwear,Leggings,Pink,Fall,2011.0,Casual,Myntra Women Pink Leggings
41320,Women,Apparel,Bottomwear,Leggings,Rust,Summer,2012.0,Casual,Aurelia Women Rust Leggings
25915,Women,Apparel,Bottomwear,Leggings,Grey,Summer,2012.0,Casual,Femella Women Grey Leggings
23046,Women,Apparel,Bottomwear,Leggings,Black,Fall,2011.0,Casual,Arrow Woman Black Printed Jeggings
17619,Girls,Apparel,Bottomwear,Leggings,White,Fall,2011.0,Casual,Doodle Girls Lace Bow White Leggings
28878,Women,Apparel,Bottomwear,Leggings,Lavender,Summer,2012.0,Casual,BIBA OUTLET Women Lavender Leggings
39326,Girls,Apparel,Bottomwear,Leggings,Black,Summer,2012.0,Casual,Gini and Jony Girls Black Leggings
12159,Women,Apparel,Bottomwear,Leggings,Red,Fall,2011.0,Ethnic,Aurelia Women Solid Red Leggings
11099,Women,Apparel,Bottomwear,Leggings,Black,Fall,2011.0,Ethnic,Scullers Women Solid Black Leggings
22466,Women,Apparel,Bottomwear,Leggings,Cream,Fall,2011.0,Casual,Myntra Women Cream Patiala Salwar
38933,Girls,Apparel,Bottomwear,Leggings,Pink,Summer,2012.0,Casual,Gini and Jony Girls Pink Leggings
57922,Women,Apparel,Bottomwear,Leggings,Purple,Summer,2010.0,Casual,Femella Women Purple Leggings
57925,Women,Apparel,Bottomwear,Leggings,Charcoal,Fall,2012.0,Casual,Femella Women Charcoal Leggings
57894,Women,Apparel,Bottomwear,Leggings,Navy Blue,Fall,2012.0,Ethnic,Femella Women Navy Blue Leggings
12161,Women,Apparel,Bottomwear,Leggings,Green,Fall,2011.0,Ethnic,Aurelia Women Solid Green Leggings
38934,Girls,Apparel,Bottomwear,Leggings,Black,Summer,2012.0,Casual,Gini and Jony Girls Black Leggings
30820,Women,Apparel,Bottomwear,Leggings,Cream,Summer,2012.0,Ethnic,Fabindia Women Cream Leggings
22457,Women,Apparel,Bottomwear,Leggings,Cream,Fall,2011.0,Casual,Myntra Women Cream Leggings
41313,Women,Apparel,Bottomwear,Leggings,White,Summer,2012.0,Ethnic,Aurelia Women White Leggings
40493,Women,Apparel,Bottomwear,Leggings,Blue,Summer,2012.0,Casual,Femella Women Light Blue Leggings
42349,Women,Apparel,Bottomwear,Leggings,Red,Summer,2012.0,Casual,Flying Machine Women Red Leggings
23303,Women,Apparel,Bottomwear,Leggings,Maroon,Fall,2011.0,Ethnic,W Women Solid Maroon Leggings
12162,Women,Apparel,Bottomwear,Leggings,Green,Fall,2011.0,Ethnic,Aurelia Women Solid Blue Leggings
38935,Girls,Apparel,Bottomwear,Leggings,Black,Summer,2012.0,Casual,Gini and Jony Girls Black Leggings
22462,Women,Apparel,Bottomwear,Leggings,Mustard,Fall,2011.0,Casual,Myntra Women Mustard Leggings
52133,Women,Apparel,Bottomwear,Leggings,Navy Blue,Fall,2012.0,Casual,Femella Women Navy Blue Leggings
28452,Women,Apparel,Bottomwear,Leggings,Black,Summer,2012.0,Casual,Urban Yoga Women Black Leggings
57923,Women,Apparel,Bottomwear,Leggings,Navy Blue,Fall,2012.0,Casual,Femella Women Navy Blue Leggings
25036,Women,Apparel,Bottomwear,Leggings,Grey,Fall,2011.0,Casual,Nike Women Depth Long Grey Leggings
39118,Women,Apparel,Bottomwear,Leggings,Black,Fall,2012.0,Casual,Aneri Women Black Leggings
40931,Girls,Apparel,Bottomwear,Leggings,Blue,Summer,2012.0,Casual,Gini and Jony Girls Happy Style Blue Leggings
50023,Women,Apparel,Bottomwear,Leggings,White,Winter,2015.0,Casual,Hanes Women White ComfortSoft Waistband Cotton Stretch Full Leggings
22463,Women,Apparel,Bottomwear,Leggings,Maroon,Fall,2011.0,Casual,Myntra Women Maroon Leggings
12155,Women,Apparel,Bottomwear,Leggings,Beige,Fall,2011.0,Ethnic,Aurelia Women Solid Beige Leggings
17620,Girls,Apparel,Bottomwear,Leggings,Red,Fall,2011.0,Casual,Doodle Girls Red Leggings
41316,Women,Apparel,Bottomwear,Leggings,Purple,Summer,2012.0,Ethnic,Aurelia Women Purple Leggings
57893,Women,Apparel,Bottomwear,Leggings,Cream,Fall,2012.0,Casual,Femella Women Cream Leggings
50022,Women,Apparel,Bottomwear,Leggings,Grey Melange,Winter,2015.0,Casual,Hanes Women Pink Comfortsoft Waistband Cotton - Stretch Lace Capri Leggings
28879,Women,Apparel,Bottomwear,Leggings,Red,Summer,2012.0,Casual,BIBA OUTLET Women Red Leggings
37515,Boys,Apparel,Bottomwear,Leggings,Blue,Summer,2012.0,Casual,Madagascar3 Infant Boys Blue Leggings
23302,Women,Apparel,Bottomwear,Leggings,Brown,Fall,2011.0,Ethnic,W Women Brown Leggings
37516,Boys,Apparel,Bottomwear,Leggings,White,Summer,2012.0,Casual,Madagascar3 Infant Boys White Leggings
41317,Women,Apparel,Bottomwear,Leggings,Red,Summer,2012.0,Ethnic,Aurelia Women Red Leggings
25929,Women,Apparel,Bottomwear,Leggings,Black,Summer,2012.0,Casual,Femella Women Black Leggings
43524,Women,Apparel,Bottomwear,Leggings,Black,Summer,2012.0,Casual,French Connection Women Black Legging
41322,Women,Apparel,Bottomwear,Leggings,Orange,Summer,2012.0,Ethnic,Aurelia Women Orange Leggings
39126,Women,Apparel,Bottomwear,Leggings,Yellow,Fall,2012.0,Casual,Aneri Women Yellow Leggings
25037,Women,Apparel,Bottomwear,Leggings,Purple,Fall,2011.0,Casual,Nike Women Long Purple Leggings
50027,Women,Apparel,Bottomwear,Leggings,Brown,Winter,2015.0,Casual,Hanes Women Brown ComfortSoft Waistband Cotton Stretch Full Leggings
39117,Women,Apparel,Bottomwear,Leggings,Green,Fall,2012.0,Casual,Aneri Women Green Leggings
49758,Women,Apparel,Bottomwear,Leggings,Beige,Summer,2012.0,Casual,Vishudh Beige Leggings
30815,Women,Apparel,Bottomwear,Leggings,Mustard,Summer,2012.0,Ethnic,Fabindia Women Mustard Leggings
12154,Women,Apparel,Bottomwear,Leggings,Black,Fall,2011.0,Ethnic,Aurelia Women Solid Black Leggings
25914,Women,Apparel,Bottomwear,Leggings,Olive,Summer,2012.0,Casual,Femella Women Olive Leggings
33958,Women,Apparel,Bottomwear,Leggings,Blue,Summer,2012.0,Casual,Femella Women Blue Leggings
22464,Women,Apparel,Bottomwear,Leggings,Black,Fall,2011.0,Casual,Myntra Women Black Patiala Salwar
39122,Women,Apparel,Bottomwear,Leggings,Blue,Fall,2012.0,Casual,Aneri Women Blue Leggings
41314,Women,Apparel,Bottomwear,Leggings,Black,Fall,2012.0,Casual,Aurelia Women Black Leggings
54342,Women,Apparel,Bottomwear,Leggings,Blue,Summer,2012.0,Casual,BIBA OUTLET Women Blue Premium Cotton Leggings
43526,Women,Apparel,Bottomwear,Leggings,Navy Blue,Summer,2012.0,Casual,French Connection Women Navy Blue Leggings
39130,Women,Apparel,Bottomwear,Leggings,Grey,Fall,2012.0,Casual,Aneri Women Grey Leggings
23045,Women,Apparel,Bottomwear,Leggings,Black,Fall,2011.0,Casual,Arrow Woman Black Printed Jeggings
50018,Women,Apparel,Bottomwear,Leggings,Black,Winter,2015.0,Casual,Hanes Women Black Comfortsoft Waistband Cotton - Stretch Lace Capri Leggings
54059,Women,Apparel,Bottomwear,Leggings,White,Summer,2010.0,Casual,Myntra Women White Leggings
12163,Women,Apparel,Bottomwear,Leggings,Purple,Fall,2011.0,Ethnic,Aurelia Women Solid Purple Leggings
54051,Women,Apparel,Bottomwear,Leggings,Black,Summer,2012.0,Casual,Myntra Women Black Leggings
25897,Women,Apparel,Bottomwear,Leggings,Green,Summer,2012.0,Casual,Femella Women Green Skinny Leggings
57899,Women,Apparel,Bottomwear,Leggings,Black,Fall,2012.0,Casual,Femella Women Black Leggings
38932,Girls,Apparel,Bottomwear,Leggings,Pink,Summer,2012.0,Casual,Gini and Jony Girls Pink Leggings
39128,Women,Apparel,Bottomwear,Leggings,Red,Fall,2012.0,Casual,Aneri Women Red Leggings
11098,Women,Apparel,Bottomwear,Leggings,Purple,Fall,2011.0,Ethnic,Scullers Women Solid Purple Leggings
54055,Women,Apparel,Bottomwear,Leggings,Rust,Summer,2012.0,Casual,Myntra Women Rust Leggings
25890,Women,Apparel,Bottomwear,Leggings,White,Summer,2012.0,Casual,Femella Women White Leggings
33960,Women,Apparel,Bottomwear,Leggings,Pink,Summer,2012.0,Casual,Femella Women Pink Leggings
54053,Women,Apparel,Bottomwear,Leggings,White,Summer,2012.0,Casual,Myntra Women White Leggings
25898,Women,Apparel,Bottomwear,Leggings,Brown,Summer,2012.0,Casual,Femella Women Dark Brown Skinny Leggings
30810,Women,Apparel,Bottomwear,Leggings,Beige,Summer,2012.0,Casual,Fabindia Women Beige Leggings
6866,Women,Apparel,Bottomwear,Leggings,Black,Summer,2011.0,Ethnic,Forever New Women Black Leggings
39131,Women,Apparel,Bottomwear,Leggings,Pink,Fall,2012.0,Casual,Aneri Women Pink Leggings
28943,Women,Apparel,Bottomwear,Leggings,Green,Summer,2012.0,Casual,BIBA OUTLET Women Green Leggings
12158,Women,Apparel,Bottomwear,Leggings,Navy Blue,Fall,2011.0,Ethnic,Aurelia Women Solid Navy Blue Leggings
25909,Women,Apparel,Bottomwear,Leggings,Pink,Summer,2012.0,Casual,Femella Women Pink Leggings
23301,Women,Apparel,Bottomwear,Leggings,Beige,Fall,2011.0,Ethnic,W Women Solid Beige Leggings
40932,Girls,Apparel,Bottomwear,Leggings,Blue,Summer,2012.0,Casual,Gini and Jony Girls Happy Style Blue Leggings
50020,Women,Apparel,Bottomwear,Leggings,Navy Blue,Winter,2015.0,Casual,Hanes Women Navy Cotton Stretch Leggings
37514,Boys,Apparel,Bottomwear,Leggings,Yellow,Summer,2012.0,Casual,Madagascar3 Infant Boys Lemon Yellow Leggings
39121,Women,Apparel,Bottomwear,Leggings,Pink,Fall,2012.0,Casual,Aneri Women Pink Leggings
49762,Women,Apparel,Bottomwear,Leggings,Purple,Summer,2012.0,Casual,Vishudh Purple Leggings
51614,Women,Apparel,Bottomwear,Leggings,White,Fall,2012.0,Casual,Kraus Jeans Women White Leggings
33719,Women,Apparel,Bottomwear,Leggings,Blue,Fall,2012.0,Casual,Pieces Women Blue Leggings
25901,Women,Apparel,Bottomwear,Leggings,Pink,Summer,2012.0,Casual,Femella Women Plum Skinny Leggings
33961,Women,Apparel,Bottomwear,Leggings,Red,Summer,2012.0,Casual,Femella Women Red Leggings
25899,Women,Apparel,Bottomwear,Leggings,Charcoal,Summer,2012.0,Casual,Femella Women Charcoal Skinny Leggings
54056,Women,Apparel,Bottomwear,Leggings,Pink,Summer,2012.0,Casual,Myntra Women Pink Leggings
50021,Women,Apparel,Bottomwear,Leggings,Brown,Winter,2015.0,Casual,Hanes Women Brown Comfortsoft Waistband Cotton - Stretch Lace Capri Leggings
22459,Women,Apparel,Bottomwear,Leggings,Purple,Fall,2011.0,Casual,Myntra Women Purple Leggings
25904,Women,Apparel,Bottomwear,Leggings,Purple,Summer,2012.0,Casual,Femella Women Purple Skinny Leggings
12157,Women,Apparel,Bottomwear,Leggings,Orange,Fall,2011.0,Ethnic,Aurelia Women Solid Orange Leggings
28453,Women,Apparel,Bottomwear,Leggings,Maroon,Summer,2012.0,Casual,Urban Yoga Women Maroon Leggings
39129,Women,Apparel,Bottomwear,Leggings,Red,Fall,2012.0,Ethnic,Aneri Women Rust Red Leggings
49757,Women,Apparel,Bottomwear,Leggings,Maroon,Summer,2012.0,Casual,Vishudh Maroon Leggings
39125,Women,Apparel,Bottomwear,Leggings,Purple,Fall,2012.0,Casual,Aneri Women Purple Leggings
30813,Women,Apparel,Bottomwear,Leggings,White,Summer,2012.0,Casual,Fabindia Women White Leggings
23043,Women,Apparel,Bottomwear,Leggings,Blue,Fall,2011.0,Casual,Arrow Woman Blue Jeggings
39133,Women,Apparel,Bottomwear,Leggings,Blue,Fall,2012.0,Casual,Aneri Women Blue Leggings
50025,Women,Apparel,Bottomwear,Leggings,Nude,Winter,2015.0,Casual,Hanes Women Nude ComfortSoft Waistband Cotton Stretch Full Leggings
28944,Women,Apparel,Bottomwear,Leggings,Pink,Summer,2012.0,Casual,BIBA OUTLET Women Pink Leggings
30817,Women,Apparel,Bottomwear,Leggings,Rust,Summer,2012.0,Ethnic,Fabindia Women Rust Leggings
30819,Women,Apparel,Bottomwear,Leggings,Pink,Summer,2012.0,Ethnic,Fabindia Women Pink Leggings
54052,Women,Apparel,Bottomwear,Leggings,Navy Blue,Summer,2012.0,Casual,Myntra Women Navy Blue Leggings
33720,Women,Apparel,Bottomwear,Leggings,Green,Fall,2012.0,Casual,Pieces Women Green Leggings
31180,Girls,Apparel,Bottomwear,Leggings,White,Summer,2012.0,Casual,Gini and Jony Kids Leggings
33149,Girls,Apparel,Bottomwear,Leggings,Pink,Summer,2012.0,Casual,Gini and Jony Girls Pink Leggings
50024,Women,Apparel,Bottomwear,Leggings,Black,Winter,2015.0,Casual,Hanes Women Black ComfortSoft Waistband Cotton Stretch Full Leggings
25896,Women,Apparel,Bottomwear,Leggings,Black,Summer,2012.0,Casual,Femella Women Black Skinny Leggings
39127,Women,Apparel,Bottomwear,Leggings,Pink,Fall,2012.0,Casual,Aneri Women Dusky Pink Leggings
30818,Women,Apparel,Bottomwear,Leggings,Brown,Summer,2012.0,Casual,Fabindia Women Brown Leggings
51611,Women,Apparel,Bottomwear,Leggings,Black,Fall,2012.0,Casual,Kraus Jeans Women Black Leggings
9993,Women,Apparel,Bottomwear,Leggings,Beige,Fall,2011.0,Casual,Urban Yoga Women Anga Beige Leggings
30814,Women,Apparel,Bottomwear,Leggings,Purple,Summer,2012.0,Ethnic,Fabindia Women Purple Leggings
43525,Women,Apparel,Bottomwear,Leggings,Cream,Summer,2012.0,Casual,French Connection Women Cream Leggings
25913,Women,Apparel,Bottomwear,Leggings,Blue,Summer,2012.0,Casual,Femella Women Blue Leggings
25912,Women,Apparel,Bottomwear,Leggings,Cream,Summer,2012.0,Casual,Femella Women Cream Leggings
33721,Women,Apparel,Bottomwear,Leggings,Peach,Fall,2012.0,Casual,Pieces Women Peach Leggings
51613,Women,Apparel,Bottomwear,Leggings,Blue,Fall,2012.0,Casual,Kraus Jeans Women Blue Leggings
33998,Women,Apparel,Bottomwear,Leggings,Blue,Summer,2012.0,Casual,Femella Women Blue Leggings
39123,Women,Apparel,Bottomwear,Leggings,White,Fall,2012.0,Casual,Aneri Women White Leggings
25906,Women,Apparel,Bottomwear,Leggings,Purple,Summer,2012.0,Casual,Femella Women Wine Skinny Leggings
22465,Women,Apparel,Bottomwear,Leggings,Pink,Fall,2011.0,Casual,Myntra Women Pink Patiala Salwar
36218,Girls,Apparel,Bottomwear,Leggings,Pink,Summer,2012.0,Casual,Gini Jony Girls Pink Leggings
49763,Women,Apparel,Bottomwear,Leggings,Grey,Summer,2012.0,Casual,Vishudh Grey Leggings
25905,Women,Apparel,Bottomwear,Leggings,Blue,Summer,2012.0,Casual,Femella Women Blue Skinny Leggings
39011,Girls,Apparel,Bottomwear,Leggings,Blue,Summer,2012.0,Casual,Gini and Jony Girls Happy Style Blue Leggings
33717,Women,Apparel,Bottomwear,Leggings,Turquoise Blue,Summer,2012.0,Casual,Pieces Women Turquoise Blue Leggings
39120,Women,Apparel,Bottomwear,Leggings,Brown,Fall,2012.0,Casual,Aneri Women Brown Leggings
49761,Women,Apparel,Bottomwear,Leggings,White,Summer,2012.0,Casual,Vishudh White Leggings
39755,Girls,Apparel,Bottomwear,Leggings,Pink,Summer,2012.0,Casual,Gini Jony Girls Pink Leggings
22461,Women,Apparel,Bottomwear,Leggings,Pink,Fall,2011.0,Casual,Myntra Women Dark Pink Leggings
22456,Women,Apparel,Bottomwear,Leggings,Blue,Fall,2011.0,Casual,Myntra Women Blue Leggings
30816,Women,Apparel,Bottomwear,Leggings,Red,Summer,2012.0,Ethnic,Fabindia Women Red Leggings
54054,Women,Apparel,Bottomwear,Leggings,Green,Summer,2012.0,Casual,Myntra Women Green Leggings
33148,Girls,Apparel,Bottomwear,Leggings,Black,Summer,2012.0,Casual,Gini and Jony Girls Black Leggings
39132,Women,Apparel,Bottomwear,Leggings,Purple,Fall,2012.0,Casual,Aneri Women Purple Leggings
54058,Women,Apparel,Bottomwear,Leggings,Green,Summer,2012.0,Casual,Myntra Women Green Leggings
33957,Women,Apparel,Bottomwear,Leggings,Black,Spring,2012.0,Casual,Femella Women Black Leggings
57924,Women,Apparel,Bottomwear,Leggings,Red,Fall,2012.0,Casual,Femella Women Red Leggings
30812,Women,Apparel,Bottomwear,Leggings,Maroon,Summer,2012.0,Ethnic,Fabindia Women Maroon Leggings
23044,Women,Apparel,Bottomwear,Leggings,Brown,Fall,2011.0,Casual,Arrow Woman Brown Jeggings
49759,Women,Apparel,Bottomwear,Leggings,Red,Summer,2012.0,Casual,Vishudh Red Leggings
49764,Women,Apparel,Bottomwear,Leggings,Black,Summer,2012.0,Casual,Vishudh Black Leggings
40494,Women,Apparel,Bottomwear,Leggings,Brown,Summer,2012.0,Casual,Femella Women Brown Leggings
22454,Women,Apparel,Bottomwear,Leggings,Red,Fall,2011.0,Casual,Myntra Women Red Leggings
12156,Women,Apparel,Bottomwear,Leggings,Cream,Fall,2011.0,Ethnic,Aurelia Women Solid Cream Leggings
12160,Women,Apparel,Bottomwear,Leggings,Yellow,Fall,2011.0,Ethnic,Aurelia Women Solid Yellow Leggings
17621,Girls,Apparel,Bottomwear,Leggings,Pink,Fall,2011.0,Casual,Doodle Girls Lace Bow LT.Pink Leggings
25900,Women,Apparel,Bottomwear,Leggings,Teal,Summer,2012.0,Casual,Femella Women Teal Skinny Leggings
40930,Girls,Apparel,Bottomwear,Leggings,Blue,Summer,2012.0,Casual,Gini and Jony Girls Happy Style Blue Leggings
40495,Women,Apparel,Bottomwear,Leggings,Olive,Summer,2012.0,Casual,Femella Women Olive Leggings
25903,Women,Apparel,Bottomwear,Leggings,Navy Blue,Summer,2012.0,Casual,Femella Women Navy Blue Skinny Leggings
32410,Women,Apparel,Bottomwear,Leggings,Blue,Summer,2012.0,Sports,ADIDAS Women Blue Leggings
49760,Women,Apparel,Bottomwear,Leggings,Green,Summer,2012.0,Casual,Vishudh Green Leggings
33273,Girls,Apparel,Bottomwear,Leggings,Green,Summer,2012.0,Casual,Gini and Jony Girls Green Leggings
39327,Girls,Apparel,Bottomwear,Leggings,Green,Summer,2012.0,Casual,Gini and Jony Girls Green Leggings
39119,Women,Apparel,Bottomwear,Leggings,Blue,Fall,2012.0,Casual,Aneri Women Blue Leggings
17618,Girls,Apparel,Bottomwear,Leggings,Black,Fall,2011.0,Casual,Doodle Girls Lace Bow Black Leggings
5104,Men,Footwear,Sandal,Sandals,Brown,Summer,2011.0,Casual,Rockport Men's Jelba Brown Flip Flop
15363,Men,Footwear,Sandal,Sandals,Brown,Summer,2012.0,Casual,Red Tape Men Casual Brown Sandals
11918,Men,Footwear,Sandal,Sandals,Black,Summer,2011.0,Casual,Franco Leone Men Casual Black Sandals
6147,Unisex,Footwear,Sandal,Sandals,Grey,Summer,2011.0,Casual,Puma Unisex K9 Grey Yellow Floater
7330,Men,Footwear,Sandal,Sandals,Black,Summer,2013.0,Casual,Red Tape Men Strappy Black Floater
15888,Girls,Footwear,Sandal,Sandals,Green,Fall,2012.0,Casual,Warner Bros Kids Girls TW Big Facelog Green Sandals
35535,Girls,Footwear,Sandal,Sandals,Orange,Summer,2012.0,Casual,Enroute Teens Orange Sandals
16177,Men,Footwear,Sandal,Sandals,Black,Summer,2012.0,Casual,Enroute Men Leather Black Sandals
5599,Men,Footwear,Sandal,Sandals,Black,Summer,2011.0,Sports,Reebok Men's Trail Surpant Black Orange Shoe
29239,Men,Footwear,Sandal,Sandals,Black,Summer,2012.0,Casual,ADIDAS Men Pural Black Sandals
22883,Men,Footwear,Sandal,Sandals,Khaki,Winter,2015.0,Casual,Woodland Men Khaki Casual Sandals
7253,Men,Footwear,Sandal,Sandals,Black,Fall,2011.0,Casual,Rockport Men Middle Field Black Floater
18496,Men,Footwear,Sandal,Sandals,Navy Blue,Fall,2011.0,Casual,Puma Men Fashion Cat Navy Blue Slipper
15887,Girls,Footwear,Sandal,Sandals,Blue,Fall,2012.0,Casual,Warner Bros Kids Girls TW Big Facelog Blue Sandals
10079,Unisex,Footwear,Sandal,Sandals,Black,Fall,2011.0,Casual,Reebok Unisex Twist Black Sandals
17054,Men,Footwear,Sandal,Sandals,Brown,Summer,2013.0,Casual,Gas Men Newport Slipper
10115,Unisex,Footwear,Sandal,Sandals,Grey,Fall,2011.0,Casual,Reebok Unisex Adventure Sports Grey Sandals
15067,Men,Footwear,Sandal,Sandals,Brown,Summer,2012.0,Casual,Ganuchi Men Brown Sandal
3577,Men,Footwear,Sandal,Sandals,Black,Summer,2011.0,Casual,ADIDAS Men Black Alumin Sandal
57507,Men,Footwear,Sandal,Sandals,Black,Summer,2012.0,Casual,Lee Cooper Men Black  Sandals
44556,Men,Footwear,Sandal,Sandals,Black,Summer,2012.0,Casual,Coolers Men Black Sandals
16981,Men,Footwear,Sandal,Sandals,Blue,Spring,2012.0,Casual,Puma Men Arizona Blue Slipper
6397,Men,Footwear,Sandal,Sandals,Black,Summer,2011.0,Casual,Lotto Men Revenge 02 Black Blue Floater
15854,Girls,Footwear,Sandal,Sandals,Purple,Fall,2012.0,Casual,Warner Bros Kids Girls TW Big Facelog Purple Sandals
11942,Men,Footwear,Sandal,Sandals,Black,Summer,2011.0,Casual,Ganuchi Men Casual Black Sandals
28324,Men,Footwear,Sandal,Sandals,Black,Winter,2018.0,Casual,Red Tape Men Casual Black Sandals
5296,Men,Footwear,Sandal,Sandals,Black,Summer,2011.0,Casual,Puma Men Black Floater
15074,Men,Footwear,Sandal,Sandals,Brown,Summer,2012.0,Casual,Ganuchi Men Brown Sandal
50776,Men,Footwear,Sandal,Sandals,Brown,Winter,2013.0,Casual,Clarks Men Brown Leather Sandals
35161,Men,Footwear,Sandal,Sandals,Black,Fall,2012.0,Casual,Coolers Men Black Sandals
15891,Unisex,Footwear,Sandal,Sandals,Yellow,Fall,2011.0,Casual,Warner Bros Kids Unisex TJ Rainbow Clog Yellow Sandals
15868,Unisex,Footwear,Sandal,Sandals,Brown,Fall,2011.0,Casual,Warner Bros Kids Unisex TJ Playlogs Brown Sandals
43545,Men,Footwear,Sandal,Sandals,Brown,Summer,2012.0,Casual,Woodland Men Brown Sandals
4278,Men,Footwear,Sandal,Sandals,Black,Summer,2011.0,Casual,Rockport Men Joquelp Black Sandal
35406,Men,Footwear,Sandal,Sandals,Brown,Summer,2013.0,Casual,Enroute Men Brown Sandals
12688,Unisex,Footwear,Sandal,Sandals,Black,Fall,2011.0,Casual,Fila Unisex Opera Black Slippers
33646,Men,Footwear,Sandal,Sandals,Black,Summer,2012.0,Casual,Lotto Men Ridge Black Sandals
38787,Men,Footwear,Sandal,Sandals,Brown,Winter,2015.0,Casual,Woodland Men Brown Sandals
5611,Men,Footwear,Sandal,Sandals,Black,Summer,2011.0,Casual,ADIDAS Men Kendall Black Grey Floater
13925,Men,Footwear,Sandal,Sandals,Red,Fall,2011.0,Casual,Nike Men Solarsoft Slide Red Slippers
22248,Men,Footwear,Sandal,Sandals,Green,Fall,2012.0,Casual,ID Men Green Casual Sandals
15311,Men,Footwear,Sandal,Sandals,Beige,Fall,2011.0,Casual,ADIDAS Men Hispana M Beige Sandals
15252,Men,Footwear,Sandal,Sandals,Olive,Fall,2011.0,Casual,ADIDAS Originals Men Adi Sun M Olive Slippers
39818,Men,Footwear,Sandal,Sandals,Black,Summer,2012.0,Casual,Red Tape Men Black Sandals
12720,Unisex,Footwear,Sandal,Sandals,Black,Fall,2011.0,Casual,ADIDAS Unisex Casual Black Sandals
16969,Men,Footwear,Sandal,Sandals,Black,Fall,2011.0,Casual,Puma Men Coupe Black Sandal
3504,Men,Footwear,Sandal,Sandals,Brown,Fall,2010.0,Casual,ADIDAS Men Spry Wine Black Sandal
7371,Men,Footwear,Sandal,Sandals,Brown,Winter,2018.0,Casual,Red Tape Men Casual Light Brown Floater
39813,Men,Footwear,Sandal,Sandals,Brown,Summer,2013.0,Casual,Red Tape Men Brown Sandals
44562,Men,Footwear,Sandal,Sandals,Brown,Winter,2012.0,Casual,Coolers Men Brown Sandals
13897,Men,Footwear,Sandal,Sandals,Black,Fall,2011.0,Casual,Nike Men Mikumi Black Sandals
9019,Men,Footwear,Sandal,Sandals,Brown,Winter,2011.0,Casual,Buckaroo Men Mar Brown Sandals
39958,Men,Footwear,Sandal,Sandals,Brown,Spring,2013.0,Casual,GAS Men Brown Deeply Sandals
11935,Men,Footwear,Sandal,Sandals,Black,Summer,2012.0,Casual,Ganuchi Men Casual Black Slipper
15071,Men,Footwear,Sandal,Sandals,Brown,Fall,2012.0,Casual,Ganuchi Men Brown Sandals
6350,Unisex,Footwear,Sandal,Sandals,Blue,Summer,2011.0,Casual,Crocs Kid's Unisex Basic Clog Blue Kidswear
43957,Women,Footwear,Sandal,Sandals,Grey,Fall,2012.0,Casual,Puma Women Grey Techno Ind Sandals
47115,Boys,Footwear,Sandal,Sandals,Blue,Fall,2012.0,Casual,Marvel Boys Blue Slippers
6129,Unisex,Footwear,Sandal,Sandals,Black,Summer,2011.0,Casual,Puma Unisex Scuba Black Sandals
44544,Men,Footwear,Sandal,Sandals,Black,Summer,2012.0,Casual,Coolers Men Black Sandals
7771,Unisex,Footwear,Sandal,Sandals,Black,Summer,2012.0,Casual,Converse Unisex As Chucks Black Floater
39961,Men,Footwear,Sandal,Sandals,Brown,Spring,2013.0,Casual,GAS Men Brown Madly Sandals
44532,Men,Footwear,Sandal,Sandals,Black,Summer,2012.0,Casual,Coolers Men Black Sandals
22882,Men,Footwear,Sandal,Sandals,Olive,Winter,2015.0,Casual,Woodland Men Olive Casual Sandals
4652,Men,Footwear,Sandal,Sandals,Brown,Summer,2011.0,Casual,ADIDAS Men Cherokee Brown Red Sandal
2230,Men,Footwear,Sandal,Sandals,Black,Fall,2010.0,Casual,Puma Men Cruise Black Sandal
41869,Men,Footwear,Sandal,Sandals,Yellow,Fall,2015.0,Casual,Estd. 1977 Men Yellow & Brown Sandals
41875,Men,Footwear,Sandal,Sandals,Brown,Fall,2014.0,Casual,Estd. 1977 Men Brown Sandals
20865,Unisex,Footwear,Sandal,Sandals,Green,Winter,2012.0,Casual,Disney Kids-Unisex Lightning Green Sandals
6138,Unisex,Footwear,Sandal,Sandals,Grey,Winter,2011.0,Casual,Puma Unisex Winch Grey Orange Floater
15900,Unisex,Footwear,Sandal,Sandals,Blue,Fall,2012.0,Casual,Warner Bros Kids Unisex TJ Hit & Chase Flops Blue Slippers
24686,Men,Footwear,Sandal,Sandals,Black,Fall,2011.0,Casual,Lee Cooper Men Classic Black Sandals
22149,Men,Footwear,Sandal,Sandals,Black,Fall,2011.0,Casual,Lee Cooper Men Black Casual Sandals
47175,Men,Footwear,Sandal,Sandals,Black,Summer,2012.0,Casual,Ganuchi Men Black Sandals
23895,Men,Footwear,Sandal,Sandals,Olive,Summer,2012.0,Casual,Fila Men Corvette Olive Sandals
59349,Men,Footwear,Sandal,Sandals,Brown,Summer,2012.0,Casual,Gliders Men Brown Sandals
35554,Girls,Footwear,Sandal,Sandals,Pink,Summer,2012.0,Casual,Enroute Teens Pink Sandals
44530,Men,Footwear,Sandal,Sandals,Black,Summer,2012.0,Casual,Coolers Men Black Sandals
9012,Men,Footwear,Sandal,Sandals,Grey,Summer,2011.0,Casual,Decathlon Men Quechua Grey Floater
44448,Men,Footwear,Sandal,Sandals,Black,Summer,2013.0,Casual,Gliders Men Black Sandals
3491,Men,Footwear,Sandal,Sandals,Black,Fall,2010.0,Casual,ADIDAS Men Hispana Red Black Sandal
35543,Girls,Footwear,Sandal,Sandals,Black,Summer,2012.0,Casual,Enroute Teens Black Sandals
44567,Men,Footwear,Sandal,Sandals,Brown,Summer,2012.0,Casual,Coolers Men Coffee Brown Sandals
39740,Men,Footwear,Sandal,Sandals,Brown,Summer,2012.0,Casual,Arrow Men Brown Sandals
22885,Men,Footwear,Sandal,Sandals,Khaki,Winter,2015.0,Casual,Woodland Men Khaki Casual Sandals
44942,Men,Footwear,Sandal,Sandals,Brown,Summer,2013.0,Casual,Franco Leone Men Brown Sandals
39814,Men,Footwear,Sandal,Sandals,Brown,Summer,2012.0,Casual,Red Tape Men Brown Sandals
3581,Men,Footwear,Sandal,Sandals,Black,Fall,2013.0,Casual,ADIDAS Men Black Cobalt Sandal
41876,Men,Footwear,Sandal,Sandals,Black,Summer,2016.0,Casual,Estd. 1977 Men Beige & Black Sandals
9707,Men,Footwear,Sandal,Sandals,Brown,Fall,2011.0,Formal,Hush Puppies Men Walsh Brown Sandals
13904,Men,Footwear,Sandal,Sandals,Grey,Fall,2011.0,Casual,Nike Men Straprunner Grey Sandals
18497,Men,Footwear,Sandal,Sandals,Black,Fall,2011.0,Casual,Puma Men Future Cat Black Slipper
9718,Men,Footwear,Sandal,Sandals,Brown,Fall,2011.0,Casual,Hush Puppies Men Walsh Brown Sandals
44561,Men,Footwear,Sandal,Sandals,Black,Summer,2012.0,Casual,Coolers Men Black Sandals
12961,Men,Footwear,Sandal,Sandals,Brown,Fall,2011.0,Casual,ADIDAS Men Casual Brown Sandals
9796,Unisex,Footwear,Sandal,Sandals,Brown,Fall,2011.0,Casual,Hush Puppies Unisex Slip on Brown Floaters
6130,Unisex,Footwear,Sandal,Sandals,Green,Summer,2011.0,Casual,Puma Unisex Scuba Black Green Floater
15362,Men,Footwear,Sandal,Sandals,Black,Summer,2012.0,Casual,Red Tape Men Black Sandals
50736,Men,Footwear,Sandal,Sandals,Brown,Winter,2018.0,Casual,Red Chief Men Brown Sandals
50731,Men,Footwear,Sandal,Sandals,Black,Winter,2018.0,Casual,Red Chief Men Black Sandals
33656,Men,Footwear,Sandal,Sandals,Black,Summer,2012.0,Casual,Lotto Men Black Zeus Sandals
15896,Girls,Footwear,Sandal,Sandals,Pink,Winter,2012.0,Casual,Warner Bros Kids Girls TW Love flops Pink Slippers
28333,Men,Footwear,Sandal,Sandals,Brown,Winter,2018.0,Casual,Red Tape Men Casual Brown Sandals
16117,Men,Footwear,Sandal,Sandals,Black,Fall,2011.0,Casual,Numero Uno Men Casual Black Slipper
47229,Men,Footwear,Sandal,Sandals,Black,Summer,2012.0,Casual,Franco Leone Men Black Sandals
26556,Men,Footwear,Sandal,Sandals,Black,Fall,2012.0,Casual,Lee Cooper Men Black Sandals
34524,Men,Footwear,Sandal,Sandals,Brown,Summer,2012.0,Casual,Red Tape Men Brown Sandals
28331,Men,Footwear,Sandal,Sandals,Brown,Winter,2018.0,Casual,Redtape Men Casual Brown Sandals
12865,Men,Footwear,Sandal,Sandals,Black,Fall,2011.0,Casual,Lee Cooper Men Casual Black Sandals
44447,Men,Footwear,Sandal,Sandals,Black,Summer,2013.0,Casual,Gliders Men Black Fighter Sandals
39737,Men,Footwear,Sandal,Sandals,Black,Summer,2012.0,Casual,Arrow Men Black Sandals
3633,Men,Footwear,Sandal,Sandals,Black,Summer,2011.0,Casual,Puma Men Argon Black Yellow Sandal
41459,Men,Footwear,Sandal,Sandals,Black,Winter,2015.0,Casual,Lee Cooper Men Black Sandals
11916,Men,Footwear,Sandal,Sandals,Black,Summer,2011.0,Casual,Franco Leone Men Casual Black Sandals
44547,Men,Footwear,Sandal,Sandals,Brown,Summer,2012.0,Casual,Coolers Men Brown Sandals
35537,Girls,Footwear,Sandal,Sandals,Black,Summer,2012.0,Casual,Enroute Kids Girls Black Sandals
42010,Men,Footwear,Sandal,Sandals,Brown,Summer,2015.0,Casual,Estd. 1977 Men Brown Sandals
8535,Unisex,Footwear,Sandal,Sandals,Black,Summer,2011.0,Casual,Crocs Kids Cayman black Sandals
24688,Men,Footwear,Sandal,Sandals,Black,Spring,2012.0,Casual,Lee Cooper Men Basic Black Sandals
39829,Men,Footwear,Sandal,Sandals,Brown,Summer,2012.0,Casual,Red Tape Men Brown Sandals
7968,Unisex,Footwear,Sandal,Sandals,Green,Fall,2011.0,Casual,Fila Unisex Inferno Olive Green Floater
3835,Men,Footwear,Sandal,Sandals,Black,Summer,2011.0,Casual,Crocs Men Santa Cruz Clog Black Sandal
13375,Men,Footwear,Sandal,Sandals,Blue,Fall,2011.0,Casual,Timberland Men Jeunes Blue Sandals
11946,Men,Footwear,Sandal,Sandals,Brown,Summer,2012.0,Casual,Ganuchi Men Casual Brown Sandals
41877,Men,Footwear,Sandal,Sandals,Brown,Summer,2016.0,Casual,Estd. 1977 Men Brown Sandals
22887,Men,Footwear,Sandal,Sandals,Olive,Summer,2012.0,Casual,Woodland Men Olive Casual Sandals
28330,Men,Footwear,Sandal,Sandals,Black,Winter,2018.0,Casual,Red Tape Men Casual Black Sandals
15857,Unisex,Footwear,Sandal,Sandals,Blue,Spring,2013.0,Casual,Warner Bros Kids Unisex LT Blug Clog Blue Sandals
17052,Men,Footwear,Sandal,Sandals,Black,Spring,2013.0,Casual,Gas Men Venice Slipper
33659,Men,Footwear,Sandal,Sandals,Brown,Summer,2012.0,Casual,Lotto Men Sting II Brown & Black Sandals
16973,Men,Footwear,Sandal,Sandals,Olive,Fall,2011.0,Casual,Puma Men Cooper Black Sandal
44520,Men,Footwear,Sandal,Sandals,Khaki,Summer,2012.0,Casual,Coolers Men Khaki Sandals
41862,Men,Footwear,Sandal,Sandals,Brown,Summer,2016.0,Casual,Estd. 1977 Men Brown Sandals
16189,Men,Footwear,Sandal,Sandals,Black,Fall,2012.0,Casual,Enroute Men Leather Black Sandals
5288,Men,Footwear,Sandal,Sandals,Brown,Summer,2011.0,Casual,Lee Cooper Men Brown Floater
15369,Men,Footwear,Sandal,Sandals,Black,Summer,2012.0,Casual,Red Tape Men Casual Black Sandals
11939,Men,Footwear,Sandal,Sandals,Brown,Summer,2011.0,Casual,Ganuchi Men Casual Brown Sandals
6510,Men,Footwear,Sandal,Sandals,Black,Winter,2018.0,Casual,Red Tape Men Black Sandals
44426,Unisex,Footwear,Sandal,Sandals,Blue,Summer,2012.0,Casual,Footfun Kids Unisex Blue Sandals
2821,Men,Footwear,Sandal,Sandals,Brown,Summer,2012.0,Formal,Lee Cooper Men Formal Leather Brown Sandal
44563,Men,Footwear,Sandal,Sandals,Black,Summer,2012.0,Casual,Coolers Men Black Sandals
40302,Unisex,Footwear,Sandal,Sandals,Silver,Winter,2013.0,Casual,Warner Bros Kids Unisex blue navy sandals
16974,Men,Footwear,Sandal,Sandals,Navy Blue,Fall,2011.0,Casual,Puma Men Cooper Navy Blue Sandal
15253,Men,Footwear,Sandal,Sandals,White,Fall,2011.0,Casual,ADIDAS Originals Men Adi Sun M White Slippers
3583,Men,Footwear,Sandal,Sandals,Blue,Summer,2011.0,Casual,ADIDAS Men's Blue White Flip Flop
19137,Men,Footwear,Sandal,Sandals,Brown,Fall,2011.0,Casual,Lotto Men Sting II Brown Sandals
10300,Men,Footwear,Sandal,Sandals,Brown,Summer,2016.0,Casual,Clarks Men Brown Wild Vibe Leather Closed Sandals
44521,Men,Footwear,Sandal,Sandals,Black,Summer,2012.0,Casual,Coolers Men Black Sandals
16162,Men,Footwear,Sandal,Sandals,Black,Fall,2011.0,Casual,Enroute Men Leather Black Sandals
35648,Men,Footwear,Sandal,Sandals,Brown,Summer,2012.0,Casual,U.S. Polo Assn. Men Brown Sandals
21095,Men,Footwear,Sandal,Sandals,Brown,Summer,2011.0,Casual,Clarks Men Vine Call Brown Sandal
45579,Men,Footwear,Sandal,Sandals,Black,Summer,2012.0,Casual,Arrow Men Black Sandals
44442,Men,Footwear,Sandal,Sandals,Black,Summer,2013.0,Casual,Gliders Men Black Volant Sandals
2220,Men,Footwear,Sandal,Sandals,Black,Fall,2010.0,Sports,Puma Men Carbon Black Sandal
18493,Men,Footwear,Sandal,Sandals,Multi,Fall,2011.0,Casual,Puma Men Duncan Multi Slipper
7404,Men,Footwear,Sandal,Sandals,Brown,Summer,2013.0,Casual,Red Tape Men Rnm Casual Brown Floater
6729,Men,Footwear,Sandal,Sandals,Green,Winter,2011.0,Casual,Puma Men Pumpom Olive Black Floater
41867,Men,Footwear,Sandal,Sandals,Red,Summer,2016.0,Casual,Estd. 1977 Men Red & Brown Sandals
17971,Men,Footwear,Sandal,Sandals,Black,Fall,2011.0,Casual,Puma Men Rio Black Sandal
15879,Unisex,Footwear,Sandal,Sandals,Black,Fall,2012.0,Casual,Warner Bros Kids Unisex TJ Jerry  Black Sandals
13655,Men,Footwear,Sandal,Sandals,Red,Fall,2011.0,Casual,ADIDAS Red WhirItech Slide M Sandal
39739,Men,Footwear,Sandal,Sandals,Black,Summer,2012.0,Casual,Arrow Men Black Sandals
26557,Men,Footwear,Sandal,Sandals,Brown,Fall,2012.0,Casual,Lee Cooper Men Brown Sandals
35561,Girls,Footwear,Sandal,Sandals,Pink,Summer,2012.0,Casual,Enroute Teens Pink Sandals
41866,Men,Footwear,Sandal,Sandals,Beige,Fall,2015.0,Casual,Estd. 1977 Men Beige & Green Sandals
41455,Men,Footwear,Sandal,Sandals,Grey,Summer,2012.0,Casual,Lee Cooper Men Grey Sandals
57944,Men,Footwear,Sandal,Sandals,Black,Winter,2013.0,Casual,Clarks Men Black Leather Sandals
47117,Boys,Footwear,Sandal,Sandals,Blue,Spring,2013.0,Casual,Marvel Boys Blue Spiderman Clogs
6822,Men,Footwear,Sandal,Sandals,Brown,Fall,2012.0,Casual,Timberland Men Ndal Brown Floater
2635,Men,Footwear,Sandal,Sandals,White,Fall,2010.0,Sports,Carlton London Men White Strapped Sandal
2211,Men,Footwear,Sandal,Sandals,Navy Blue,Fall,2010.0,Casual,Puma Men Trek Navy Blue Floater
41872,Men,Footwear,Sandal,Sandals,Black,Summer,2016.0,Casual,Estd. 1977 Men Black Sandals
17970,Men,Footwear,Sandal,Sandals,Black,Fall,2011.0,Casual,Puma Men Hopper Black Sandal
15367,Men,Footwear,Sandal,Sandals,Brown,Summer,2012.0,Casual,Red Tape Men Casual Brown Sandals
47171,Men,Footwear,Sandal,Sandals,Black,Summer,2012.0,Casual,Ganuchi Men Black Sandals
33660,Men,Footwear,Sandal,Sandals,Black,Summer,2012.0,Casual,Lotto Men Sting II Black Sandals
35545,Girls,Footwear,Sandal,Sandals,Brown,Summer,2012.0,Casual,Enroute Teens Brown Sandals
33649,Men,Footwear,Sandal,Sandals,Black,Summer,2012.0,Casual,Lotto Men Stride Black Sandals
43958,Men,Footwear,Sandal,Sandals,Olive,Fall,2012.0,Casual,Puma Men Olive Techno Ind Sandal
40306,Unisex,Footwear,Sandal,Sandals,White,Winter,2013.0,Casual,Warner Bros Unisex White Kids sandals
43007,Men,Footwear,Sandal,Sandals,Brown,Fall,2012.0,Casual,Nike Men Brown Sandals
24689,Men,Footwear,Sandal,Sandals,Tan,Fall,2011.0,Casual,Lee Cooper Men Basic Tan Sandals
58227,Men,Footwear,Sandal,Sandals,Black,Summer,2012.0,Casual,Lotto Men Black Sandals
7319,Men,Footwear,Sandal,Sandals,Black,Winter,2018.0,Casual,Red Tape Men Black Floater
6396,Men,Footwear,Sandal,Sandals,Beige,Summer,2011.0,Casual,Lotto Men Revenge 02 Beige Grey Floater
35540,Girls,Footwear,Sandal,Sandals,Green,Summer,2012.0,Casual,Enroute Kids Girls Green Sandals
46094,Men,Footwear,Sandal,Sandals,Grey,Summer,2012.0,Casual,ADIDAS Men Grey Climacool Cayoosh Sandals
17044,Men,Footwear,Sandal,Sandals,Brown,Summer,2013.0,Casual,Gas Men Aventura Sandal
32508,Men,Footwear,Sandal,Sandals,Brown,Winter,2015.0,Casual,Franco Leone Men Brown Sandals
40304,Unisex,Footwear,Sandal,Sandals,Blue,Winter,2013.0,Casual,Warner Bros Kids Unisex Blue sandals
6395,Men,Footwear,Sandal,Sandals,Navy Blue,Summer,2011.0,Casual,Lotto Men Revenge 02 Navy Grey Floater
35645,Men,Footwear,Sandal,Sandals,Black,Summer,2013.0,Casual,U.S. Polo Assn. Men Black Sandals
33688,Men,Footwear,Sandal,Sandals,White,Winter,2012.0,Casual,Cobblerz Men White Sandals
11941,Men,Footwear,Sandal,Sandals,Tan,Fall,2011.0,Casual,Ganuchi Men Casual Tan Sandals
39823,Men,Footwear,Sandal,Sandals,Brown,Summer,2012.0,Casual,Red Tape Men Brown Sandals
41865,Men,Footwear,Sandal,Sandals,Blue,Summer,2015.0,Casual,Estd. 1977 Men Men Sandals
11945,Men,Footwear,Sandal,Sandals,Red,Summer,2012.0,Casual,Ganuchi Men Casual Red Sandals
26545,Men,Footwear,Sandal,Sandals,Black,Fall,2012.0,Casual,ID Men Black Sandals
35591,Men,Footwear,Sandal,Sandals,Olive,Fall,2012.0,Casual,Gliders Men Olive Green Floaters
13843,Men,Footwear,Sandal,Sandals,Brown,Summer,2013.0,Casual,Reebok Men Manza II Brown Sandals
4108,Men,Footwear,Sandal,Sandals,Navy Blue,Summer,2012.0,Casual,Fila Men Aruba Navy Grey Sandal
8284,Men,Footwear,Sandal,Sandals,Black,Fall,2011.0,Casual,Skechers Men Arnold Black Floater
44523,Men,Footwear,Sandal,Sandals,Brown,Summer,2012.0,Casual,Coolers Men Brown Sandals
22893,Men,Footwear,Sandal,Sandals,Khaki,Summer,2012.0,Casual,Woodland Men Khaki Casual Sandals
50761,Men,Footwear,Sandal,Sandals,Brown,Winter,2018.0,Casual,Red Chief Men Brown Sandals
11980,Men,Footwear,Sandal,Sandals,Black,Fall,2011.0,Casual,Fila Men Motor Sports Black Sandals
21075,Men,Footwear,Sandal,Sandals,Brown,Spring,2012.0,Casual,Clarks Men Brown Leather Sandals
2803,Men,Footwear,Sandal,Sandals,Beige,Fall,2009.0,Casual,iD Men Casual Leather/Felt Beige Sandal
28322,Men,Footwear,Sandal,Sandals,Black,Winter,2018.0,Casual,Red Tape Men Casual Black Sandals
11944,Men,Footwear,Sandal,Sandals,Blue,Summer,2012.0,Casual,Ganuchi Men Casual Blue Sandals
23299,Men,Footwear,Sandal,Sandals,Black,Fall,2011.0,Casual,Lotto Men Riot Black Sandal
41077,Men,Footwear,Sandal,Sandals,Brown,Summer,2012.0,Casual,Lotto Men Brown Tread Sandals
33663,Men,Footwear,Sandal,Sandals,Brown,Summer,2012.0,Casual,Lotto Men Caesar Cross Brown Sandals
47218,Men,Footwear,Sandal,Sandals,Brown,Summer,2012.0,Casual,Franco Leone Men Brown Sandals
16114,Men,Footwear,Sandal,Sandals,Black,Fall,2011.0,Casual,Numero Uno Men Casual Black Slipper
41859,Men,Footwear,Sandal,Sandals,Black,Summer,2016.0,Casual,Estd. 1977 Men Black Sandals
8638,Unisex,Footwear,Sandal,Sandals,Brown,Fall,2011.0,Casual,Crocs Khakhi Sandals
47224,Men,Footwear,Sandal,Sandals,Brown,Summer,2012.0,Casual,Franco Leone Men Brown Slippers
47176,Men,Footwear,Sandal,Sandals,Black,Summer,2012.0,Casual,Ganuchi Men Black Sandals
5615,Men,Footwear,Sandal,Sandals,Grey,Summer,2011.0,Casual,ADIDAS Men Henrio Grey Red Floater
2820,Men,Footwear,Sandal,Sandals,Black,Summer,2012.0,Formal,Lee Cooper Men Formal Leather Black Sandal
12488,Men,Footwear,Shoes,Sandals,Black,Summer,2016.0,Casual,Clarks Men Black Leather Sandals
35558,Girls,Footwear,Sandal,Sandals,Silver,Summer,2012.0,Casual,Enroute Teens Silver Sandals
26546,Men,Footwear,Sandal,Sandals,Black,Fall,2012.0,Casual,ID Men Black & Red Sandals
40305,Unisex,Footwear,Sandal,Sandals,Brown,Winter,2013.0,Casual,Warner Bros Kids Unisex Brown sandals
15880,Unisex,Footwear,Sandal,Sandals,Navy Blue,Spring,2013.0,Casual,Warner Bros Kids Unisex TJ Jerry  Navy Blue Sandals
24716,Men,Footwear,Sandal,Sandals,Black,Fall,2011.0,Casual,Puma Men  Jiff Black Sandals
4106,Men,Footwear,Sandal,Sandals,Grey,Summer,2011.0,Casual,Fila Men Tremor Grey Sandal
32513,Men,Footwear,Sandal,Sandals,Brown,Winter,2015.0,Casual,Franco Leone Men Brown Sandals
11940,Men,Footwear,Sandal,Sandals,Black,Summer,2011.0,Casual,Ganuchi Men Casual Black Sandals
44550,Men,Footwear,Sandal,Sandals,Beige,Summer,2012.0,Casual,Coolers Men Beige Sandals
39294,Men,Footwear,Sandal,Sandals,Black,Winter,2018.0,Casual,Red Chief Men Black Sandals
43004,Men,Footwear,Sandal,Sandals,Black,Fall,2012.0,Casual,Nike Men Black and Green Sandals
41880,Men,Footwear,Sandal,Sandals,Brown,Fall,2014.0,Casual,Estd. 1977 Men Brown Sandals
38786,Men,Footwear,Sandal,Sandals,Brown,Winter,2015.0,Casual,Woodland Men Brown Sandals
44548,Men,Footwear,Sandal,Sandals,Black,Summer,2012.0,Casual,Coolers Men Black Sandals
50756,Men,Footwear,Sandal,Sandals,Brown,Winter,2018.0,Casual,Red Chief Men Brown Sandals
15356,Men,Footwear,Sandal,Sandals,Brown,Fall,2011.0,Casual,Red Tape Men Casual Brown Sandals
7985,Unisex,Footwear,Sandal,Sandals,Green,Fall,2011.0,Casual,Fila Unisex Glory Olive Lemon Yellow Floater
23900,Unisex,Footwear,Sandal,Sandals,Black,Summer,2012.0,Casual,Fila Unisex Wiser Black Sandals
57945,Men,Footwear,Sandal,Sandals,Brown,Spring,2012.0,Casual,Clarks Men Brown Sandals
15364,Men,Footwear,Sandal,Sandals,Brown,Summer,2013.0,Casual,Red Tape Men Casual Brown Sandals
44570,Men,Footwear,Sandal,Sandals,Black,Summer,2012.0,Casual,Coolers Men Black Sandals
24687,Men,Footwear,Sandal,Sandals,Tan,Spring,2012.0,Casual,Lee Cooper Men Classic Tan Sandals
44577,Men,Footwear,Sandal,Sandals,Black,Summer,2012.0,Casual,Coolers Men Black Sandals
50765,Men,Footwear,Sandal,Sandals,Tan,Winter,2018.0,Casual,Red Chief Men Tan Sandals
57505,Men,Footwear,Sandal,Sandals,Black,Summer,2012.0,Casual,Lee Cooper Men Black  Sandals
57484,Men,Footwear,Sandal,Sandals,Black,Fall,2012.0,Casual,ID Men Black & White Sandals
47231,Men,Footwear,Sandal,Sandals,Black,Summer,2012.0,Casual,Franco Leone Men Black Slippers
18671,Men,Footwear,Sandal,Sandals,Grey,Fall,2011.0,Casual,Fila Men Cavander Grey Sandals
27155,Men,Apparel,Topwear,Shirts,White,Summer,2012.0,Formal,Mark Taylor Men Striped White Shirt
9607,Men,Apparel,Topwear,Shirts,Purple,Fall,2011.0,Casual,Indigo Nation Men Stripes Purple Shirts
30212,Men,Apparel,Topwear,Shirts,Blue,Summer,2012.0,Formal,John Miller Men Blue Shirt
16452,Men,Apparel,Topwear,Shirts,Red,Fall,2011.0,Casual,Locomotive Men Check Red Shirt
12324,Men,Apparel,Topwear,Shirts,Navy Blue,Winter,2011.0,Formal,Genesis Navy Formal Shirt
51417,Men,Apparel,Topwear,Shirts,Blue,Summer,2012.0,Casual,Myntra Men Blue Shirt
18974,Men,Apparel,Topwear,Shirts,Blue,Summer,2011.0,Casual,United Colors of Benetton Men Stripes Blue Shirt
57295,Men,Apparel,Topwear,Shirts,White,Summer,2012.0,Casual,French Connection Men Blue Shirt
24529,Men,Apparel,Topwear,Shirts,Beige,Fall,2011.0,Casual,Mother Earth Men Beige Shirt
11372,Women,Apparel,Topwear,Shirts,Blue,Fall,2011.0,Casual,United Colors Of Benetton Women Light Winter Blue Shirts
9666,Men,Apparel,Topwear,Shirts,Blue,Fall,2011.0,Casual,Indigo Nation Men Bling Blue Shirts
31040,Men,Apparel,Topwear,Shirts,Navy Blue,Summer,2012.0,Casual,Arrow Sport Men Striped Navy Blue Shirt
8790,Men,Apparel,Topwear,Shirts,White,Fall,2011.0,Formal,Indigo Nation Men Price catch Black White Shirts
55599,Men,Apparel,Topwear,Shirts,Blue,Summer,2012.0,Casual,Peter England Men Blue Shirt
17719,Men,Apparel,Topwear,Shirts,White,Fall,2011.0,Casual,Reid & Taylor Men Check White Shirt
9648,Men,Apparel,Topwear,Shirts,Maroon,Fall,2011.0,Formal,Indigo Nation Men Mar Maroon Shirts
33237,Men,Apparel,Topwear,Shirts,Blue,Summer,2012.0,Formal,Arrow Men Blue Striped Shirt
12182,Men,Apparel,Topwear,Shirts,Blue,Fall,2011.0,Casual,Basics Men Blue Slim Fit Checked Shirt
27566,Men,Apparel,Topwear,Shirts,Blue,Summer,2012.0,Casual,Scullers Men Striped Blue Shirt
22402,Men,Apparel,Topwear,Shirts,White,Fall,2011.0,Casual,Mark Taylor Men Striped White Shirt
58511,Women,Apparel,Topwear,Shirts,White,Summer,2012.0,Casual,Tonga Women White Shirt
33487,Men,Apparel,Topwear,Shirts,Red,Summer,2012.0,Casual,Doodle Kids Boy Check Red Shirt
9465,Men,Apparel,Topwear,Shirts,White,Fall,2011.0,Formal,John Miller Men White Self Structure Shirts
41304,Boys,Apparel,Topwear,Shirts,White,Summer,2012.0,Casual,Gini and Jony Boys White Check Shirt
6962,Men,Apparel,Topwear,Shirts,Navy Blue,Summer,2011.0,Casual,s.Oliver Men White Red Checks Shirt
29649,Men,Apparel,Topwear,Shirts,Blue,Summer,2012.0,Formal,Indigo Nation Men Striped Blue Shirt
59302,Men,Apparel,Topwear,Shirts,Purple,Fall,2012.0,Casual,U.S. Polo Assn. Denim Co. Men Wine Shirt
9667,Men,Apparel,Topwear,Shirts,Purple,Fall,2011.0,Casual,Indigo Nation Men Bling Red Black Shirts
27934,Women,Apparel,Topwear,Shirts,Black,Summer,2012.0,Casual,Jealous 21 Women Black Shirt
13938,Men,Apparel,Topwear,Shirts,White,Summer,2011.0,Casual,United Colors of Benetton Men Stripes White Shirts
14033,Men,Apparel,Topwear,Shirts,Green,Fall,2011.0,Casual,Flying Machine Men Check Green Shirts
27873,Women,Apparel,Topwear,Shirts,Purple,Summer,2012.0,Casual,Scullers For Her Striped Purple Shirt
13895,Men,Apparel,Topwear,Shirts,Yellow,Fall,2011.0,Casual,Spykar Men Stripes Yellow Shirts
7167,Men,Apparel,Topwear,Shirts,Purple,Fall,2011.0,Casual,Scullers Men Scul Purple White Shirt
51426,Men,Apparel,Topwear,Shirts,White,Summer,2012.0,Casual,Myntra Men Red Check Shirt
12265,Men,Apparel,Topwear,Shirts,White,Fall,2011.0,Formal,Genesis Men Stripes White Shirts
19183,Men,Apparel,Topwear,Shirts,Grey,Fall,2011.0,Casual,United Colors of Benetton Men Check Grey Shirt
51488,Men,Apparel,Topwear,Shirts,Rust,Summer,2012.0,Casual,Denizen Men Rust & Black Check Shirt
5963,Men,Apparel,Topwear,Shirts,Blue,Summer,2011.0,Casual,Highlander Men Solid Poplin Blue Shirt
19199,Men,Apparel,Topwear,Shirts,White,Fall,2011.0,Casual,United Colors of Benetton Men White Check Shirt
9810,Men,Apparel,Topwear,Shirts,Purple,Fall,2011.0,Formal,John Miller Men Purple Gingham Shirt
12042,Men,Apparel,Topwear,Shirts,Blue,Fall,2011.0,Formal,Mark Taylor Men Blue Striped Shirts
18882,Women,Apparel,Topwear,Shirts,White,Fall,2011.0,Casual,Arrow Woman Laniya White Shirt
5024,Men,Apparel,Topwear,Shirts,White,Summer,2011.0,Casual,Levis Kids Boy's Caspian White Kidswear
41661,Men,Apparel,Topwear,Shirts,Blue,Summer,2012.0,Formal,Mark Taylor Men Blue Striped Shirt
20144,Men,Apparel,Topwear,Shirts,White,Fall,2011.0,Casual,Wrangler Men Bull Classic Striped White Shirt
9455,Men,Apparel,Topwear,Shirts,Red,Fall,2011.0,Formal,John Miller Men Red Striped Shirt
25534,Men,Apparel,Topwear,Shirts,Red,Summer,2012.0,Casual,Wrangler Men American Flag Red Shirt
51412,Men,Apparel,Topwear,Shirts,Lavender,Summer,2012.0,Formal,Myntra Men Lavender Striped Shirt
38942,Boys,Apparel,Topwear,Shirts,White,Summer,2012.0,Casual,Gini and Jony Boys Check White Shirt
17548,Men,Apparel,Topwear,Shirts,Grey,Fall,2011.0,Formal,Mark Taylor Men Grey & White Striped Shirt
26786,Men,Apparel,Topwear,Shirts,Black,Fall,2012.0,Formal,Arrow Men Black Striped Shirt
9565,Men,Apparel,Topwear,Shirts,Blue,Fall,2011.0,Formal,John Miller Men Striped Blue Shirt
29280,Men,Apparel,Topwear,Shirts,Red,Summer,2012.0,Casual,Wrangler Men Western Spirit Red Shirt
15967,Men,Apparel,Topwear,Shirts,Red,Fall,2011.0,Casual,Turtle Check Men Red Shirt
13330,Men,Apparel,Topwear,Shirts,White,Fall,2011.0,Casual,Gini and Jony Kids Boys Printed White Tshirts
37748,Men,Apparel,Topwear,Shirts,White,Summer,2012.0,Casual,John Players Men White Check Shirt
11672,Men,Apparel,Topwear,Shirts,Yellow,Fall,2011.0,Casual,Lee Men Check Yellow Shirts
13874,Men,Apparel,Topwear,Shirts,Navy Blue,Fall,2011.0,Casual,Scullers Men Solid Navy Blue Shirts
39784,Men,Apparel,Topwear,Shirts,Red,Summer,2012.0,Formal,Peter England Men Red Formal Shirt
33059,Men,Apparel,Topwear,Shirts,Blue,Summer,2012.0,Casual,U.S. Polo Assn. Denim Co. Men Blue & Red Check Shirt
31049,Men,Apparel,Topwear,Shirts,Beige,Summer,2012.0,Casual,Arrow Sport Men Beige Striped Shirt
29290,Men,Apparel,Topwear,Shirts,Blue,Summer,2012.0,Casual,Wrangler Men Miriam Checks Blue Shirt
9454,Men,Apparel,Topwear,Shirts,White,Fall,2011.0,Formal,John Miller Men White Check Shirt
9477,Men,Apparel,Topwear,Shirts,Black,Fall,2011.0,Formal,John Miller Men White & Black Check Shirt
16036,Men,Apparel,Topwear,Shirts,Green,Fall,2011.0,Casual,Highlander Men Check Green Shirt
26959,Women,Apparel,Topwear,Shirts,Pink,Summer,2012.0,Casual,Jealous 21 Women Pink Shirt
16461,Men,Apparel,Topwear,Shirts,Blue,Fall,2011.0,Casual,Locomotive Men Check Navy Blue Shirt
31302,Men,Apparel,Topwear,Shirts,Purple,Summer,2012.0,Formal,John Miller Men  Purple Shirt
26106,Men,Apparel,Topwear,Shirts,Purple,Summer,2012.0,Formal,John Miller Men Striped Purple Shirt
14526,Men,Apparel,Topwear,Shirts,Blue,Fall,2011.0,Formal,Mark Taylor Men Aqua Blue & White Grey Striped Shirt
13733,Men,Apparel,Topwear,Shirts,Blue,Fall,2011.0,Formal,Belmonte Men Check Blue Shirts
9657,Men,Apparel,Topwear,Shirts,Red,Fall,2011.0,Casual,Indigo Nation Men Reversible Bling Red Shirts
29278,Men,Apparel,Topwear,Shirts,Blue,Summer,2012.0,Casual,Wrangler Men Aaron Check Blue Shirt
39770,Men,Apparel,Topwear,Shirts,Green,Summer,2012.0,Casual,Peter England Men Multi Coloured Casual Shirt
33322,Men,Apparel,Topwear,Shirts,Navy Blue,Summer,2012.0,Casual,Arrow New York Men Navy Blue Check Slim Fit Shirt
9458,Men,Apparel,Topwear,Shirts,Red,Fall,2011.0,Formal,John Miller Men Red white Red Shirts
14741,Men,Apparel,Topwear,Shirts,Lavender,Fall,2011.0,Formal,Arrow Men Solid Lavender Shirts
19823,Men,Apparel,Topwear,Shirts,Grey,Fall,2011.0,Casual,U.S. Polo Assn. Men Check Grey Shirt
34046,Boys,Apparel,Topwear,Shirts,White,Summer,2012.0,Casual,Gini and Jony Boys White Shirt
19827,Men,Apparel,Topwear,Shirts,Red,Fall,2011.0,Casual,U.S. Polo Assn. Men Check Red Shirt
6014,Men,Apparel,Topwear,Shirts,Black,Summer,2011.0,Casual,Highlander Men Black & White Checked Slim Fit Shirt
35440,Boys,Apparel,Topwear,Shirts,Black,Summer,2012.0,Casual,Doodle Boys Check Black Shirt
26075,Men,Apparel,Topwear,Shirts,Blue,Summer,2012.0,Formal,John Miller Men Striped Blue Shirt
31023,Men,Apparel,Topwear,Shirts,Grey,Summer,2012.0,Formal,Arrow New York Men Grey Check Slim Fit Shirt
17549,Men,Apparel,Topwear,Shirts,Grey,Fall,2011.0,Formal,Mark Taylor Men Grey & White Striped Shirt
16350,Men,Apparel,Topwear,Shirts,Cream,Fall,2011.0,Formal,Peter England Men Stripes Cream Shirt
10255,Men,Apparel,Topwear,Shirts,Blue,Fall,2011.0,Casual,Locomotive Men Stripes Blue Shirts
39092,Men,Apparel,Topwear,Shirts,Red,Summer,2012.0,Formal,Reid & Taylor Men Red Striped Shirt
25537,Men,Apparel,Topwear,Shirts,Brown,Summer,2012.0,Casual,Wrangler Men Glamorgan Brown Shirt
18756,Women,Apparel,Topwear,Shirts,Blue,Fall,2011.0,Casual,Arrow Woman Kiro Blue Shirt
6320,Men,Apparel,Topwear,Shirts,Grey,Summer,2011.0,Casual,UCB Men Small Checks Yellow Shirt
14677,Men,Apparel,Topwear,Shirts,Navy Blue,Fall,2011.0,Casual,Basics Men Navy Slim Fit Shirt
57288,Men,Apparel,Topwear,Shirts,Grey,Summer,2012.0,Casual,French Connection Men Grey Shirt
11165,Men,Apparel,Topwear,Shirts,Purple,Fall,2011.0,Formal,John Miller Men Solid Purple Shirts
16389,Men,Apparel,Topwear,Shirts,Maroon,Fall,2011.0,Formal,Peter England Men Solid Maroon Shirt
21164,Women,Apparel,Topwear,Shirts,Blue,Fall,2011.0,Casual,s.Oliver Women Check Blue Shirt
23033,Men,Apparel,Topwear,Shirts,Pink,Fall,2011.0,Formal,Arrow Men Pink Striped Shirt
11103,Men,Apparel,Topwear,Shirts,Blue,Fall,2011.0,Formal,Indigo Nation Men Stripes Blue Shirts
27538,Men,Apparel,Topwear,Shirts,Red,Summer,2012.0,Casual,Scullers Men Check Red & Blue Shirt
15698,Men,Apparel,Topwear,Shirts,Blue,Fall,2011.0,Casual,Black coffee Men Micheal Blue Slim Fit Shirt
11461,Men,Apparel,Topwear,Shirts,White,Fall,2011.0,Casual,United Colors of Benetton Men Light White Shirts
13753,Men,Apparel,Topwear,Shirts,Blue,Fall,2011.0,Formal,Belmonte Men Check Blue Shirts
18918,Men,Apparel,Topwear,Shirts,Grey,Fall,2011.0,Casual,Levis Men Denim Grey Shirt
43485,Men,Apparel,Topwear,Shirts,Navy Blue,Summer,2012.0,Casual,French Connection Men Navy Blue Shirt
20177,Men,Apparel,Topwear,Shirts,Maroon,Fall,2011.0,Casual,Wrangler Men Tiny Maroon Shirt
19836,Men,Apparel,Topwear,Shirts,Blue,Fall,2011.0,Casual,U.S. Polo Assn. Men Blue & WIne Check Shirt
31656,Men,Apparel,Topwear,Shirts,White,Summer,2012.0,Casual,Indigo Nation Men White Shirt
14777,Men,Apparel,Topwear,Shirts,Brown,Fall,2011.0,Formal,Arrow Men Stripes Brown Shirts
8190,Men,Apparel,Topwear,Shirts,Black,Summer,2011.0,Casual,Locomotive Men Solid Poplin Lakota Black Shirts
11092,Men,Apparel,Topwear,Shirts,Red,Fall,2011.0,Casual,Scullers Men Check Red Shirt
11072,Men,Apparel,Topwear,Shirts,Black,Fall,2011.0,Casual,Scullers Men Check Black Shirts
19723,Men,Apparel,Topwear,Shirts,Grey,Fall,2011.0,Casual,United Colors of Benetton Men Solid Grey Shirt
14764,Men,Apparel,Topwear,Shirts,White,Fall,2011.0,Formal,Arrow Men Stripes White Blue Shirts
13748,Men,Apparel,Topwear,Shirts,Red,Fall,2011.0,Formal,Belmonte Men Check Red Shirts
8723,Men,Apparel,Topwear,Shirts,White,Fall,2011.0,Casual,Indigo Nation Men Striped Yellow Shirt
17174,Men,Apparel,Topwear,Shirts,Brown,Fall,2011.0,Casual,U.S. Polo Assn. Men Checks Brown Shirt
18916,Men,Apparel,Topwear,Shirts,Grey,Fall,2011.0,Casual,Levis Men Denim Grey Shirt
22360,Men,Apparel,Topwear,Shirts,Blue,Fall,2011.0,Casual,John Players Men Check Blue Shirt
24267,Men,Apparel,Topwear,Shirts,Blue,Summer,2012.0,Casual,Quiksilver Men Blue Check Shirt
58770,Men,Apparel,Topwear,Shirts,Grey,Summer,2012.0,Casual,Locomotive Men Grey Shirt
37763,Men,Apparel,Topwear,Shirts,Orange,Summer,2012.0,Casual,John Players Men Orange Striped Shirt
31099,Boys,Apparel,Topwear,Shirts,Blue,Summer,2012.0,Casual,Gini and Jony Boys Check Blue Shirt
25539,Men,Apparel,Topwear,Shirts,Grey,Summer,2012.0,Casual,Wrangler Men Jericho Grey Shirt
13334,Men,Apparel,Topwear,Shirts,Blue,Fall,2011.0,Casual,Gini and Jony Kids Boys Check Blue Shirts
24858,Men,Apparel,Topwear,Shirts,White,Summer,2011.0,Formal,Mark Taylor Men White Striped Shirt
18321,Men,Apparel,Topwear,Shirts,Purple,Fall,2011.0,Casual,Wills Lifestyle Men Check Purple Shirt
16360,Men,Apparel,Topwear,Shirts,Purple,Fall,2011.0,Formal,Peter England Men Stripes Purple Shirt
13743,Men,Apparel,Topwear,Shirts,Black,Fall,2011.0,Casual,Belmonte Men Check Black Shirts
8869,Men,Apparel,Topwear,Shirts,Blue,Fall,2011.0,Casual,Mark Taylor Men Solid Blue Shirts
33290,Men,Apparel,Topwear,Shirts,Black,Summer,2012.0,Casual,Arrow Sport Men Black Slim Fit Shirt
16476,Men,Apparel,Topwear,Shirts,Purple,Fall,2011.0,Casual,Locomotive Men Check Purple Shirt
11110,Men,Apparel,Topwear,Shirts,White,Fall,2011.0,Formal,Indigo Nation Men Check White Shirts
37802,Men,Apparel,Topwear,Shirts,White,Summer,2012.0,Formal,John Players Men Solid White Shirt
37804,Men,Apparel,Topwear,Shirts,Navy Blue,Summer,2012.0,Formal,John Players Men Navy Blue Linen Shirt
16394,Men,Apparel,Topwear,Shirts,Blue,Fall,2011.0,Casual,Levis Men Check Blue  Shirts
12185,Men,Apparel,Topwear,Shirts,Black,Fall,2011.0,Casual,Basics Men Black Slim Fit Shirt
27546,Men,Apparel,Topwear,Shirts,Black,Summer,2012.0,Casual,Scullers Men Check Black Shirt
17176,Men,Apparel,Topwear,Shirts,Green,Fall,2011.0,Casual,U.S. Polo Assn. Men Checks Green Shirt
9065,Men,Apparel,Topwear,Shirts,Blue,Fall,2011.0,Formal,Mark Taylor Men Blue Striped Shirt
22395,Men,Apparel,Topwear,Shirts,Blue,Fall,2011.0,Casual,Mark Taylor Men Striped Blue Shirt
41393,Men,Apparel,Topwear,Shirts,Purple,Summer,2012.0,Casual,Wrangler Men Purple Shirt
9588,Men,Apparel,Topwear,Shirts,Navy Blue,Fall,2011.0,Formal,Scullers Men Scul Navy Blue Shirts
13735,Men,Apparel,Topwear,Shirts,Green,Fall,2011.0,Formal,Belmonte Men Stripes Green Shirts
37801,Men,Apparel,Topwear,Shirts,Black,Summer,2012.0,Formal,John Players Men Stripes Black Shirt
26958,Women,Apparel,Topwear,Shirts,Teal,Summer,2012.0,Casual,Jealous 21 Women Teal Shirt
10795,Men,Apparel,Topwear,Shirts,Navy Blue,Fall,2011.0,Casual,Wrangler Men Warnick Square Block Navy Blue Shirts
16467,Men,Apparel,Topwear,Shirts,Green,Fall,2011.0,Casual,Locomotive Men Check Green Shirt
29636,Men,Apparel,Topwear,Shirts,Maroon,Summer,2012.0,Casual,Indigo Nation Men Check Maroon Shirt
6015,Men,Apparel,Topwear,Shirts,Black,Summer,2011.0,Casual,Highlander Men Small Black Checked Shirt
12170,Men,Apparel,Topwear,Shirts,White,Fall,2011.0,Casual,Basics Men Solid White Slim Fit Shirt
26068,Men,Apparel,Topwear,Shirts,Green,Summer,2012.0,Formal,John Miller Men Striped Green Shirt
29664,Men,Apparel,Topwear,Shirts,White,Summer,2012.0,Casual,Indigo Nation Men White Shirt
16406,Men,Apparel,Topwear,Shirts,Maroon,Fall,2011.0,Casual,Levis Men Check Maroon Shirts
26124,Men,Apparel,Topwear,Shirts,White,Summer,2012.0,Formal,John Miller Men Check White Shirt
11679,Men,Apparel,Topwear,Shirts,Grey,Fall,2011.0,Casual,Lee Men Check Grey Shirts
10352,Men,Apparel,Topwear,Shirts,White,Fall,2011.0,Casual,United Colors of Benetton Men Solid White Shirts
16387,Men,Apparel,Topwear,Shirts,Orange,Fall,2011.0,Formal,Peter England Men Stripes Orange Shirt
8789,Men,Apparel,Topwear,Shirts,White,Fall,2011.0,Formal,Indigo Nation Men Price catch Blue White Shirts
9063,Men,Apparel,Topwear,Shirts,Pink,Fall,2011.0,Formal,Mark Taylor Men Pink Striped Shirt
33241,Men,Apparel,Topwear,Shirts,Blue,Summer,2012.0,Formal,Arrow Men Blue Striped Shirt
6013,Men,Apparel,Topwear,Shirts,White,Summer,2011.0,Casual,Highlander Men White Purple Black Grey Checked Shirt
8944,Men,Apparel,Topwear,Shirts,Blue,Fall,2011.0,Casual,Indigo Nation Men Reversible Bling Blue Shirts
16398,Men,Apparel,Topwear,Shirts,White,Fall,2011.0,Casual,Levis Men Green & White Striped Shirt
22373,Men,Apparel,Topwear,Shirts,Peach,Fall,2011.0,Casual,Mark Taylor Men Red Striped White Shirt
21235,Men,Apparel,Topwear,Shirts,Red,Fall,2011.0,Casual,Highlander Men Red Check Shirt
33329,Men,Apparel,Topwear,Shirts,Lavender,Summer,2012.0,Formal,Arrow New York Men Lavender Slim Fit Shirt
38982,Men,Apparel,Topwear,Shirts,Green,Summer,2012.0,Formal,Arrow Men Green Striped Shirt
12387,Men,Apparel,Topwear,Shirts,Orange,Fall,2011.0,Formal,Reid & Taylor Men Stripes Orange Shirts
8793,Men,Apparel,Topwear,Shirts,Red,Fall,2011.0,Casual,Scullers Men Red & Blue Check Shirt
22372,Men,Apparel,Topwear,Shirts,Red,Fall,2011.0,Casual,Mark Taylor Men White Striped Red Shirt
51414,Men,Apparel,Topwear,Shirts,White,Summer,2012.0,Casual,Myntra Men White Check Shirt
9256,Men,Apparel,Topwear,Shirts,Blue,Fall,2011.0,Formal,Mark Taylor Men Blue Striped Shirt
19200,Men,Apparel,Topwear,Shirts,Blue,Fall,2011.0,Casual,United Colors of Benetton Men Check Blue Shirt
14738,Men,Apparel,Topwear,Shirts,Grey,Fall,2011.0,Formal,Arrow Men Check Grey Shirts
19702,Men,Apparel,Topwear,Shirts,Blue,Fall,2011.0,Casual,United Colors Of Benetton Men Striped Blue Shirts
34038,Boys,Apparel,Topwear,Shirts,Red,Summer,2012.0,Casual,Gini and Jony Boys Check Red Shirt
22384,Men,Apparel,Topwear,Shirts,Blue,Fall,2011.0,Casual,Mark Taylor Men Black & Blue Striped White Shirt
13393,Men,Apparel,Topwear,Shirts,Green,Summer,2011.0,Casual,United Colors of Benetton Men Check Green Shirts
9658,Men,Apparel,Topwear,Shirts,Maroon,Fall,2011.0,Casual,Indigo Nation Men Reversible Bling Maroon Shirt
19201,Men,Apparel,Topwear,Shirts,Black,Fall,2011.0,Casual,United Colors of Benetton Men Check Black Shirt
26088,Men,Apparel,Topwear,Shirts,Purple,Summer,2012.0,Formal,John Miller Men Striped Purple Shirt
4972,Men,Apparel,Topwear,Shirts,Green,Summer,2011.0,Casual,Gini and Jony Boy's Kangaroo Green White Kidswear
18883,Women,Apparel,Topwear,Shirts,Navy Blue,Fall,2011.0,Casual,Arrow Woman Payton Navy Blue Shirt
6004,Men,Apparel,Topwear,Shirts,Blue,Summer,2011.0,Casual,Highlander Men Blue Bold Green Checked Shirt
41666,Men,Apparel,Topwear,Shirts,Purple,Summer,2012.0,Formal,Mark Taylor Men Brown Striped Shirt
12381,Men,Apparel,Topwear,Shirts,Blue,Fall,2011.0,Formal,Reid & Taylor Men Checks Blue Shirts
18888,Women,Apparel,Topwear,Shirts,Purple,Fall,2011.0,Casual,Arrow Woman Sylvia Purple Shirt
31094,Boys,Apparel,Topwear,Shirts,Red,Summer,2012.0,Casual,Gini and Jony Boys Check Red Shirt
18879,Women,Apparel,Topwear,Shirts,Navy Blue,Fall,2011.0,Casual,Arrow Woman Joanna Navy Blue Shirt
13871,Men,Apparel,Topwear,Shirts,Beige,Fall,2011.0,Casual,Scullers Men Stripes Beige Shirts
54981,Women,Apparel,Topwear,Shirts,White,Summer,2012.0,Casual,Femella Women Multi Coloured Shirt
26795,Men,Apparel,Topwear,Shirts,Blue,Summer,2013.0,Formal,Arrow Men Blue Shirt
16334,Men,Apparel,Topwear,Shirts,Peach,Fall,2011.0,Formal,Peter England Men Stripes Peach Shirt
9602,Men,Apparel,Topwear,Shirts,Black,Fall,2011.0,Casual,Scullers Men Scul White & Red Shirt
20168,Men,Apparel,Topwear,Shirts,Grey,Fall,2011.0,Casual,Wrangler Men Calgary Grey Shirt
16358,Men,Apparel,Topwear,Shirts,White,Fall,2011.0,Formal,Peter England Men Stripes White Shirt
17727,Men,Apparel,Topwear,Shirts,Blue,Fall,2011.0,Casual,Reid & Taylor Men Stripes Navy Blue Shirt
37730,Men,Apparel,Topwear,Shirts,Orange,Summer,2012.0,Casual,John Players Men Orange Gingham Shirt
13417,Men,Apparel,Topwear,Shirts,Blue,Summer,2011.0,Casual,United Colors of Benetton Men Solid Blue Shirts
55591,Men,Apparel,Topwear,Shirts,Black,Summer,2012.0,Casual,Peter England Men Black Shirt
26516,Men,Apparel,Topwear,Shirts,Navy Blue,Spring,2012.0,Casual,Arrow Sport Men Navy Blue Check Shirt
26425,Men,Apparel,Topwear,Shirts,Red,Summer,2012.0,Casual,Turtle Men Check Red Shirt
9253,Men,Apparel,Topwear,Shirts,Purple,Fall,2011.0,Formal,Mark Taylor Men Purple Striped Shirt
11081,Men,Apparel,Topwear,Shirts,Red,Fall,2011.0,Casual,Scullers Men Check Red Shirts
37222,Boys,Apparel,Topwear,Shirts,Navy Blue,Summer,2012.0,Casual,United Colors of Benetton Boys Check Navy Blue Shirt
16332,Men,Apparel,Topwear,Shirts,Red,Fall,2011.0,Formal,Peter England Men Stripes Red Shirt
26056,Men,Apparel,Topwear,Shirts,Black,Summer,2012.0,Formal,John Miller Men Check Black Shirt
54280,Men,Apparel,Topwear,Shirts,Grey,Summer,2012.0,Formal,Black Coffee Men Grey Shirt
14765,Men,Apparel,Topwear,Shirts,Navy Blue,Fall,2011.0,Formal,Arrow Men Stripes Navy Blue Slim Fit Shirt
13865,Men,Apparel,Topwear,Shirts,Green,Fall,2011.0,Casual,Scullers Men Check Green Shirts
37143,Men,Apparel,Topwear,Shirts,Blue,Summer,2012.0,Casual,Wills Lifestyle Men Blue Gingham Shirt
13460,Men,Apparel,Topwear,Shirts,Green,Summer,2011.0,Casual,United Colors of Benetton Men Solid Green Shirts
37779,Men,Apparel,Topwear,Shirts,Green,Summer,2012.0,Casual,John Players Men Check Green Shirt
40130,Boys,Apparel,Topwear,Shirts,White,Summer,2012.0,Casual,Gini and Jony Boys Core White Shirt
17542,Men,Apparel,Topwear,Shirts,White,Fall,2011.0,Formal,Mark Taylor Men White & Black Striped Shirt
20147,Men,Apparel,Topwear,Shirts,Blue,Fall,2011.0,Casual,Wrangler Men Broad Blue Shirt
13764,Men,Apparel,Topwear,Shirts,White,Fall,2011.0,Casual,Belmonte Men Check White Shirts
26789,Men,Apparel,Topwear,Shirts,Blue,Summer,2012.0,Formal,Arrow Men Blue Shirt
11695,Men,Apparel,Topwear,Shirts,Purple,Fall,2011.0,Casual,Lee Men Purple Check Shirt
11482,Women,Apparel,Topwear,Shirts,Blue,Fall,2011.0,Casual,United Colors of Benetton Women Light Winter Blue Shirts
9649,Men,Apparel,Topwear,Shirts,Blue,Fall,2011.0,Casual,Indigo Nation Men Club Satin Hot Stepper Blue Shirts
39802,Men,Apparel,Topwear,Shirts,Purple,Summer,2012.0,Formal,Peter England Men Purple Formal Shirt
32499,Men,Apparel,Topwear,Shirts,Olive,Summer,2012.0,Casual,Scullers Men Olive Shirt
13880,Men,Apparel,Topwear,Shirts,Green,Fall,2011.0,Casual,Scullers Men Check Green Shirts
59300,Men,Apparel,Topwear,Shirts,Beige,Fall,2012.0,Casual,U.S. Polo Assn. Denim Co. Men Beige Shirt
36853,Men,Apparel,Topwear,Shirts,White,Summer,2012.0,Casual,Spykar Men Everybody White Shirt
22472,Men,Apparel,Topwear,Shirts,Olive,Summer,2011.0,Casual,Timberland Men Olive Claremont Shirt
23977,Men,Apparel,Topwear,Shirts,Blue,Fall,2011.0,Formal,Peter England Men Blue Striped Shirt
14784,Men,Apparel,Topwear,Shirts,Pink,Fall,2011.0,Formal,Arrow Men Stripes Pink Shirts
15910,Men,Apparel,Topwear,Shirts,Grey,Fall,2011.0,Formal,Black Coffee Men Stripes Grey Slim Fit Shirt
15086,Men,Apparel,Topwear,Shirts,Blue,Fall,2011.0,Casual,Mother Earth Men Check Blue Shirts
11112,Men,Apparel,Topwear,Shirts,White,Fall,2011.0,Formal,Indigo Nation Men Check White Shirts
22577,Men,Apparel,Topwear,Shirts,Red,Fall,2011.0,Casual,Highlander Men Red Check Shirt
29772,Men,Apparel,Topwear,Shirts,Red,Summer,2012.0,Casual,Wrangler Men Red Striped Casual Shirt
27888,Women,Apparel,Topwear,Shirts,White,Summer,2012.0,Formal,Scullers for Her Women White Check Shirt
43544,Men,Apparel,Topwear,Shirts,Blue,Summer,2012.0,Casual,Scullers Men Checked Blue Shirt
19187,Men,Apparel,Topwear,Shirts,Grey,Fall,2011.0,Casual,United Colors of Benetton Men Check Grey Shirt
37758,Men,Apparel,Topwear,Shirts,White,Summer,2012.0,Casual,John Players Men Solid White Shirt
57128,Women,Apparel,Topwear,Shirts,Grey,Summer,2012.0,Casual,Elle Women Grey Retro Top
12367,Men,Apparel,Topwear,Shirts,White,Fall,2011.0,Formal,Reid & Taylor Men White Shirt
39228,Women,Apparel,Topwear,Shirts,Black,Summer,2012.0,Casual,Femella Women Petal Black Shirt
11111,Men,Apparel,Topwear,Shirts,White,Fall,2011.0,Formal,Indigo Nation Men Check White Shirts
10186,Men,Apparel,Topwear,Shirts,Black,Fall,2011.0,Casual,Indigo Nation Men Black & Blue Stripe Shirt
48374,Men,Apparel,Topwear,Shirts,Purple,Summer,2012.0,Casual,French Connection Men Purple & Black Striped Shirt
16351,Men,Apparel,Topwear,Shirts,Cream,Fall,2011.0,Formal,Peter England Men Stripes Cream Shirt
12237,Men,Apparel,Topwear,Shirts,Red,Fall,2011.0,Formal,Genesis Men Red Gingham Shirt
19465,Men,Apparel,Topwear,Shirts,Navy Blue,Fall,2011.0,Casual,Quiksilver Men Navy Blue Check Shirt
13217,Men,Apparel,Topwear,Shirts,White,Fall,2011.0,Casual,Palm Tree Kids Boys Solid White Shirts
13283,Men,Apparel,Topwear,Shirts,Blue,Fall,2011.0,Casual,Gini and Jony Kids Boys Check Blue Shirts
33146,Boys,Apparel,Bottomwear,Shorts,Blue,Summer,2012.0,Casual,Gini and Jony Boys Blue Shorts
13303,Men,Apparel,Bottomwear,Shorts,Beige,Fall,2011.0,Casual,Gini and Jony Kids Boys Solid Beige Shorts
46390,Men,Apparel,Bottomwear,Shorts,Blue,Summer,2012.0,Casual,ADIDAS Men Blue Cargo Shorts
25039,Men,Apparel,Bottomwear,Shorts,Black,Summer,2011.0,Sports,Nike Men T90 Black Shorts
1982,Women,Apparel,Bottomwear,Shorts,Purple,Fall,2010.0,Casual,Puma Women's Island Shorts Purple
46387,Men,Apparel,Bottomwear,Shorts,Black,Summer,2012.0,Casual,ADIDAS Men Black Shorts
49959,Men,Apparel,Bottomwear,Shorts,Red,Summer,2016.0,Casual,Hanes Men Red Athletic 3/4th Pants
3542,Men,Apparel,Bottomwear,Shorts,Black,Summer,2011.0,Sports,ADIDAS Men's Black Short
32587,Women,Apparel,Bottomwear,Shorts,Black,Summer,2012.0,Casual,Only  Women Black Shorts
7895,Men,Apparel,Bottomwear,Shorts,Olive,Fall,2011.0,Casual,Proline Men Olive Green Checked Shorts
32590,Women,Apparel,Bottomwear,Shorts,Brown,Summer,2012.0,Casual,ONLY Women Brown Shorts
7882,Men,Apparel,Bottomwear,Shorts,Black,Fall,2011.0,Casual,Proline Men Black Comfort Fit Shorts
30596,Men,Apparel,Bottomwear,Shorts,Blue,Summer,2012.0,Sports,Nike Men Woven Blue Shorts
22988,Men,Apparel,Bottomwear,Shorts,Black,Summer,2016.0,Sports,2go Active Gear USA Men Black John Shorts
14024,Men,Apparel,Bottomwear,Shorts,Black,Fall,2011.0,Sports,Nike Men Solid Black Shorts
30637,Women,Apparel,Bottomwear,Shorts,Red,Summer,2012.0,Sports,Nike Women Printed Tempo Red Shorts
9685,Men,Apparel,Bottomwear,Shorts,White,Fall,2011.0,Casual,ADIDAS Men Cress 3s3 4 Pan White Capris
5002,Women,Apparel,Bottomwear,Shorts,Pink,Summer,2011.0,Casual,Gini and Jony Girl's Jolene Pink Kidswear
51394,Men,Apparel,Bottomwear,Shorts,Red,Summer,2012.0,Casual,Myntra Men Red Check Shorts
4952,Men,Apparel,Bottomwear,Shorts,Black,Summer,2011.0,Casual,Gini and Jony Boy's Kimon Black Bermuda Infant Kidswear
48460,Men,Apparel,Bottomwear,Shorts,Green,Summer,2012.0,Casual,French Connection Men Green & White Check Cargo Shorts
33144,Boys,Apparel,Bottomwear,Shorts,Blue,Summer,2012.0,Casual,Gini and Jony Boys Blue Shorts
4797,Men,Apparel,Bottomwear,Shorts,Grey,Summer,2011.0,Sports,ADIDAS Men's Ess Dark Iron Brown Short
9079,Men,Apparel,Bottomwear,Shorts,Black,Fall,2011.0,Sports,ADIDAS Men Adna 3s Shrt Kn Black Shorts
30639,Women,Apparel,Bottomwear,Shorts,Purple,Summer,2012.0,Sports,Nike Women Tempo Purple Shorts
15341,Women,Apparel,Bottomwear,Shorts,Pink,Fall,2011.0,Sports,Nike Women Solid Pink Shorts
1977,Men,Apparel,Bottomwear,Shorts,Grey,Summer,2011.0,Casual,Tribord Mens Grey Cargo Shorts
57094,Women,Apparel,Bottomwear,Shorts,Blue,Summer,2012.0,Casual,Elle Women Greyish Blue Culottes
31116,Boys,Apparel,Bottomwear,Shorts,Grey,Summer,2012.0,Casual,Gini and Jony Boys Grey Shorts
40082,Men,Apparel,Bottomwear,Shorts,Navy Blue,Winter,2014.0,Casual,ADIDAS Men Navy Blue Short
43044,Men,Apparel,Bottomwear,Shorts,Charcoal,Summer,2012.0,Casual,Nike Men Charcoal Grey Shorts
54918,Men,Apparel,Bottomwear,Shorts,Brown,Summer,2012.0,Casual,Do u speak green Men Brown 3/4th Pant
5788,Women,Apparel,Bottomwear,Shorts,White,Summer,2011.0,Casual,Jealous 21 Women's Checkered Pink White Short
50664,Men,Apparel,Bottomwear,Shorts,Charcoal,Winter,2016.0,Sports,Chromozome Men Grey Melange Soccer Shorts S-5066
32446,Men,Apparel,Bottomwear,Shorts,Black,Summer,2012.0,Sports,ADIDAS Men Black 3/4 Length Pants
6579,Men,Apparel,Bottomwear,Shorts,Navy Blue,Fall,2012.0,Sports,Nike Men Woven Navy Blue 3/4 Pants
34105,Boys,Apparel,Bottomwear,Shorts,Blue,Summer,2012.0,Casual,Doodle Boys Check Blue Shorts
38569,Men,Apparel,Bottomwear,Shorts,Navy Blue,Spring,2013.0,Casual,Nike Men Navy Blue Shorts
15335,Men,Apparel,Bottomwear,Shorts,Navy Blue,Summer,2012.0,Sports,Nike Men Solid Navy Blue Shorts
30638,Women,Apparel,Bottomwear,Shorts,Black,Summer,2012.0,Sports,Nike Women Tempo Black Shorts
40085,Men,Apparel,Bottomwear,Shorts,White,Winter,2014.0,Casual,ADIDAS Men White Chelsea Shorts
16803,Girls,Apparel,Bottomwear,Shorts,Beige,Fall,2011.0,Casual,ANT Kids Girls Solid Beige Short
9348,Men,Apparel,Bottomwear,Shorts,Navy Blue,Fall,2011.0,Casual,Puma Men Bermudas Navy Blue Shorts
41696,Men,Apparel,Bottomwear,Shorts,Black,Summer,2012.0,Casual,Superman Men Black Printed Shorts
31458,Men,Apparel,Bottomwear,Shorts,Grey,Summer,2012.0,Sports,Nike Men Running Grey Shorts
31457,Men,Apparel,Bottomwear,Shorts,Black,Summer,2012.0,Sports,Nike Men Running Black Shorts
51377,Men,Apparel,Bottomwear,Shorts,Khaki,Summer,2012.0,Casual,Myntra Men Khaki Shorts
14939,Men,Apparel,Bottomwear,Shorts,Beige,Fall,2011.0,Casual,Status Quo Men Solid Beige Shorts
37581,Girls,Apparel,Bottomwear,Shorts,Green,Summer,2012.0,Casual,Madagascar 3 Girls Light Green Shorts
28627,Men,Apparel,Bottomwear,Shorts,Black,Summer,2012.0,Sports,Nike Men Longer Knit Black Shorts
34250,Men,Apparel,Bottomwear,Shorts,Charcoal,Summer,2013.0,Sports,Proline Charcoal Grey Shorts
4818,Men,Apparel,Bottomwear,Shorts,Black,Fall,2012.0,Sports,ADIDAS Men's Team Bermuda Black White Short
7883,Men,Apparel,Bottomwear,Shorts,Grey,Fall,2011.0,Sports,Proline Men Grey Sports Shorts
41890,Men,Apparel,Bottomwear,Shorts,Blue,Summer,2012.0,Casual,Flying Machine Men Blue Solid Regular Fit Denim Shorts
6574,Men,Apparel,Bottomwear,Shorts,White,Summer,2011.0,Sports,Nike Men's Woven Dri Fit White Short
6977,Men,Apparel,Bottomwear,Shorts,Green,Summer,2011.0,Casual,s.Oliver Men Pin Striped Olive Green Cargo Shorts
27625,Men,Apparel,Bottomwear,Shorts,Grey,Summer,2012.0,Casual,Scullers Men Grey Shorts
15333,Men,Apparel,Bottomwear,Shorts,Black,Winter,2012.0,Sports,Nike Men Solid Black Shorts
27216,Men,Apparel,Bottomwear,Shorts,Navy Blue,Summer,2012.0,Casual,Doodle Kids Boy  Navy Blue Shorts
27205,Men,Apparel,Bottomwear,Shorts,Blue,Summer,2012.0,Casual,Doodle Kids Boy Dark Blue Shorts
7896,Men,Apparel,Bottomwear,Shorts,Blue,Fall,2011.0,Casual,Proline Men Blue Shorts
7029,Men,Apparel,Bottomwear,Shorts,White,Summer,2011.0,Casual,s.Oliver Men's Blue Black Stripes White Short
30610,Men,Apparel,Bottomwear,Shorts,Black,Summer,2012.0,Sports,Nike Men Black Shorts
20921,Men,Apparel,Bottomwear,Shorts,Olive,Fall,2011.0,Casual,Deni Yo Men Solid Olive Short
39759,Boys,Apparel,Bottomwear,Shorts,Brown,Summer,2012.0,Casual,Gini Jony Boys Brown Shorts
38582,Men,Apparel,Bottomwear,Shorts,Black,Summer,2012.0,Casual,Nike Men Black Breakline Med Shorts
32649,Men,Apparel,Bottomwear,Shorts,Black,Summer,2012.0,Sports,Nike Men Black Shorts
48110,Women,Apparel,Bottomwear,Shorts,Red,Summer,2012.0,Casual,French Connection Women Red Shorts
27206,Men,Apparel,Bottomwear,Shorts,Blue,Summer,2012.0,Casual,Doodle Kids Boy Light Blue Shorts
39830,Girls,Apparel,Bottomwear,Shorts,Purple,Summer,2012.0,Casual,Gini and Jony Girls Core Purple Shorts
38568,Men,Apparel,Bottomwear,Shorts,Black,Summer,2012.0,Casual,Nike Men Black Running Shorts
31287,Men,Apparel,Bottomwear,Shorts,Black,Summer,2012.0,Casual,Puma Men Dazzle Black Shorts
44309,Men,Apparel,Bottomwear,Shorts,Brown,Summer,2012.0,Casual,Indian Terrain Men Brown Shorts
4808,Men,Apparel,Bottomwear,Shorts,Black,Summer,2011.0,Sports,ADIDAS Men's Prophecy Black Yellow Short
9508,Men,Apparel,Bottomwear,Shorts,Black,Fall,2011.0,Casual,Puma Men Bermudas Black Shorts
57215,Women,Apparel,Bottomwear,Shorts,Beige,Fall,2012.0,Casual,Kraus Jeans Women Beige Shorts
24308,Men,Apparel,Bottomwear,Shorts,White,Fall,2011.0,Casual,ADIDAS Men White Shorts
13243,Men,Apparel,Bottomwear,Shorts,Beige,Fall,2011.0,Casual,Palm Tree Kids Boys Solid Beige Shorts
2193,Men,Apparel,Bottomwear,Shorts,Navy Blue,Fall,2010.0,Sports,ADIDAS Men Navy Short
45488,Men,Apparel,Bottomwear,Shorts,Navy Blue,Summer,2012.0,Sports,Fila Men Navy Blue Shorts
41977,Boys,Apparel,Bottomwear,Shorts,White,Summer,2012.0,Casual,Gini and Jony Boys Beach White Shorts
51380,Men,Apparel,Bottomwear,Shorts,Blue,Summer,2012.0,Casual,Myntra Men Blue Shorts
21431,Women,Apparel,Bottomwear,Shorts,White,Winter,2012.0,Casual,Roxy Women White Shorts
35436,Girls,Apparel,Bottomwear,Shorts,Blue,Summer,2012.0,Casual,Doodle Girls Washed Blue Shorts
34249,Men,Apparel,Bottomwear,Shorts,Black,Winter,2013.0,Casual,Proline Black Lounge Shorts S11-BK/SGML
10052,Women,Apparel,Bottomwear,Shorts,Black,Fall,2011.0,Casual,Puma Women Trunk Black Shorts
44304,Men,Apparel,Bottomwear,Shorts,Grey,Summer,2012.0,Casual,Indian Terrain Men Grey Shorts
42104,Men,Apparel,Bottomwear,Shorts,Navy Blue,Spring,2013.0,Casual,ADIDAS Men Navy Blue Shorts
18005,Men,Apparel,Bottomwear,Shorts,Black,Summer,2011.0,Sports,Puma Men Long Logo Black Bermuda
27027,Women,Apparel,Bottomwear,Shorts,Blue,Summer,2012.0,Casual,Jealous 21 Women Blue Shorts
30609,Men,Apparel,Bottomwear,Shorts,Black,Spring,2013.0,Sports,Nike Men Black Shorts
13223,Men,Apparel,Bottomwear,Shorts,Blue,Fall,2011.0,Casual,Palm Tree Kids Boys Washed Blue Shorts
37580,Girls,Apparel,Bottomwear,Shorts,Pink,Winter,2012.0,Casual,Madagascar 3 Girls Pink Shorts
34060,Boys,Apparel,Bottomwear,Shorts,Grey,Summer,2012.0,Casual,Gini and Jony Boys Grey Shorts
12670,Men,Apparel,Bottomwear,Shorts,White,Fall,2011.0,Casual,Probase Men Check White Shorts
35437,Girls,Apparel,Bottomwear,Shorts,Black,Summer,2012.0,Casual,Doodle Girls Washed Black Shorts
8406,Men,Apparel,Bottomwear,Shorts,White,Fall,2011.0,Sports,ADIDAS Men M Rsp Short Sleeve White Shorts
42115,Men,Apparel,Bottomwear,Shorts,Black,Fall,2013.0,Casual,ADIDAS Men Black Shorts
57214,Women,Apparel,Bottomwear,Shorts,Blue,Fall,2012.0,Casual,Kraus Jeans Women Blue Shorts
57095,Women,Apparel,Bottomwear,Shorts,Black,Summer,2012.0,Casual,Elle Women Black Culottes
21592,Men,Apparel,Bottomwear,Shorts,Grey,Fall,2011.0,Sports,Artengo Men Solid Grey Short
39328,Girls,Apparel,Bottomwear,Shorts,Green,Summer,2012.0,Casual,Gini and Jony Girls Green Shorts
39080,Men,Apparel,Bottomwear,Shorts,Brown,Summer,2012.0,Casual,Arrow Sport Men Brown Cargo Shorts
24309,Men,Apparel,Bottomwear,Shorts,Grey,Fall,2011.0,Casual,ADIDAS Men Grey Shorts
58571,Men,Apparel,Bottomwear,Shorts,Black,Summer,2012.0,Casual,Puma Men Black Shorts
20919,Men,Apparel,Bottomwear,Shorts,Blue,Fall,2011.0,Casual,Deni Yo Men Check Blue Short
4989,Women,Apparel,Bottomwear,Shorts,Green,Summer,2011.0,Casual,Gini and Jony Girl's Fenil Bright Green Kidswear
9099,Men,Apparel,Bottomwear,Shorts,Blue,Fall,2011.0,Sports,ADIDAS Men Cfc H Sho Blue Shorts
31422,Men,Apparel,Bottomwear,Shorts,White,Summer,2012.0,Sports,Nike Men White Shorts
5450,Men,Apparel,Bottomwear,Shorts,Blue,Summer,2011.0,Sports,Nike Men's Blue Short
9346,Men,Apparel,Bottomwear,Shorts,Navy Blue,Fall,2011.0,Casual,Puma Men Checks Navy Blue Shorts
32621,Men,Apparel,Bottomwear,Shorts,Blue,Summer,2012.0,Sports,Nike Men Woven Reflective Blue Shorts
34252,Men,Apparel,Bottomwear,Shorts,Grey Melange,Summer,2013.0,Sports,Proline Grey Melange Shorts
53753,Men,Apparel,Bottomwear,Shorts,Red,Summer,2012.0,Casual,ADIDAS Men Red Shorts
28640,Men,Apparel,Bottomwear,Shorts,Black,Summer,2012.0,Sports,Nike Men Victor Woven Black Shorts
10021,Men,Apparel,Bottomwear,Shorts,White,Spring,2013.0,Sports,Nike Men As Woven Shor White Shorts
36216,Girls,Apparel,Bottomwear,Shorts,Magenta,Summer,2012.0,Casual,Gini and Jony Girls Core Magenta Shorts
26310,Men,Apparel,Bottomwear,Shorts,Black,Summer,2012.0,Sports,Proline Black Sports Shorts
38941,Boys,Apparel,Bottomwear,Shorts,Blue,Summer,2012.0,Casual,Gini and Jony Boys Blue Shorts
50665,Men,Apparel,Bottomwear,Shorts,Navy Blue,Winter,2016.0,Sports,Chromozome Men Navy Blue Soccer Shorts
13300,Men,Apparel,Bottomwear,Shorts,Beige,Fall,2011.0,Casual,Gini and Jony Men Solid Beige Shorts
14025,Men,Apparel,Bottomwear,Shorts,Grey,Fall,2011.0,Sports,Nike Men Solid Grey Shorts
32457,Men,Apparel,Bottomwear,Shorts,Black,Spring,2013.0,Sports,ADIDAS Men Black Shorts
24992,Girls,Apparel,Bottomwear,Shorts,Pink,Summer,2012.0,Casual,United Colors of Benetton Kids Girls Pink Shorts
10018,Men,Apparel,Bottomwear,Shorts,Black,Fall,2012.0,Sports,Nike Men Black Three Quarter Track Pants
9081,Men,Apparel,Bottomwear,Shorts,Red,Fall,2011.0,Sports,ADIDAS Men Gfx Rev 2l Sho Red Shorts
19420,Men,Apparel,Bottomwear,Shorts,Blue,Summer,2012.0,Casual,Quiksilver Men Ocean Walk Reversible Blue Shorts
31461,Men,Apparel,Bottomwear,Shorts,White,Summer,2012.0,Sports,Nike Men Tennis White Shorts
1981,Women,Apparel,Bottomwear,Shorts,Green,Fall,2010.0,Casual,Puma Women's Island Green Shorts
39323,Girls,Apparel,Bottomwear,Shorts,Blue,Summer,2012.0,Casual,Gini and Jony Girls Blue Shorts
42122,Men,Apparel,Bottomwear,Shorts,Navy Blue,Summer,2012.0,Casual,ADIDAS Men Navy Blue Shorts
7688,Men,Apparel,Bottomwear,Shorts,Grey,Fall,2011.0,Sports,Puma Men's Logo Bermuda Grey Short
14931,Men,Apparel,Bottomwear,Shorts,Navy Blue,Fall,2011.0,Casual,Status Quo Men Check Navy Blue Shorts
4809,Men,Apparel,Bottomwear,Shorts,Navy Blue,Summer,2011.0,Sports,ADIDAS Men's Prophecy Navy Blue Short
51393,Men,Apparel,Bottomwear,Shorts,White,Summer,2012.0,Casual,Myntra Men Green Check Shorts
33497,Men,Apparel,Bottomwear,Shorts,Beige,Summer,2012.0,Casual,Doodle Kids Boy  Beige Shorts
37582,Girls,Apparel,Bottomwear,Shorts,White,Summer,2012.0,Casual,Madagascar3 Girls White Shorts
26985,Women,Apparel,Bottomwear,Shorts,Pink,Summer,2012.0,Casual,Jealous 21 Women Pink Shorts
1976,Men,Apparel,Bottomwear,Shorts,White,Summer,2011.0,Casual,Tribord Mens Short Cargo Shorts
7935,Men,Apparel,Bottomwear,Shorts,Black,Fall,2011.0,Sports,Puma Men Jersey Black Short
1620,Men,Apparel,Bottomwear,Shorts,Blue,Fall,2010.0,Sports,Reebok Men Micro Shorts
43310,Women,Apparel,Bottomwear,Shorts,Pink,Summer,2012.0,Casual,United Colors of Benetton Womens Pink Shorts
20920,Men,Apparel,Bottomwear,Shorts,Olive,Fall,2011.0,Casual,Deni Yo Men Check Olive Short
27218,Men,Apparel,Bottomwear,Shorts,Blue,Summer,2012.0,Casual,Doodle Kids Boy Printed Blue Shorts
40035,Men,Apparel,Bottomwear,Shorts,Blue,Summer,2012.0,Casual,ADIDAS Men Blue Reversible Shorts
43657,Women,Apparel,Bottomwear,Shorts,Purple,Summer,2012.0,Casual,ONLY Women Purple Shorts
5003,Women,Apparel,Bottomwear,Shorts,Blue,Summer,2011.0,Casual,Gini and Jony Girl's Arella Blue Kidswear
9343,Men,Apparel,Bottomwear,Shorts,Brown,Fall,2011.0,Casual,Puma Men Chino Brown Shorts
41006,Girls,Apparel,Bottomwear,Shorts,Navy Blue,Summer,2012.0,Casual,Gini and Jony Girls Woven Navy Blue Shorts
46399,Men,Apparel,Bottomwear,Shorts,Olive,Summer,2012.0,Casual,ADIDAS Men Grey Olive Shorts
19948,Men,Apparel,Bottomwear,Shorts,Black,Summer,2011.0,Casual,Puma Men Black Baggy Shorts
42105,Men,Apparel,Bottomwear,Shorts,Grey,Spring,2013.0,Casual,ADIDAS Men Grey Aess Hsj Shorts
51395,Men,Apparel,Bottomwear,Shorts,Yellow,Summer,2012.0,Casual,Myntra Men Yellow Check Shorts
26984,Women,Apparel,Bottomwear,Shorts,Blue,Summer,2012.0,Casual,Jealous 21 Women Blue Shorts
32431,Men,Apparel,Bottomwear,Shorts,Black,Summer,2012.0,Sports,ADIDAS Men Black Shorts
7497,Women,Apparel,Bottomwear,Shorts,Purple,Summer,2011.0,Sports,"Nike Women's EM Tempo 3.5"" Purple Short"
30603,Boys,Apparel,Bottomwear,Shorts,Maroon,Summer,2012.0,Sports,Nike Boys Basketball Red Shorts
28497,Men,Apparel,Bottomwear,Shorts,Grey,Summer,2012.0,Sports,Urban Yoga Men Grey Shorts
34251,Men,Apparel,Bottomwear,Shorts,Navy Blue,Summer,2013.0,Sports,Proline Navy Shorts
22644,Men,Apparel,Bottomwear,Shorts,Navy Blue,Fall,2011.0,Sports,Nike Men Solid Navy Blue Shorts
17939,Men,Apparel,Bottomwear,Shorts,White,Fall,2011.0,Sports,Puma Men Solid White  Logo 3/4 Pants
49957,Men,Apparel,Bottomwear,Shorts,Grey Melange,Winter,2016.0,Casual,Hanes Men Grey Panelled 3/4th Pants
6527,Men,Apparel,Bottomwear,Shorts,White,Summer,2011.0,Sports,Nike Men's Woven White Short
10020,Men,Apparel,Bottomwear,Shorts,Black,Summer,2012.0,Sports,Nike Men Black & White Reversible Shorts
2117,Men,Apparel,Bottomwear,Shorts,Grey,Fall,2010.0,Sports,ADIDAS Men Grey  Capris
12812,Men,Apparel,Bottomwear,Shorts,Black,Summer,2012.0,Sports,Nike Men Football/Soccer Black Shorts
27628,Men,Apparel,Bottomwear,Shorts,Navy Blue,Summer,2012.0,Casual,Scullers Men Check Navy Blue Shorts
7878,Men,Apparel,Bottomwear,Shorts,Grey,Fall,2011.0,Sports,Proline Men Grey Comfort Fit Sports Shorts
4980,Women,Apparel,Bottomwear,Shorts,Blue,Summer,2011.0,Casual,Palm Tree Girl's Benita Blue Kidswear
32427,Men,Apparel,Bottomwear,Shorts,Black,Summer,2010.0,Casual,ADIDAS Men Black 3/4 Length Pants
42120,Men,Apparel,Bottomwear,Shorts,Black,Summer,2012.0,Casual,ADIDAS Men Black 3/4 Length Pants
14932,Men,Apparel,Bottomwear,Shorts,Black,Fall,2011.0,Casual,Status Quo Men Check Black Shorts
7879,Men,Apparel,Bottomwear,Shorts,Grey,Fall,2011.0,Sports,Proline Men Grey Comfort Fit Sports Shorts
27214,Men,Apparel,Bottomwear,Shorts,Brown,Summer,2012.0,Casual,Doodle Kids Boy  Brown Shorts
14023,Men,Apparel,Bottomwear,Shorts,Navy Blue,Fall,2012.0,Sports,Nike Men Solid Navy Blue Shorts
22590,Men,Apparel,Bottomwear,Shorts,Grey,Fall,2011.0,Sports,Nike Men Solid Grey Shorts
41000,Girls,Apparel,Bottomwear,Shorts,Blue,Summer,2012.0,Casual,Gini and Jony Girls Woven Blue Shorts
58491,Women,Apparel,Bottomwear,Shorts,Olive,Fall,2012.0,Casual,Tonga Women Olive Shorts
9782,Men,Apparel,Bottomwear,Shorts,White,Fall,2011.0,Casual,ADIDAS Men M Basic White Shorts
9950,Men,Apparel,Bottomwear,Shorts,Black,Fall,2011.0,Sports,ADIDAS Men M Rsp Black Shorts
27232,Women,Apparel,Bottomwear,Shorts,Pink,Summer,2012.0,Casual,Doodle Kids Girl Check Pink Shorts
32449,Men,Apparel,Bottomwear,Shorts,White,Summer,2012.0,Sports,ADIDAS Men White 3/4 Length Pants
53776,Men,Apparel,Bottomwear,Shorts,Green,Summer,2012.0,Casual,Puma Men Green Shorts
32426,Men,Apparel,Bottomwear,Shorts,White,Summer,2012.0,Sports,ADIDAS Men White Shorts
51397,Men,Apparel,Bottomwear,Shorts,White,Summer,2012.0,Casual,Myntra Men Blue Check Shorts
28628,Men,Apparel,Bottomwear,Shorts,White,Summer,2012.0,Sports,Nike Men Woven White Shorts
34059,Boys,Apparel,Bottomwear,Shorts,Grey,Summer,2012.0,Casual,Gini and Jony Boys Grey Shorts
10660,Women,Apparel,Bottomwear,Shorts,Blue,Fall,2011.0,Casual,Doodle Girl Hot shorts ice wash Blue Shorts
18867,Men,Apparel,Bottomwear,Shorts,Grey,Fall,2011.0,Casual,Puma Men Solid Grey Knits Panel Shorts
53737,Men,Apparel,Bottomwear,Shorts,Olive,Summer,2012.0,Casual,ADIDAS Men Olive Shorts
39756,Boys,Apparel,Bottomwear,Shorts,White,Summer,2012.0,Casual,Gini Jony Boys White Shorts
27426,Women,Apparel,Bottomwear,Shorts,Grey Melange,Winter,2015.0,Casual,Jockey Women Grey Melange Shorts
51378,Men,Apparel,Bottomwear,Shorts,Brown,Summer,2012.0,Casual,Myntra Men Brown Shorts
41695,Men,Apparel,Bottomwear,Shorts,Navy Blue,Summer,2012.0,Casual,Superman Men Navy Blue Printed Shorts
13231,Men,Apparel,Bottomwear,Shorts,Blue,Fall,2011.0,Casual,Palm Tree Kids Boys Washed Blue Shorts
13258,Girls,Apparel,Bottomwear,Shorts,Purple,Fall,2011.0,Casual,Gini and Jony Girls Purple Shorts
4787,Men,Apparel,Bottomwear,Shorts,Black,Summer,2011.0,Sports,ADIDAS Men's Bas Esx Black Short
39320,Boys,Apparel,Bottomwear,Shorts,Navy Blue,Summer,2012.0,Casual,Gini and Jony Boys Navy Blue Shorts
5762,Women,Apparel,Bottomwear,Shorts,Blue,Summer,2011.0,Casual,Jealous 21 Women's White Blue Shorts
40068,Men,Apparel,Bottomwear,Shorts,Black,Summer,2012.0,Casual,ADIDAS Men Black Shorts
13284,Men,Apparel,Bottomwear,Shorts,Black,Fall,2011.0,Casual,Gini and Jony Kids Boys Solid Black Shorts
14935,Men,Apparel,Bottomwear,Shorts,Navy Blue,Fall,2011.0,Casual,Status Quo Men Check Navy Blue Shorts
15336,Men,Apparel,Bottomwear,Shorts,Grey,Fall,2011.0,Casual,Nike Men Solid Grey Shorts
29177,Boys,Apparel,Bottomwear,Shorts,Blue,Summer,2012.0,Casual,United Colors of Benetton Boys Blue Shorts
14938,Men,Apparel,Bottomwear,Shorts,Beige,Fall,2011.0,Casual,Status Quo Men Solid Beige Shorts
13256,Men,Apparel,Bottomwear,Shorts,White,Fall,2011.0,Casual,Palm Tree Kids Boys Check White Shorts
36215,Girls,Apparel,Bottomwear,Shorts,Purple,Summer,2012.0,Casual,Gini and Jony Girls Core Purple Shorts
32447,Men,Apparel,Bottomwear,Shorts,Black,Winter,2014.0,Sports,ADIDAS Men Black 3/4 Length Pants
5453,Men,Apparel,Bottomwear,Shorts,Grey,Summer,2011.0,Sports,Nike Men's Vapor Knit Grey Short
7557,Men,Apparel,Bottomwear,Shorts,Green,Summer,2011.0,Sports,Nike Men's Tempo 5 Green Short
22987,Men,Apparel,Bottomwear,Shorts,Grey,Summer,2016.0,Sports,2go Active Gear USA Men Grey Ted Shorts
38503,Girls,Apparel,Bottomwear,Shorts,Blue,Summer,2012.0,Casual,Gini and Jony Girls Woven Blue Shorts
39745,Boys,Apparel,Bottomwear,Shorts,Blue,Summer,2012.0,Casual,Gini Jony Boys Blue Shorts
34693,Girls,Apparel,Bottomwear,Shorts,Pink,Summer,2012.0,Casual,Allen Solly Kids Girls Poplin Pink Shorts
25024,Men,Apparel,Bottomwear,Shorts,Navy Blue,Fall,2011.0,Sports,Nike Men Tempo Navy Blue Shorts
30634,Men,Apparel,Bottomwear,Shorts,Black,Summer,2012.0,Casual,Nike Men Black Shorts
2192,Men,Apparel,Bottomwear,Shorts,White,Fall,2010.0,Sports,ADIDAS Men White Short
7533,Men,Apparel,Bottomwear,Shorts,Black,Summer,2011.0,Sports,Nike Men's As T90 Black Short
41701,Men,Apparel,Bottomwear,Shorts,Navy Blue,Summer,2012.0,Casual,DC Comics Men Navy Blue Printed Shorts
13293,Men,Apparel,Bottomwear,Shorts,White,Fall,2011.0,Casual,Gini and Jony Kids Boys Solid White Shorts
32420,Men,Apparel,Bottomwear,Shorts,Black,Summer,2012.0,Sports,ADIDAS Men Black Shorts
2191,Men,Apparel,Bottomwear,Shorts,Blue,Fall,2010.0,Sports,ADIDAS Men Chelsea Lead Short
22814,Men,Apparel,Bottomwear,Shorts,Navy Blue,Summer,2012.0,Casual,Manchester United Men Navy Blue Shorts
22589,Men,Apparel,Bottomwear,Shorts,Navy Blue,Fall,2011.0,Sports,Nike Men Solid Navy Blue Shorts
2187,Men,Apparel,Bottomwear,Shorts,Navy Blue,Fall,2010.0,Sports,ADIDAS Men Stripe Navy Short
57093,Women,Apparel,Bottomwear,Shorts,Blue,Summer,2012.0,Casual,Elle Women Blue Shorts
33495,Men,Apparel,Bottomwear,Shorts,Blue,Summer,2012.0,Casual,Doodle Kids Boy Striped Blue Shorts
7902,Men,Apparel,Bottomwear,Shorts,Brown,Fall,2011.0,Casual,Proline Men Brown & Blue Checked Shorts
38563,Men,Apparel,Bottomwear,Shorts,Orange,Summer,2012.0,Casual,Nike Men Orange & Charcoal Shorts
13113,Men,Apparel,Bottomwear,Shorts,Khaki,Fall,2011.0,Casual,ADIDAS Men HT Khakhi Short
6525,Women,Apparel,Bottomwear,Shorts,Yellow,Summer,2011.0,Sports,Nike Women's Tempo yellow Short
33268,Girls,Apparel,Bottomwear,Shorts,Green,Summer,2012.0,Casual,Gini and Jony Girls Green Shorts
39758,Boys,Apparel,Bottomwear,Shorts,Brown,Summer,2012.0,Casual,Gini Jony Boys Brown Shorts
4949,Men,Apparel,Bottomwear,Shorts,Blue,Summer,2011.0,Casual,Gini and Jony Boy's Kimon Blue Bermuda Kidswear
32452,Men,Apparel,Bottomwear,Shorts,Black,Winter,2015.0,Sports,ADIDAS Men Black Shorts
10671,Boys,Apparel,Bottomwear,Shorts,Green,Fall,2011.0,Casual,Doodle Boy Army  Green Shorts
37522,Boys,Apparel,Bottomwear,Shorts,White,Summer,2012.0,Casual,Madagascar3 Infant Boys White Shorts
41992,Boys,Apparel,Bottomwear,Shorts,Black,Summer,2012.0,Casual,Gini and Jony Boys Customised Black Shorts
46732,Boys,Apparel,Bottomwear,Shorts,Khaki,Summer,2012.0,Casual,Gini and Jony Boys Khaki Bermuda Shorts
1567,Men,Apparel,Bottomwear,Shorts,Black,Fall,2010.0,Sports,Artengo Men Training Shorts
27207,Men,Apparel,Bottomwear,Shorts,White,Summer,2012.0,Casual,Doodle Kids Boy  White Shorts
30595,Men,Apparel,Bottomwear,Shorts,Grey,Summer,2012.0,Sports,Nike Men Woven Grey Shorts
38766,Girls,Apparel,Bottomwear,Shorts,Pink,Summer,2012.0,Casual,Gini and Jony Girls Pink Shorts
30636,Women,Apparel,Bottomwear,Shorts,Blue,Summer,2012.0,Sports,Nike Women Printed Tempo Blue Shorts
28503,Men,Apparel,Bottomwear,Shorts,Grey,Summer,2012.0,Sports,Nike Men Tempo 2 in 1 Grey Shorts
13255,Men,Apparel,Bottomwear,Shorts,White,Fall,2011.0,Casual,Palm Tree Kids Boys Check White Shorts
5761,Women,Apparel,Bottomwear,Shorts,White,Summer,2011.0,Casual,Jealous 21 Women's Pink Shorts
25030,Men,Apparel,Bottomwear,Shorts,Navy Blue,Fall,2011.0,Sports,Nike Men Speed Fly Navy Blue Shorts
48457,Men,Apparel,Bottomwear,Shorts,Multi,Summer,2012.0,Casual,French Connection Men Multi Coloured Cargo Shorts
38502,Girls,Apparel,Bottomwear,Shorts,Navy Blue,Summer,2012.0,Casual,Gini and Jony Girls Woven Navy Blue Shorts
6860,Women,Apparel,Bottomwear,Skirts,Black,Summer,2011.0,Casual,Forever New Women's Short Black Skirt
12839,Women,Apparel,Bottomwear,Skirts,Black,Fall,2011.0,Casual,Ant Kids Pleated Black Skirts
30925,Women,Apparel,Bottomwear,Skirts,Black,Summer,2012.0,Ethnic,Fabindia Women Printed Black Ghera Skirt
27199,Women,Apparel,Bottomwear,Skirts,Grey,Summer,2012.0,Casual,Doodle Kids Girl Printed Grey Skirt
40433,Women,Apparel,Bottomwear,Skirts,Multi,Summer,2012.0,Casual,Tonga Women Multi Colored Skirt
41003,Girls,Apparel,Bottomwear,Skirts,Blue,Summer,2012.0,Casual,Gini and Jony Girls Woven Blue Skirt
10654,Women,Apparel,Bottomwear,Skirts,Blue,Fall,2011.0,Casual,Doodle Girl Denim skirt with belt Blue Skirts
47658,Women,Apparel,Bottomwear,Skirts,Purple,Summer,2012.0,Casual,Femella Women Purple & Black Skirt
34148,Girls,Apparel,Bottomwear,Skirts,Blue,Summer,2012.0,Casual,Gini and Jony Girls Washed Blue Skirt
57089,Women,Apparel,Bottomwear,Skirts,Navy Blue,Summer,2012.0,Casual,Elle Women Blue Skirt
8493,Women,Apparel,Bottomwear,Skirts,Black,Fall,2011.0,Casual,Forever New Women Black Skirts
30923,Women,Apparel,Bottomwear,Skirts,Mustard,Summer,2012.0,Ethnic,Fabindia Women Printed Mustard Skirt
34493,Women,Apparel,Bottomwear,Skirts,Grey,Summer,2012.0,Formal,Van Heusen Woman Grey Skirt
46813,Girls,Apparel,Bottomwear,Skirts,Pink,Summer,2012.0,Casual,Gini and Jony Girls Pink Skirt
30929,Women,Apparel,Bottomwear,Skirts,Grey,Summer,2012.0,Ethnic,Fabindia Women Grey Skirt
44646,Women,Apparel,Bottomwear,Skirts,Black,Summer,2012.0,Formal,Arrow Woman Black Skirt
18710,Women,Apparel,Bottomwear,Skirts,Tan,Fall,2011.0,Casual,Arrow Woman Printed Tan Skirt
5586,Girls,Apparel,Bottomwear,Skirts,Brown,Summer,2011.0,Casual,Ant Kids Girl's Tiger Print Kidswear
4930,Women,Apparel,Bottomwear,Skirts,Blue,Summer,2011.0,Casual,Gini and Jony Girl's Vanida Blue Dungree Infant Kidswear
40432,Women,Apparel,Bottomwear,Skirts,Black,Summer,2012.0,Formal,Tonga Women Black Skirt
48493,Women,Apparel,Bottomwear,Skirts,Black,Winter,2011.0,Casual,French Connection Women Black Skirt
32591,Women,Apparel,Bottomwear,Skirts,Pink,Summer,2012.0,Casual,ONLY Women Pink Skirt
47657,Women,Apparel,Bottomwear,Skirts,Cream,Summer,2012.0,Casual,Femella Women Grey Printed Skirt
4929,Women,Apparel,Bottomwear,Skirts,Blue,Summer,2011.0,Casual,Gini and Jony Girl's Vanida Blue Dungree Kidswear
57091,Women,Apparel,Bottomwear,Skirts,Black,Summer,2012.0,Casual,Elle Women Black Skirt
13515,Women,Apparel,Bottomwear,Skirts,Blue,Fall,2011.0,Casual,Palm Tree Kids Girl Washed Blue Skirts
41002,Girls,Apparel,Bottomwear,Skirts,Blue,Summer,2012.0,Casual,Gini and Jony Girls Woven Blue Skirt
57083,Women,Apparel,Bottomwear,Skirts,Blue,Summer,2012.0,Casual,Elle Women Blue Skirt
25930,Women,Apparel,Bottomwear,Skirts,Black,Summer,2012.0,Casual,Femella Women Black Skirt
28456,Women,Apparel,Bottomwear,Skirts,Blue,Summer,2012.0,Sports,Urban Yoga Women Blue Skirt With Leggings
3901,Girls,Apparel,Bottomwear,Skirts,Blue,Summer,2011.0,Casual,Disney Kids Girl's Pooh Denim Blue Skirt
13514,Women,Apparel,Bottomwear,Skirts,Blue,Fall,2011.0,Casual,Palm Tree Women Washed Blue Skirts
6864,Women,Apparel,Bottomwear,Skirts,White,Summer,2011.0,Casual,Forever New Women's Printed White Skirt
13304,Women,Apparel,Bottomwear,Skirts,Red,Fall,2011.0,Casual,Gini and Jony Kids Girls Solid Red Skirts
41005,Girls,Apparel,Bottomwear,Skirts,Navy Blue,Summer,2012.0,Casual,Gini and Jony Girls Woven Navy Blue Skirts
40428,Women,Apparel,Bottomwear,Skirts,Grey,Summer,2012.0,Formal,Tonga Women Grey Formal Skirt
57085,Women,Apparel,Bottomwear,Skirts,Off White,Summer,2012.0,Casual,Elle Women Off-White & Orange Floral Print Tulip Skirt
5005,Women,Apparel,Bottomwear,Skirts,Red,Summer,2011.0,Casual,Gini and Jony Girl's Glinda Red Kidswear
5581,Girls,Apparel,Bottomwear,Skirts,Pink,Summer,2011.0,Casual,Ant Kids Girl's Flower Print Frill Pink Kidswear
57087,Women,Apparel,Bottomwear,Skirts,Yellow,Summer,2012.0,Casual,Elle Women Yellow Skirt
32252,Women,Apparel,Bottomwear,Skirts,Red,Summer,2012.0,Ethnic,Fabindia Women Red Skirts
26364,Women,Apparel,Bottomwear,Skirts,Grey,Summer,2012.0,Formal,Arrow Woman Grey Skirt
40434,Women,Apparel,Bottomwear,Skirts,Charcoal,Summer,2012.0,Casual,Tonga Women Charcoal Skirt
8497,Women,Apparel,Bottomwear,Skirts,Cream,Fall,2011.0,Casual,Forever New Women Cameo Skirt Cream Skirts
41004,Girls,Apparel,Bottomwear,Skirts,Navy Blue,Summer,2012.0,Casual,Gini and Jony Girls Woven Navy Blue Skirts
6862,Women,Apparel,Bottomwear,Skirts,Pink,Summer,2011.0,Casual,Forever New Women's Peach Pink Skirt
49655,Women,Apparel,Bottomwear,Skirts,Pink,Summer,2012.0,Casual,Mineral Pink & Green Skirt
31454,Women,Apparel,Bottomwear,Skirts,Black,Summer,2012.0,Sports,Nike Women Tennis Black Skirt
34494,Women,Apparel,Bottomwear,Skirts,Black,Summer,2012.0,Formal,Van Heusen Woman Black Skirt
18711,Women,Apparel,Bottomwear,Skirts,Brown,Fall,2011.0,Casual,Arrow Woman Printed Brown Skirt
32251,Women,Apparel,Bottomwear,Skirts,Purple,Summer,2012.0,Ethnic,Fabindia Women Purple Skirt
8499,Women,Apparel,Bottomwear,Skirts,Pink,Fall,2011.0,Casual,Forever New Women Blossom  Pink Printed Skirt
8494,Women,Apparel,Bottomwear,Skirts,Beige,Fall,2011.0,Casual,Forever New Women Clay Pleated Beige Skirts
13339,Women,Apparel,Bottomwear,Skirts,Black,Fall,2011.0,Casual,Gini and Jony Kids Girls Solid Black Skirts
37208,Women,Apparel,Bottomwear,Skirts,Black,Fall,2012.0,Casual,United Colors of Benetton Women Black Skirt
10000,Women,Apparel,Bottomwear,Skirts,White,Summer,2011.0,Casual,Palm Tree Girls Sp Jace Sko White Skirts
10002,Women,Apparel,Bottomwear,Skirts,Blue,Summer,2011.0,Casual,Palm Tree Kids Sp Jema Skt Blue Skirts
34495,Women,Apparel,Bottomwear,Skirts,Grey,Fall,2012.0,Formal,Van Heusen Woman Grey Skirt
33508,Women,Apparel,Bottomwear,Skirts,Blue,Summer,2012.0,Casual,Doodle Kids Girl Washed Blue Skirt
25931,Women,Apparel,Bottomwear,Skirts,Red,Summer,2012.0,Casual,Femella Women Red Skirt
57088,Women,Apparel,Bottomwear,Skirts,Teal,Summer,2012.0,Casual,Elle Women Teal Skirt
11260,Women,Apparel,Bottomwear,Skirts,Green,Summer,2011.0,Casual,Palm Tree Kids Girl Sp Jace Sko Green Skirts
6898,Women,Apparel,Bottomwear,Skirts,Cream,Summer,2011.0,Casual,Forever New Women's Formal Cream Skirt
12848,Women,Apparel,Bottomwear,Skirts,Blue,Fall,2011.0,Casual,Ant Kids Check Blue Skirts
30928,Women,Apparel,Bottomwear,Skirts,Blue,Summer,2012.0,Ethnic,Fabindia Women Printed Blue Skirt
46814,Girls,Apparel,Bottomwear,Skirts,Pink,Summer,2012.0,Casual,Gini and Jony Girls Pink Skirt
26863,Women,Apparel,Bottomwear,Skirts,Navy Blue,Summer,2012.0,Casual,Jealous 21 Women Navy Blue Skirts
5575,Girls,Apparel,Bottomwear,Skirts,Green,Summer,2011.0,Casual,Ant Kids Girl's Green Kidswear
41152,Women,Apparel,Bottomwear,Skirts,Grey,Summer,2012.0,Casual,Allen Solly Woman Grey Skirt
38504,Girls,Apparel,Bottomwear,Skirts,Navy Blue,Summer,2012.0,Casual,Gini and Jony Girls Navy Blue Skirts
29171,Girls,Apparel,Bottomwear,Skirts,Blue,Summer,2012.0,Casual,United Colors of Benetton Kids Girls Washed Blue Skirt
10001,Women,Apparel,Bottomwear,Skirts,Blue,Summer,2011.0,Casual,Palm Tree Kids Girls Sp Jema Skt Blue Skirts
30927,Women,Apparel,Bottomwear,Skirts,Red,Summer,2012.0,Ethnic,Fabindia Women Red Ghera Crinkle Skirt
33271,Girls,Apparel,Bottomwear,Skirts,Red,Summer,2012.0,Casual,Gini and Jony Girls Red Skirt
8496,Women,Apparel,Bottomwear,Skirts,Cream,Fall,2011.0,Casual,Forever New Women Cappuccino Cream Skirts
57086,Women,Apparel,Bottomwear,Skirts,Pink,Summer,2012.0,Casual,Elle Women Pink Vintage Skirt
39725,Women,Apparel,Bottomwear,Skirts,Charcoal,Summer,2012.0,Formal,Arrow Woman Charcoal Skirt
3896,Girls,Apparel,Bottomwear,Skirts,Blue,Summer,2011.0,Casual,Disney Kids Girl's Denim Minnie Dark Blue Skirt
49636,Women,Apparel,Bottomwear,Skirts,Blue,Summer,2012.0,Casual,Mineral Blue & White Skirt
8495,Women,Apparel,Bottomwear,Skirts,Blue,Fall,2011.0,Casual,Forever New Women Cornflower Blue Skirts
13340,Women,Apparel,Bottomwear,Skirts,Black,Fall,2011.0,Casual,Gini and Jony Kids Girls Solid Black Skirts
39731,Women,Apparel,Bottomwear,Skirts,Grey,Summer,2012.0,Formal,Arrow Woman Grey Skirt
13263,Women,Apparel,Bottomwear,Skirts,Pink,Fall,2011.0,Casual,Palm Tree Kids Girl Solid Pink Skirts
5019,Women,Apparel,Bottomwear,Skirts,Navy Blue,Summer,2011.0,Casual,Levis Kids Girl's Betsy Navy Kidswear
9994,Women,Apparel,Bottomwear,Skirts,Blue,Summer,2011.0,Casual,Gini And Jony Girls Ac Arnia Skt Blue Skirts
27231,Women,Apparel,Bottomwear,Skirts,Blue,Summer,2012.0,Casual,Doodle Kids Girl Washed Blue Skirt
39330,Girls,Apparel,Bottomwear,Skirts,White,Summer,2012.0,Casual,Gini & Jony Girls White Skirt
10652,Women,Apparel,Bottomwear,Skirts,Blue,Fall,2011.0,Casual,Doodle Girl Denim skirt with belt Blue Skirts
35958,Women,Apparel,Bottomwear,Skirts,Black,Summer,2012.0,Casual,Flying Machine Women Viscose Black Skirt
57084,Women,Apparel,Bottomwear,Skirts,Blue,Summer,2012.0,Casual,Elle Women Blue Skirt
10366,Women,Apparel,Bottomwear,Skirts,Black,Fall,2011.0,Casual,United Colors of Benetton Women Solid Black Skirt
57092,Women,Apparel,Bottomwear,Skirts,Off White,Summer,2012.0,Casual,Elle Women Off White Skirt
49635,Women,Apparel,Bottomwear,Skirts,Pink,Summer,2010.0,Casual,Mineral Women Pink Skirt
57082,Women,Apparel,Bottomwear,Skirts,Blue,Summer,2012.0,Casual,Elle Women Blue Skirt
6857,Women,Apparel,Bottomwear,Skirts,Black,Summer,2011.0,Casual,Forever New Women's Animal Stroke Print Black Skirt
34149,Girls,Apparel,Bottomwear,Skirts,Blue,Summer,2012.0,Casual,Gini and Jony Girls Washed Blue Skirt
13516,Women,Apparel,Bottomwear,Skirts,Blue,Fall,2011.0,Casual,Palm Tree Kids Girl Washed Blue Skirts
10655,Women,Apparel,Bottomwear,Skirts,Blue,Fall,2011.0,Casual,Doodle Girl Denim skirt with belt Blue Skirts
34492,Women,Apparel,Bottomwear,Skirts,Black,Summer,2012.0,Formal,Van Heusen Woman Black Skirt
6532,Women,Apparel,Bottomwear,Skirts,Pink,Summer,2011.0,Sports,Nike Women's Border Pink Skirt
43520,Women,Apparel,Bottomwear,Skirts,Navy Blue,Summer,2012.0,Formal,French Connection Women Navy Blue Skirt
39314,Girls,Apparel,Bottomwear,Skirts,Red,Summer,2012.0,Casual,Gini and Jony Girls Red Skirt
28455,Women,Apparel,Bottomwear,Skirts,Black,Summer,2012.0,Sports,Urban Yoga Women Black Skirt With Leggings
10351,Women,Apparel,Bottomwear,Skirts,Grey,Fall,2011.0,Casual,United Colors of Benetton Women Check Skirt Grey Skirts
13305,Women,Apparel,Bottomwear,Skirts,Red,Fall,2011.0,Casual,Gini and Jony Kids Girls Solid Red Skirts
30924,Women,Apparel,Bottomwear,Skirts,Beige,Summer,2012.0,Ethnic,Fabindia Women Printed Beige Ghera Skirt
57090,Women,Apparel,Bottomwear,Skirts,Navy Blue,Summer,2012.0,Casual,Elle Women Navy Blue Skirt
49654,Women,Apparel,Bottomwear,Skirts,Grey,Summer,2012.0,Casual,Mineral Women Grey Skirt
42290,Girls,Apparel,Bottomwear,Skirts,Pink,Summer,2012.0,Casual,Gini and Jony Girls Pink Skirt
8498,Women,Apparel,Bottomwear,Skirts,Grey,Fall,2011.0,Casual,Forever New Women Coral Check Grey Skirts
5004,Women,Apparel,Bottomwear,Skirts,Blue,Summer,2011.0,Casual,Gini and Jony Girl's Delma Blue Kidswear
31605,Women,Apparel,Bottomwear,Skirts,Black,Summer,2012.0,Sports,Nike Women Running Black Skirt with Capris
9995,Women,Apparel,Bottomwear,Skirts,Pink,Summer,2011.0,Casual,Gini And Jony Girls Su Scotia Sko Pink Skirts
41153,Women,Apparel,Bottomwear,Skirts,Charcoal,Summer,2012.0,Casual,Allen Solly Woman Charcoal Skirt
18713,Women,Apparel,Bottomwear,Skirts,Grey,Fall,2011.0,Formal,Arrow Woman Solid Grey Skirt
16805,Girls,Apparel,Bottomwear,Skirts,Black,Fall,2011.0,Casual,ANT Kids Girls Printed Black Skirt
14630,Women,Apparel,Bottomwear,Skirts,Brown,Fall,2011.0,Casual,United Colors of Benetton Women Check Brown Skirts
30926,Women,Apparel,Bottomwear,Skirts,Blue,Summer,2012.0,Ethnic,Fabindia Women Blue Ghera Crinkle Skirt
18712,Women,Apparel,Bottomwear,Skirts,Black,Fall,2011.0,Formal,Arrow Women Solid Black Skirt
8501,Women,Apparel,Bottomwear,Skirts,Blue,Fall,2011.0,Casual,Forever New Women Blue Skirt
30922,Women,Apparel,Bottomwear,Skirts,Rust,Summer,2012.0,Ethnic,Fabindia Women Printed Rust Skirt
29172,Girls,Apparel,Bottomwear,Skirts,Pink,Summer,2012.0,Casual,United Colors of Benetton Kids Girls Printed Pink Skirt
29173,Girls,Apparel,Bottomwear,Skirts,Green,Summer,2012.0,Casual,United Colors of Benetton Kids Girls Printed Green Skirt
32250,Women,Apparel,Bottomwear,Skirts,Blue,Summer,2012.0,Ethnic,Fabindia Women Blue Skirts
33270,Girls,Apparel,Bottomwear,Skirts,White,Summer,2012.0,Casual,Gini & Jony Girls White Skirt
37930,Women,Apparel,Bottomwear,Skirts,Brown,Summer,2012.0,Casual,Mineral Women Brown Skirt
13264,Women,Apparel,Bottomwear,Skirts,Pink,Fall,2011.0,Casual,Palm Tree Kids Girls Solid Pink Skirts
38505,Girls,Apparel,Bottomwear,Skirts,Blue,Summer,2012.0,Casual,Gini and Jony Girls Woven Blue Skirt
5465,Men,Footwear,Shoes,Sports Shoes,White,Summer,2011.0,Sports,Nike Men's Air Max Moto White Shoe
14330,Men,Footwear,Shoes,Sports Shoes,Black,Fall,2011.0,Sports,Nike Men Free Run +2 Black Sports Shoes
12683,Women,Footwear,Shoes,Sports Shoes,White,Fall,2011.0,Sports,Fila Women Elixir Low White Shoes
53874,Men,Footwear,Shoes,Sports Shoes,White,Fall,2012.0,Sports,Puma MenSpeeder Ind White Sports Shoes
43241,Men,Footwear,Shoes,Sports Shoes,Grey,Summer,2012.0,Sports,Reebok Men Grey Swift Chase Sports Shoes
5568,Women,Footwear,Shoes,Sports Shoes,White,Summer,2011.0,Sports,Nike Women's Free Everyday White Orange Shoe
15726,Men,Footwear,Shoes,Sports Shoes,Grey,Fall,2011.0,Sports,Nike Men Air Max+ 2011 Grey Sports Shoes
9121,Men,Footwear,Shoes,Sports Shoes,Brown,Summer,2013.0,Casual,Puma Men Yacht L Brown Casual Shoes
12723,Men,Footwear,Shoes,Sports Shoes,White,Fall,2011.0,Sports,ADIDAS Men Streak White Sports Shoes
4487,Men,Footwear,Shoes,Sports Shoes,Black,Summer,2011.0,Sports,Lotto Men's Play Off Black Blue Shoe
3492,Women,Footwear,Shoes,Sports Shoes,Red,Fall,2010.0,Sports,ADIDAS Women Adi Light Red White Shoe
12889,Men,Footwear,Shoes,Sports Shoes,White,Fall,2011.0,Sports,Puma Men Furure Cat White Sports Shoes
4498,Men,Footwear,Shoes,Sports Shoes,White,Summer,2011.0,Sports,Lotto Men's Osaka White Silver Shoe
31683,Unisex,Footwear,Shoes,Sports Shoes,Black,Summer,2012.0,Casual,Nike Unisex Air Rift Black Sports Shoes
6649,Men,Footwear,Shoes,Sports Shoes,Yellow,Summer,2011.0,Sports,Nike Men's Air Max Tailwind 3 Black Yellow Shoe
13178,Men,Footwear,Shoes,Sports Shoes,White,Fall,2011.0,Sports,FILA Men Dls Nitrous White Sports Shoes
41433,Men,Footwear,Shoes,Sports Shoes,Black,Fall,2012.0,Sports,Lee Cooper Men Black Sports Shoes
4548,Women,Footwear,Shoes,Sports Shoes,Black,Summer,2011.0,Sports,Nike Women Sweet AC Black Shoe
53440,Men,Footwear,Shoes,Sports Shoes,Red,Summer,2012.0,Sports,ADIDAS Men Red Pre L Boot Sports Shoes
6754,Men,Footwear,Shoes,Sports Shoes,White,Summer,2011.0,Sports,Nike Men's Air Zoom Opener White Shoe
6663,Men,Footwear,Shoes,Sports Shoes,White,Summer,2011.0,Sports,Nike Men's Court Shuttle IV White Shoe
54536,Men,Footwear,Shoes,Sports Shoes,Grey,Fall,2012.0,Sports,F Sports Men Grey Deen Sports Shoes
1833,Men,Footwear,Shoes,Sports Shoes,Black,Fall,2010.0,Sports,Nike Men's Ballista Shoe
11927,Women,Footwear,Shoes,Sports Shoes,White,Summer,2012.0,Sports,Skechers Women Tone White Sports Shoes
7836,Men,Footwear,Shoes,Sports Shoes,Blue,Fall,2011.0,Sports,Puma Men Blue Sports Shoes
8299,Men,Footwear,Shoes,Sports Shoes,White,Fall,2011.0,Sports,Reebok Men's Premier Aztrec 3 Grey Shoe
29266,Men,Footwear,Shoes,Sports Shoes,Black,Summer,2012.0,Sports,ADIDAS Men Ezeiro III Black Sports Shoes
31957,Women,Footwear,Shoes,Sports Shoes,White,Summer,2012.0,Sports,Nike Women White Sports Shoes
8076,Men,Footwear,Shoes,Sports Shoes,White,Fall,2011.0,Sports,ADIDAS Men 3 Series Light White Sports Shoes
6665,Men,Footwear,Shoes,Sports Shoes,Grey,Summer,2011.0,Sports,Nike Men's Lunarglide 2 Grey Yellow Shoe
3181,Men,Footwear,Shoes,Sports Shoes,Grey,Fall,2010.0,Sports,Nike Men's Lunarelite Grey Red Shoe
22491,Men,Footwear,Shoes,Sports Shoes,White,Fall,2011.0,Sports,ADIDAS Men Response Cushion 20 Sport Shoes
17411,Men,Footwear,Shoes,Sports Shoes,White,Fall,2011.0,Sports,Lotto Men Basketball Mid White Sports Shoe
25479,Men,Footwear,Shoes,Sports Shoes,White,Summer,2012.0,Sports,Nike Men Air Max White Sports Shoes
4268,Men,Footwear,Shoes,Sports Shoes,Maroon,Summer,2011.0,Sports,Nike Men's Tiempo Natural Maroon Shoe
35930,Men,Footwear,Shoes,Sports Shoes,Brown,Summer,2012.0,Sports,Salomon Men Exit 2 Aero Brown Sports Shoes
44755,Women,Footwear,Shoes,Sports Shoes,Grey,Summer,2012.0,Sports,Globalite Women Grey Startech Sports Shoes
17847,Men,Footwear,Shoes,Sports Shoes,White,Summer,2012.0,Sports,Nike Men Air Impetus II White Sports Shoe
4473,Men,Footwear,Shoes,Sports Shoes,Silver,Summer,2011.0,Sports,Puma Men's Complete Itana Silver Black Blue Shoe
23943,Men,Footwear,Shoes,Sports Shoes,Black,Fall,2011.0,Sports,Lotto Men Black Acro Sports Shoes
4045,Men,Footwear,Shoes,Sports Shoes,White,Summer,2011.0,Sports,ADIDAS Men's Barricade 60 White Silver Black Shoe
6673,Men,Footwear,Shoes,Sports Shoes,White,Summer,2011.0,Sports,Nike Men's Air Pegasus 27 White Grey Shoe
7592,Men,Footwear,Shoes,Sports Shoes,Blue,Summer,2011.0,Sports,Nike Men's Dunk Low Blue Shoe
10533,Men,Footwear,Shoes,Sports Shoes,Black,Fall,2011.0,Sports,New Balance MW631 Men Others Walking Black Sports Shoes
18905,Men,Footwear,Shoes,Sports Shoes,Black,Fall,2011.0,Sports,ADIDAS Men Response Cushion 20 Black Sports Shoes
2963,Men,Footwear,Shoes,Sports Shoes,White,Fall,2010.0,Sports,Puma Men's Basket Biz White & Blue Shoe
34734,Women,Footwear,Shoes,Sports Shoes,White,Summer,2012.0,Sports,Puma Women Osuran White Sports Shoes
39896,Women,Footwear,Shoes,Sports Shoes,Blue,Summer,2012.0,Sports,ADIDAS Women Blue Adi Light Sports Shoes
3373,Women,Footwear,Shoes,Sports Shoes,Silver,Spring,2011.0,Sports,Asics Women GT 2160 Performance Silver Pink Shoe
9109,Unisex,Footwear,Shoes,Sports Shoes,Black,Summer,2012.0,Sports,Puma Unisex Faas 300 Black Sports Shoes
4150,Women,Footwear,Shoes,Sports Shoes,Purple,Summer,2011.0,Sports,Nike Women Dunk Purple Violet Shoe
3665,Men,Footwear,Shoes,Sports Shoes,White,Summer,2011.0,Sports,Fila Men's Intercept White Silver Shoe
36438,Men,Footwear,Shoes,Sports Shoes,Black,Spring,2013.0,Sports,Spinn Men Cubic Black Sports Shoes
4469,Men,Footwear,Shoes,Sports Shoes,Navy Blue,Summer,2011.0,Sports,Puma Men's Vibrant Navy White Silver Shoe
3212,Women,Footwear,Shoes,Sports Shoes,White,Summer,2011.0,Sports,Nike Women Sweet Classic White Pink Shoe
4266,Men,Footwear,Shoes,Sports Shoes,Purple,Summer,2011.0,Sports,Nike Men's Mercurial Purple Shoe
54521,Men,Footwear,Shoes,Sports Shoes,White,Fall,2012.0,Sports,F Sports Men White Voyager Sports Shoes
8528,Men,Footwear,Shoes,Sports Shoes,Black,Summer,2011.0,Sports,Nike Men Nike air max limitless Black Sports Shoes
9059,Men,Footwear,Shoes,Sports Shoes,White,Fall,2011.0,Sports,Puma Men 65cc Ducati White Sports Shoes
4573,Women,Footwear,Shoes,Sports Shoes,Black,Summer,2011.0,Sports,Nike Women Gls Black Shoe
4344,Men,Footwear,Shoes,Sports Shoes,White,Summer,2011.0,Sports,Fila Men's Abascuss White Blue Shoe
5363,Unisex,Footwear,Shoes,Sports Shoes,White,Summer,2011.0,Sports,Btwin Six Mtb Shoes 2009
22693,Men,Footwear,Shoes,Sports Shoes,Grey,Summer,2011.0,Sports,Nike Men Air Max +2009 Grey Sports Shoes
15719,Men,Footwear,Shoes,Sports Shoes,Fluorescent Green,Fall,2011.0,Sports,Nike Men Egoli FG Fluorescent Green Sports Shoes
23842,Men,Footwear,Shoes,Sports Shoes,White,Fall,2011.0,Sports,ADIDAS Men White Resp Cushion Sports Shoes
29263,Men,Footwear,Shoes,Sports Shoes,Black,Summer,2012.0,Sports,ADIDAS Men aStar Ride 4M Black Sports Shoes
24412,Men,Footwear,Shoes,Sports Shoes,Black,Summer,2012.0,Sports,ADIDAS  Men Smoove Black Sports Shoes
8302,Men,Footwear,Shoes,Sports Shoes,White,Fall,2011.0,Sports,Reebok Men's Premier Aztrec 3 White Orange Shoe
4577,Men,Footwear,Shoes,Sports Shoes,Red,Summer,2011.0,Sports,Nike Men's Mercurial Vic Pink Shoe
46333,Men,Footwear,Shoes,Sports Shoes,Grey,Summer,2012.0,Sports,Reebok Men Black Run Cruise Lp Sports Shoes
13971,Women,Footwear,Shoes,Sports Shoes,Black,Fall,2011.0,Sports,Puma Women Speeder Wn's Black Sports Shoes
15308,Men,Footwear,Shoes,Sports Shoes,Black,Fall,2011.0,Sports,ADIDAS Men Galaxy Elite M Black Sports Shoes
34837,Men,Footwear,Shoes,Sports Shoes,Black,Summer,2012.0,Sports,ADIDAS Men Black Sports Shoes
4558,Men,Footwear,Shoes,Sports Shoes,White,Summer,2011.0,Sports,Nike Men's Dunk High Orange Shoe
5409,Men,Footwear,Shoes,Sports Shoes,Blue,Fall,2011.0,Sports,Quechua Arpenaz  200 M
29261,Men,Footwear,Shoes,Sports Shoes,White,Summer,2012.0,Sports,ADIDAS Men Mactelo White Sports Shoes
23887,Men,Footwear,Shoes,Sports Shoes,Black,Summer,2012.0,Sports,Fila Men Clutch Black Sports Shoes
43339,Men,Footwear,Shoes,Sports Shoes,Charcoal,Summer,2010.0,Sports,Reebok Men Charcoal Zigactivate Sports Shoes
3692,Men,Footwear,Shoes,Sports Shoes,White,Summer,2011.0,Sports,Lotto Men's Jumper White Red Shoe
6731,Men,Footwear,Shoes,Sports Shoes,Black,Summer,2011.0,Sports,Puma Men's Bolt Faas 300 Black Blue Shoe
5712,Men,Footwear,Shoes,Sports Shoes,Silver,Summer,2011.0,Sports,Reebok Men's Lochraven Silver Black Shoe
8071,Women,Footwear,Shoes,Sports Shoes,Grey,Fall,2011.0,Sports,New Balance Women Silver Sports Shoes
9123,Women,Footwear,Shoes,Sports Shoes,Black,Fall,2011.0,Sports,Puma Women Vesta Runner Black Sports Shoes
3302,Men,Footwear,Shoes,Sports Shoes,White,Spring,2011.0,Sports,Asics Men's Gel Kayano 17 White Blue Shoe
36454,Men,Footwear,Shoes,Sports Shoes,White,Spring,2013.0,Sports,Spinn Men Techno White Sports Shoes
41437,Men,Footwear,Shoes,Sports Shoes,White,Fall,2012.0,Sports,Lee Cooper Men White Sports Shoes
12955,Men,Footwear,Shoes,Sports Shoes,Black,Fall,2011.0,Sports,ADIDAS Men Sports Black Sports Shoes
46326,Men,Footwear,Shoes,Sports Shoes,Charcoal,Summer,2010.0,Sports,Reebok Men Charcoal Realflex Breeze Sports Shoes
42094,Men,Footwear,Shoes,Sports Shoes,Silver,Summer,2010.0,Sports,ADIDAS Men Silver Adi Quest Sports Shoes
23939,Men,Footwear,Shoes,Sports Shoes,White,Summer,2011.0,Sports,Lotto Men White Treviso Sports Shoes
22707,Men,Footwear,Shoes,Sports Shoes,White,Fall,2011.0,Sports,Nike Men Air Max Run White Sports Shoes
35705,Women,Footwear,Shoes,Sports Shoes,Grey,Summer,2012.0,Sports,Nike Women Dart 9 MSL Grey Sports Shoes
7604,Men,Footwear,Shoes,Sports Shoes,Yellow,Summer,2011.0,Sports,Nike Men's 360 Enganche Yellow Shoe
26325,Men,Footwear,Shoes,Sports Shoes,White,Summer,2012.0,Sports,ADIDAS Men Phantom White Sports Shoes
5243,Men,Footwear,Shoes,Sports Shoes,Black,Summer,2011.0,Sports,Reebok Men's Zigdhoni Black Shoe
7602,Women,Footwear,Shoes,Sports Shoes,Grey,Summer,2011.0,Sports,Nike Women's Dow Dark Grey Shoe
17829,Men,Footwear,Shoes,Sports Shoes,White,Fall,2011.0,Sports,Nike Men Dual Fusion ST 2 White Sports Shoe
9223,Women,Footwear,Shoes,Sports Shoes,White,Fall,2011.0,Sports,Puma Women Axis White Shoes
13207,Men,Footwear,Shoes,Sports Shoes,Silver,Spring,2012.0,Sports,ASICS Men GT 2160 Running Blue Sports Shoes
12990,Unisex,Footwear,Shoes,Sports Shoes,Purple,Fall,2011.0,Sports,ADIDAS Kids Unisex Adispeed Purple Sports Shoes
36440,Men,Footwear,Shoes,Sports Shoes,Black,Spring,2013.0,Sports,Spinn Men Cubic Black Sports Shoes
40473,Men,Footwear,Shoes,Sports Shoes,Black,Fall,2012.0,Sports,Fila Men Black Supercharger Sports Shoes
46801,Men,Footwear,Shoes,Sports Shoes,Grey,Summer,2012.0,Sports,Nike Men Grey & White Sports Shoes
1542,Men,Footwear,Shoes,Sports Shoes,White,Fall,2010.0,Sports,Puma Men's Ballistic Rubber Shoe
46803,Men,Footwear,Shoes,Sports Shoes,White,Summer,2012.0,Sports,Nike Men White Sports Shoes
6682,Men,Footwear,Shoes,Sports Shoes,Black,Summer,2011.0,Sports,Nike Men's Air Max 90 Black Shoe
36419,Women,Footwear,Shoes,Sports Shoes,Blue,Spring,2013.0,Sports,Spinn Women Alliance Blue Sports Shoes
4570,Women,Footwear,Shoes,Sports Shoes,Black,Summer,2011.0,Sports,Nike Women Iza Black Shoe
3163,Women,Footwear,Shoes,Sports Shoes,Grey,Fall,2010.0,Sports,Nike Women Downshifter Grey Black Shoe
3662,Men,Footwear,Shoes,Sports Shoes,Black,Fall,2014.0,Sports,Fila Men's Cavier Black Shoe
23937,Men,Footwear,Shoes,Sports Shoes,Black,Summer,2011.0,Sports,Lotto Men Black Trainer Sports Shoes
12972,Men,Footwear,Shoes,Sports Shoes,Blue,Fall,2011.0,Sports,ADIDAS Men Eqt Runbox Blue Sports Shoes
39903,Men,Footwear,Shoes,Sports Shoes,White,Summer,2012.0,Sports,ADIDAS Men White Ranger Sports Shoes
10111,Men,Footwear,Shoes,Sports Shoes,Silver,Fall,2011.0,Sports,Reebok Men Premier road supreme 2 Silver Sports Shoes
33834,Men,Footwear,Shoes,Sports Shoes,White,Summer,2012.0,Sports,Puma Men Ikonis White Sports Shoes
28650,Men,Footwear,Shoes,Sports Shoes,White,Summer,2012.0,Sports,Nike Men Dual Fusion White Sports Shoes
13214,Men,Footwear,Shoes,Sports Shoes,White,Fall,2011.0,Sports,ASICS Men Gel 1160 Running White Sports Shoes
24421,Men,Footwear,Shoes,Sports Shoes,White,Summer,2012.0,Sports,ADIDAS Men Astar Salvation 3 White Sports Shoes
3248,Men,Footwear,Shoes,Sports Shoes,Black,Fall,2010.0,Sports,Puma Men's Whirlwind Black White Shoe
9056,Women,Footwear,Shoes,Sports Shoes,Purple,Fall,2011.0,Sports,ADIDAS Women Adi Light Purple Sports Shoes
13165,Men,Footwear,Shoes,Sports Shoes,Silver,Fall,2011.0,Sports,Skechers Men Reliance Silver Sports Shoes
4569,Men,Footwear,Shoes,Sports Shoes,White,Summer,2011.0,Sports,Nike Men's Collect White Shoe
41444,Men,Footwear,Shoes,Sports Shoes,White,Fall,2012.0,Casual,Lee Cooper Men White Sports Shoes
1802,Men,Footwear,Shoes,Sports Shoes,Brown,Spring,2011.0,Sports,Quechua Men's Arpenaz Flex Yellow Shoe
13656,Men,Footwear,Shoes,Sports Shoes,Black,Fall,2011.0,Sports,ADIDAS Black CC Oscillate M Sports Shoe
41443,Men,Footwear,Shoes,Sports Shoes,White,Fall,2012.0,Sports,Lee Cooper Men White Sports Shoes
5345,Men,Footwear,Shoes,Sports Shoes,Black,Fall,2011.0,Sports,Btwin Sport 5 Shoes
6744,Men,Footwear,Shoes,Sports Shoes,Black,Summer,2011.0,Sports,Nike Men's Lunar Swift 2 Black Shoe
6667,Women,Footwear,Shoes,Sports Shoes,Black,Summer,2011.0,Sports,Nike Women's Ballista II Black Silver Shoe
3175,Men,Footwear,Shoes,Sports Shoes,Black,Fall,2010.0,Sports,Nike Men's Air Compel Black Shoe
44231,Men,Footwear,Shoes,Sports Shoes,Blue,Summer,2012.0,Sports,Nike Men Air Max Turbulence+ 18 Grey Sports Shoes
44783,Men,Footwear,Shoes,Sports Shoes,White,Summer,2012.0,Sports,Lotto Men White & Silver Sports Shoes
40323,Men,Footwear,Shoes,Sports Shoes,White,Summer,2012.0,Sports,ADIDAS Men Black Twenty2yds Sports Shoes
11973,Men,Footwear,Shoes,Sports Shoes,White,Fall,2011.0,Sports,FILA Men Impact White Sports Shoes
6853,Men,Footwear,Shoes,Sports Shoes,Red,Summer,2011.0,Sports,Spalding Men's Running White Red Shoe
32730,Men,Footwear,Shoes,Sports Shoes,Black,Summer,2012.0,Sports,FILA Men Skeletoes Black Shoes
4267,Men,Footwear,Shoes,Sports Shoes,White,Summer,2011.0,Sports,Nike Men's Mercurial White Shoe
23886,Men,Footwear,Shoes,Sports Shoes,White,Fall,2012.0,Sports,Fila Men Hex II White Sports Shoes
4563,Women,Footwear,Shoes,Sports Shoes,White,Summer,2011.0,Sports,Nike Women Cou White Shoe
15739,Men,Footwear,Shoes,Sports Shoes,Charcoal,Summer,2012.0,Sports,Nike Men Transform III Charcoal Sports Shoes
20831,Men,Footwear,Shoes,Sports Shoes,White,Spring,2012.0,Sports,ADIDAS Men Theodore White Sports Shoes
29255,Men,Footwear,Shoes,Sports Shoes,Black,Summer,2012.0,Sports,ADIDAS Men FL Runner Black Sports Shoes
32737,Men,Footwear,Shoes,Sports Shoes,White,Summer,2012.0,Sports,FILA Men Smash III White Sports Shoes
5572,Men,Footwear,Shoes,Sports Shoes,Black,Summer,2012.0,Sports,ADIDAS Men's Coleman Khaki Shoe
42040,Men,Footwear,Shoes,Sports Shoes,White,Spring,2013.0,Sports,Nike Men White Air Quick Handle Sports Shoes
44406,Men,Footwear,Shoes,Sports Shoes,Brown,Fall,2012.0,Sports,Force 10 Men Brown Shoes
23853,Men,Footwear,Shoes,Sports Shoes,Blue,Fall,2011.0,Sports,ADIDAS Men Blue Talus Runner Sports Shoes
3239,Men,Footwear,Shoes,Sports Shoes,White,Fall,2010.0,Sports,Puma Men White 65CC Lo Ducati Sports Shoes
34648,Women,Footwear,Shoes,Sports Shoes,Grey,Fall,2012.0,Sports,Fila Women Artifice Grey Sports Shoes
15309,Men,Footwear,Shoes,Sports Shoes,White,Fall,2011.0,Sports,ADIDAS Men Galaxy Elite M White Sports Shoes
4562,Women,Footwear,Shoes,Sports Shoes,White,Summer,2011.0,Sports,Nike Women Capri White Shoe
39683,Men,Footwear,Shoes,Sports Shoes,White,Summer,2012.0,Sports,Lotto Men White Sports Shoe
39666,Men,Footwear,Shoes,Sports Shoes,White,Summer,2012.0,Sports,Lotto Men White Sports Shoes
13844,Men,Footwear,Shoes,Sports Shoes,Black,Fall,2011.0,Sports,Reebok Men Walk Max PU Black Sports Shoes
8083,Men,Footwear,Shoes,Sports Shoes,Green,Fall,2011.0,Sports,ADIDAS Men Boat Cc Lace Green Sports Shoes
13678,Women,Footwear,Shoes,Sports Shoes,Silver,Fall,2011.0,Sports,ADIDAS Women Blazer Sports Shoes
13991,Women,Footwear,Shoes,Sports Shoes,Black,Fall,2011.0,Sports,Puma Women Body Train Black Sports Shoes
25577,Men,Footwear,Shoes,Sports Shoes,Black,Summer,2012.0,Sports,Fila Men Surveillance Black Shoe
17839,Men,Footwear,Shoes,Sports Shoes,White,Fall,2011.0,Sports,Nike Men Air Impel Leather White Sports Shoe
31953,Men,Footwear,Shoes,Sports Shoes,White,Summer,2012.0,Sports,Nike Men T-lite White Sports Shoes
24218,Men,Footwear,Shoes,Sports Shoes,Black,Summer,2012.0,Sports,Nike Men Zoom Vomero Black Sports Shoes
15315,Men,Footwear,Shoes,Sports Shoes,Black,Fall,2011.0,Sports,ADIDAS Men Eqt Nitro Fashion Black Sports Shoes
29258,Women,Footwear,Shoes,Sports Shoes,White,Summer,2012.0,Sports,ADIDAS Women Vanquish 5 W White Sports Shoes
4492,Men,Footwear,Shoes,Sports Shoes,White,Summer,2011.0,Sports,Lotto Men T-Effect III White Blue Shoe
24722,Men,Footwear,Shoes,Sports Shoes,White,Fall,2011.0,Sports,Skechers Men Masterson White Sports Shoes
13657,Men,Footwear,Shoes,Sports Shoes,White,Fall,2011.0,Sports,ADIDAS White  Sports Shoe
40315,Unisex,Footwear,Shoes,Sports Shoes,White,Summer,2012.0,Casual,ADIDAS Unisex White Shoes
19863,Men,Footwear,Shoes,Sports Shoes,White,Fall,2011.0,Sports,ADIDAS Men Carlton White Running Sports Shoe
44404,Men,Footwear,Shoes,Sports Shoes,Brown,Fall,2012.0,Sports,Force 10 Men Light Brown Training Shoes
25573,Men,Footwear,Shoes,Sports Shoes,White,Summer,2012.0,Sports,FILA Men Trempet White Sports Shoes
43234,Men,Footwear,Shoes,Sports Shoes,White,Summer,2012.0,Sports,Reebok Men White Athlete Sports Shoes
34819,Men,Footwear,Shoes,Sports Shoes,White,Fall,2012.0,Sports,ADIDAS Men Vermont White Sports Shoes
32180,Men,Footwear,Shoes,Sports Shoes,White,Summer,2012.0,Sports,ADIDAS Men Neptune White Sports Shoes
25572,Men,Footwear,Shoes,Sports Shoes,Silver,Summer,2012.0,Sports,Fila Men Superior Silver Sports Shoes
42085,Men,Footwear,Shoes,Sports Shoes,White,Summer,2012.0,Sports,ADIDAS Men White Sports Shoes
4102,Men,Footwear,Shoes,Sports Shoes,White,Summer,2011.0,Sports,Puma Men White Shoe
40481,Men,Footwear,Shoes,Sports Shoes,Grey,Summer,2012.0,Sports,Fila Men Grey Ultralite Sports Shoes
25575,Men,Footwear,Shoes,Sports Shoes,White,Summer,2012.0,Sports,Fila Men Surveillance White Shoes
22984,Men,Footwear,Shoes,Sports Shoes,White,Fall,2011.0,Sports,FILA Men White Temptation Sports Shoes
5382,Men,Footwear,Shoes,Sports Shoes,Brown,Fall,2011.0,Sports,Quechua Arpenaz  300
4568,Men,Footwear,Shoes,Sports Shoes,White,Summer,2011.0,Sports,Nike Men's Collecte White Shoe
7845,Men,Footwear,Shoes,Sports Shoes,Black,Fall,2011.0,Sports,Puma Men's Allegra Mid Black Silver Shoe
5571,Men,Footwear,Shoes,Sports Shoes,White,Summer,2011.0,Sports,ADIDAS Men's Makis White Shoe
5322,Men,Footwear,Shoes,Sports Shoes,Black,Summer,2011.0,Sports,ADIDAS Men's Adistar Black Shoe
35701,Men,Footwear,Shoes,Sports Shoes,White,Summer,2012.0,Sports,Nike Men City Court VI White Sports Shoes
5525,Men,Footwear,Shoes,Sports Shoes,Red,Summer,2011.0,Sports,Reebok Men's Soqua Red Shoe
46082,Women,Footwear,Shoes,Sports Shoes,White,Summer,2012.0,Sports,ADIDAS Women White Vermont Sports Shoes
6674,Women,Footwear,Shoes,Sports Shoes,Black,Summer,2011.0,Sports,Nike Women Lunar Swift Black Shoe
9405,Men,Footwear,Shoes,Sports Shoes,White,Fall,2011.0,Sports,FILA Men INTENSE White Shoes
9398,Men,Footwear,Shoes,Sports Shoes,Black,Fall,2011.0,Sports,Nike Men Lunarfly Black Sports Shoes
24457,Men,Footwear,Shoes,Sports Shoes,Black,Summer,2012.0,Sports,Nike Men Air Max Black Sports Shoes
31214,Men,Footwear,Shoes,Sports Shoes,Black,Summer,2012.0,Sports,Lotto Men Atlantica Black Sports Shoes
13183,Men,Footwear,Shoes,Sports Shoes,White,Fall,2011.0,Sports,Fila Men Dls 96 White Sports Shoes
38674,Men,Footwear,Shoes,Sports Shoes,White,Summer,2012.0,Sports,Nike Men Dual Fusion White Sports Shoes
46215,Men,Footwear,Shoes,Sports Shoes,Orange,Summer,2012.0,Sports,ADIDAS Men Orange Sports Shoes
44232,Men,Footwear,Shoes,Sports Shoes,White,Summer,2012.0,Sports,Nike Men Air Max Turbulence+ 18 White Sports Shoes
14347,Men,Footwear,Shoes,Sports Shoes,Black,Fall,2011.0,Sports,Nike Men Dual Fusion ST 2 Black Sports Shoes
12977,Men,Footwear,Shoes,Sports Shoes,Black,Fall,2011.0,Sports,ADIDAS Men Marathon Black Sports Shoes
5590,Men,Footwear,Shoes,Sports Shoes,White,Summer,2011.0,Sports,ADIDAS Men's Adi Taurus White Shoe
36458,Men,Footwear,Shoes,Sports Shoes,Black,Spring,2013.0,Sports,Spinn Men Texan Black Sports Shoes
39889,Men,Footwear,Shoes,Sports Shoes,White,Summer,2012.0,Sports,ADIDAS Men Desma White Sports Shoes
23339,Men,Footwear,Shoes,Sports Shoes,Grey,Fall,2010.0,Sports,Reebok Men Negotiator Grey Sport Shoes
4171,Men,Footwear,Shoes,Sports Shoes,White,Summer,2011.0,Sports,Reebok Men's Easytone Inspire White Shoe
12959,Men,Footwear,Shoes,Sports Shoes,Black,Fall,2011.0,Sports,ADIDAS Men Sports Black Sports Shoes
10092,Men,Footwear,Shoes,Sports Shoes,Silver,Fall,2011.0,Sports,Reebok Men Racehound Silver Sports Shoes
9112,Men,Footwear,Shoes,Sports Shoes,White,Fall,2011.0,Sports,Puma Men Exsis 2 White Sports Shoes
5479,Men,Footwear,Shoes,Sports Shoes,Black,Summer,2011.0,Sports,Nike Men Zoom Black Sports Shoe
8975,Men,Footwear,Shoes,Sports Shoes,White,Fall,2011.0,Sports,Puma Men Drift Cat III NM White Sports Shoes
23888,Men,Footwear,Shoes,Sports Shoes,White,Summer,2012.0,Sports,Fila Men Clutch White Sports Shoes
5747,Men,Footwear,Shoes,Sports Shoes,White,Summer,2011.0,Sports,Reebok Men's Innova Hertage White Shoe
12968,Men,Footwear,Shoes,Sports Shoes,White,Fall,2011.0,Sports,ADIDAS Men Allegra White Sports Shoes
9431,Men,Footwear,Shoes,Sports Shoes,Grey,Summer,2011.0,Sports,Decathlon Men Quechua Grey Sports Shoes
34647,Men,Footwear,Shoes,Sports Shoes,White,Fall,2012.0,Sports,Fila Men Notch White Sports Shoes
28636,Men,Footwear,Shoes,Sports Shoes,Black,Summer,2012.0,Casual,Nike Men The Overplay VI Black Shoes
6645,Women,Footwear,Shoes,Sports Shoes,Grey,Summer,2011.0,Sports,Nike Women's Serenity Grey Shoe
44236,Men,Footwear,Shoes,Sports Shoes,Black,Summer,2012.0,Sports,Nike Men Black Sports Shoes
13727,Women,Footwear,Shoes,Sports Shoes,Silver,Fall,2011.0,Sports,ADIDAS Women Silver Adi Primo Sports Shoe
26655,Women,Footwear,Shoes,Sports Shoes,Pink,Summer,2012.0,Sports,Puma Women Maya Shimmer Pink Sports Shoes
44948,Men,Footwear,Shoes,Sports Shoes,Black,Summer,2012.0,Sports,Puma Men Black Aquil II Sports Shoes
5734,Men,Footwear,Shoes,Sports Shoes,White,Summer,2011.0,Sports,Reebok Men's Dhoni Trainer White Shoe
26703,Men,Footwear,Shoes,Sports Shoes,White,Fall,2011.0,Sports,Nike Men White Court Shuttle Shoes
3459,Men,Footwear,Shoes,Sports Shoes,White,Summer,2011.0,Sports,ADIDAS Men's Besulik Trainer White Black Red Shoe
3151,Men,Footwear,Shoes,Sports Shoes,Blue,Fall,2010.0,Sports,Nike Men's Lunarswift Blue Shoe
13182,Men,Footwear,Shoes,Sports Shoes,Black,Fall,2011.0,Sports,FILA Men Dls Maxim Black Sports Shoes
10088,Men,Footwear,Shoes,Sports Shoes,Silver,Fall,2011.0,Sports,Reebok Men Racehound Silver Sports Shoes
2967,Men,Footwear,Shoes,Sports Shoes,Black,Fall,2010.0,Sports,Puma Men's Mid Pixel Black & Silver Canvas Shoe
22731,Men,Footwear,Shoes,Sports Shoes,Brown,Fall,2011.0,Sports,Nike Men Air Max Conquer ACG Brown Sports Boot
31956,Men,Footwear,Shoes,Sports Shoes,Black,Summer,2012.0,Sports,Nike Men Air Ring Leader Low Black Sports Shoes
42999,Women,Footwear,Shoes,Sports Shoes,Grey,Summer,2012.0,Sports,Nike Women Grey Air Dictate Sports Shoes
44229,Men,Footwear,Shoes,Sports Shoes,White,Summer,2012.0,Sports,Nike Men Downshifter White Sports Shoes
18494,Men,Footwear,Shoes,Sports Shoes,White,Fall,2011.0,Sports,Puma Men Daemon White Sports Shoes
13902,Men,Footwear,Shoes,Sports Shoes,White,Fall,2011.0,Sports,Nike Men Esquire White Sports Shoes
11966,Unisex,Footwear,Shoes,Sports Shoes,Yellow,Spring,2012.0,Sports,Newfeel Unisex Sports Yellow Sports Shoes
36424,Men,Footwear,Shoes,Sports Shoes,White,Summer,2012.0,Sports,Spinn Men Bostern Road White Sports Shoes
6680,Men,Footwear,Shoes,Sports Shoes,Grey,Summer,2011.0,Sports,Nike Men's Zoom Vomero 5 Grey Blue Shoe
44407,Men,Footwear,Shoes,Sports Shoes,White,Summer,2012.0,Sports,Force 10 Men White Sports Shoes
54526,Men,Footwear,Shoes,Sports Shoes,White,Fall,2012.0,Sports,F Sports Men White Zero Gravity Sports Shoes
3299,Men,Footwear,Shoes,Sports Shoes,White,Spring,2011.0,Sports,Asics Men's Sport White Blue Gel Cushioning Shoe
3458,Men,Footwear,Shoes,Sports Shoes,White,Summer,2011.0,Sports,ADIDAS Men's Sprint Speed White Universal Red Shoe
5470,Men,Footwear,Shoes,Sports Shoes,Black,Summer,2011.0,Sports,Nike Men's Dunk Low Black Shoe
4571,Women,Footwear,Shoes,Sports Shoes,Purple,Winter,2011.0,Sports,Nike Women Air Max Trainer Excel Purple Sports Shoes
9384,Men,Footwear,Shoes,Sports Shoes,White,Fall,2011.0,Sports,Nike Men Nike Backboard Grey Sports Shoes
3501,Men,Footwear,Shoes,Sports Shoes,Black,Summer,2011.0,Sports,ADIDAS Men's Deep Black Yellow Shoe
5351,Women,Footwear,Shoes,Sports Shoes,Beige,Fall,2011.0,Sports,Quechua Arpenaz Sandal 50 L Beige
6647,Men,Footwear,Shoes,Sports Shoes,Grey,Summer,2011.0,Sports,Nike Men's Air Max Tailwind 3 Grey Blue Shoe
35711,Women,Footwear,Shoes,Sports Shoes,Grey,Summer,2012.0,Sports,Nike Women Zoom Vomero Grey Sports Shoes
22488,Men,Footwear,Shoes,Sports Shoes,White,Summer,2011.0,Sports,ADIDAS Men Galaxy Elite White Sports Shoes
29241,Men,Footwear,Shoes,Sports Shoes,White,Summer,2012.0,Sports,ADIDAS Men Advent White Sports Shoes
12708,Men,Footwear,Shoes,Sports Shoes,White,Fall,2011.0,Sports,Nike Men Lunareclipse White Sports Shoes
39635,Men,Footwear,Shoes,Sports Shoes,Black,Summer,2012.0,Sports,Nike Men Kukini Black Sports Shoes
9946,Men,Apparel,Topwear,Sweaters,Black,Fall,2011.0,Sports,ADIDAS Men Frnt Str Black Sweaters
20218,Men,Apparel,Topwear,Sweaters,Charcoal,Fall,2011.0,Casual,Wrangler Men Rib Charcoal Sweater
14993,Men,Apparel,Topwear,Sweaters,Grey,Fall,2011.0,Casual,ADIDAS Men Stripes Grey Sweaters
23068,Men,Apparel,Topwear,Sweaters,Blue,Fall,2011.0,Casual,Arrow Men Blue Check Sweater
18627,Men,Apparel,Topwear,Sweaters,Red,Fall,2011.0,Casual,Puma Men Striped Full Zip Red Sweaters
20303,Women,Apparel,Topwear,Sweaters,Purple,Fall,2011.0,Casual,Jealous 21 Women Solid Purple Sweater
12917,Men,Apparel,Topwear,Sweaters,White,Fall,2011.0,Casual,Spykar Men Stripe White Sweaters
17195,Men,Apparel,Topwear,Sweaters,Green,Winter,2016.0,Casual,U.S. Polo Assn. Men Stripes Green Sweater
23668,Men,Apparel,Topwear,Sweaters,Black,Fall,2011.0,Casual,Spykar Men Black Sweaters
19519,Men,Apparel,Topwear,Sweaters,Black,Fall,2011.0,Casual,United Colors of Benetton Men Stripes Black Sweater
16005,Men,Apparel,Topwear,Sweaters,Grey,Fall,2011.0,Casual,Turtle Stripes Men Grey Sweaters
20788,Men,Apparel,Topwear,Sweaters,Maroon,Fall,2011.0,Casual,Genesis Men Solid Maroon Sweater
13520,Women,Apparel,Topwear,Sweaters,Purple,Fall,2011.0,Casual,Jealous 21 Women Solid Purple Sweaters
19530,Men,Apparel,Topwear,Sweaters,Navy Blue,Fall,2011.0,Casual,United Colors of Benetton Men Stripes Navy Blue Sweater
20223,Women,Apparel,Topwear,Sweaters,Navy Blue,Fall,2011.0,Casual,Wrangler Women Scoop Navy Blue Sleeveless Sweater
32571,Women,Apparel,Topwear,Sweaters,Grey,Summer,2012.0,Casual,ONLY Women Magenta & Grey Sweater
13799,Men,Apparel,Topwear,Sweaters,Purple,Fall,2011.0,Casual,Proline Purple Striped Sweater
13786,Men,Apparel,Topwear,Sweaters,Grey,Fall,2011.0,Casual,Proline Grey Sweater with Knitted Stripes
11094,Women,Apparel,Topwear,Sweaters,Black,Fall,2011.0,Casual,Scullers Women Stripes Black Sweaters
14081,Men,Apparel,Topwear,Sweaters,Green,Fall,2011.0,Casual,Flying Machine Men Solid Green Sweaters
14323,Women,Apparel,Topwear,Sweaters,White,Fall,2011.0,Casual,ADIDAS Women Stripes White Sweaters
18966,Men,Apparel,Topwear,Sweaters,Green,Summer,2011.0,Casual,United Colors of Benetton Men Printed Green Sweater
16194,Men,Apparel,Topwear,Sweaters,Grey,Fall,2011.0,Casual,Puma Men Stripped SL Grey Sweater
16192,Men,Apparel,Topwear,Sweaters,Grey,Fall,2011.0,Casual,Puma Men Knitted Vest Grey Sweater
19964,Men,Apparel,Topwear,Sweaters,Grey,Fall,2011.0,Casual,United Colors of Benetton Men Stripes Grey Sweater
22627,Men,Apparel,Topwear,Sweaters,White,Fall,2011.0,Sports,Nike Men White Sweater
14991,Men,Apparel,Topwear,Sweaters,Green,Fall,2011.0,Casual,ADIDAS Men Solid Green Sweaters
20383,Men,Apparel,Topwear,Sweaters,White,Fall,2011.0,Casual,Spykar Men Solid White Sweater
18200,Women,Apparel,Topwear,Sweaters,Red,Fall,2011.0,Casual,Jealous 21 Women Stripes Red Sweater
19393,Men,Apparel,Topwear,Sweaters,Green,Summer,2011.0,Casual,ADIDAS Men Stripes Green Sweater
17199,Men,Apparel,Topwear,Sweaters,Grey,Winter,2016.0,Casual,U.S. Polo Assn. Men Solid Grey Sweater
23071,Men,Apparel,Topwear,Sweaters,Black,Fall,2011.0,Casual,Arrow Men Black Sweater
22625,Men,Apparel,Topwear,Sweaters,Black,Fall,2011.0,Sports,Nike Men Solid Black Sweater
19516,Men,Apparel,Topwear,Sweaters,Black,Fall,2011.0,Casual,United Colors of Benetton Men Black  Sweater
20305,Women,Apparel,Topwear,Sweaters,Magenta,Fall,2011.0,Casual,Jealous 21 Women Solid Magenta Sweater
13789,Men,Apparel,Topwear,Sweaters,Grey,Fall,2011.0,Casual,Proline Grey Striped Sweater
18569,Men,Apparel,Topwear,Sweaters,Red,Fall,2011.0,Casual,Puma Men Solid Red Sweater
13097,Men,Apparel,Topwear,Sweaters,Red,Fall,2011.0,Casual,ADIDAS Men Knit Purple Sweaters
20233,Women,Apparel,Topwear,Sweaters,Red,Fall,2011.0,Casual,Wrangler Women Felt Grey Sweater
16691,Men,Apparel,Topwear,Sweaters,Red,Fall,2011.0,Casual,Fila Men Blanc Red Sweater
15037,Women,Apparel,Topwear,Sweaters,Black,Fall,2011.0,Casual,ADIDAS Women Check Black Sweaters
16193,Men,Apparel,Topwear,Sweaters,Green,Fall,2011.0,Casual,Puma Men Knitted Vest Green Sweater
15048,Women,Apparel,Topwear,Sweaters,Grey,Fall,2011.0,Casual,ADIDAS Women Solid Grey Sweaters
8833,Men,Apparel,Topwear,Sweaters,Black,Fall,2011.0,Casual,Spykar Men Rts Vneck Black Black Sweaters
13830,Men,Apparel,Topwear,Sweaters,Grey,Fall,2011.0,Casual,Indigo Nation Men Stripes Grey Sweaters
18312,Men,Apparel,Topwear,Sweaters,Grey,Summer,2011.0,Casual,Wills Sport Men Grey Striped Sweater
19524,Men,Apparel,Topwear,Sweaters,Blue,Fall,2011.0,Casual,United Colors of Benetton Men Solid Blue Sweater
11077,Men,Apparel,Topwear,Sweaters,Purple,Fall,2011.0,Casual,Scullers Men Stripes Purple Sweaters
19534,Men,Apparel,Topwear,Sweaters,Blue,Summer,2011.0,Casual,United Colors of Benetton Men Solid Blue Sweater
20215,Men,Apparel,Topwear,Sweaters,Blue,Fall,2011.0,Casual,Wrangler Men Flag Blue Sweater
21135,Women,Apparel,Topwear,Sweaters,Purple,Fall,2011.0,Casual,s.Oliver Women Solid Purple Sweater
19517,Men,Apparel,Topwear,Sweaters,Grey,Fall,2011.0,Casual,United Colors of Benetton Men Solid Grey Sweater
13099,Men,Apparel,Topwear,Sweaters,Blue,Fall,2011.0,Casual,ADIDAS Men Stadium Fz Po Blue Sweaters
21119,Men,Apparel,Topwear,Sweaters,Black,Fall,2011.0,Casual,s.Oliver Men Black Sweater
11176,Men,Apparel,Topwear,Sweaters,Grey,Fall,2011.0,Casual,Scullers Men Stripes Grey Sweaters
11174,Men,Apparel,Topwear,Sweaters,Green,Fall,2011.0,Casual,Scullers Men Stripes Green Sweaters
19953,Men,Apparel,Topwear,Sweaters,Black,Fall,2011.0,Casual,United Colors of Benetton Men Solid Black Sweater
19536,Men,Apparel,Topwear,Sweaters,Purple,Summer,2011.0,Casual,United Colors of Benetton Men Solid Purple Sweater
18727,Women,Apparel,Topwear,Sweaters,Navy Blue,Fall,2011.0,Casual,Arrow Woman Venetia Navy Blue Sweater
20221,Men,Apparel,Topwear,Sweaters,Charcoal,Fall,2011.0,Casual,Wrangler Men Rib Charcoal Sweater
14080,Men,Apparel,Topwear,Sweaters,Purple,Fall,2011.0,Casual,Flying Machine Men Stripes Purple Sweaters
17194,Men,Apparel,Topwear,Sweaters,Black,Fall,2011.0,Casual,U.S. Polo Assn. Men Stripes Black Sweater
18311,Men,Apparel,Topwear,Sweaters,Green,Summer,2011.0,Casual,Wills Lifestyle Men Striped Green Sweater
14083,Women,Apparel,Topwear,Sweaters,Purple,Fall,2011.0,Casual,Flying Machine Women Stripes Purple Sweaters
19515,Men,Apparel,Topwear,Sweaters,Blue,Fall,2011.0,Casual,United Colors of Benetton Men Solid Blue Sweater
15035,Women,Apparel,Topwear,Sweaters,Purple,Fall,2011.0,Casual,ADIDAS Women Stripes Purple Sweaters
21162,Women,Apparel,Topwear,Sweaters,Pink,Fall,2011.0,Casual,s.Oliver Women Solid Pink Sweater
12609,Women,Apparel,Topwear,Sweaters,Blue,Fall,2011.0,Casual,Jealous 21 Women Solid Blue Sweaters
15557,Men,Apparel,Topwear,Sweaters,Blue,Fall,2011.0,Casual,Spykar Men Stripes Blue Sweaters
15177,Men,Apparel,Topwear,Sweaters,Navy Blue,Fall,2011.0,Casual,Arrow Sport Men Solid Navy Blue Sweaters
11397,Men,Apparel,Topwear,Sweaters,Black,Fall,2011.0,Casual,United Colors of Benetton Men Light WinterSweater Black Sweaters
21151,Men,Apparel,Topwear,Sweaters,Blue,Fall,2011.0,Casual,S.Oliver Men Blue Sweater
15033,Women,Apparel,Topwear,Sweaters,Grey,Fall,2011.0,Casual,ADIDAS Women Stripes Solid Grey Sweaters
16002,Men,Apparel,Topwear,Sweaters,Grey,Fall,2011.0,Casual,Turtle Solid Men Grey Sweaters
19523,Men,Apparel,Topwear,Sweaters,Grey,Fall,2011.0,Casual,United Colors of Benetton Men Grey Sweater
14089,Men,Apparel,Topwear,Sweaters,Black,Fall,2011.0,Casual,Flying Machine Men Solid Black Sweaters
14318,Men,Apparel,Topwear,Sweaters,Grey,Fall,2011.0,Casual,ADIDAS Men Stripes Grey Sweaters
19959,Men,Apparel,Topwear,Sweaters,Purple,Fall,2011.0,Casual,United Colors of Benetton Men Purple Sweater
20229,Women,Apparel,Topwear,Sweaters,Blue,Fall,2011.0,Casual,Wrangler Women Cable Blue Sweater
20219,Men,Apparel,Topwear,Sweaters,Red,Fall,2011.0,Casual,Wrangler Men Rib Red Sweater
13826,Men,Apparel,Topwear,Sweaters,Navy Blue,Fall,2011.0,Casual,Indigo Nation Men Stripes Navy Blue Sweaters
18199,Women,Apparel,Topwear,Sweaters,Purple,Fall,2011.0,Casual,Jealous 21 Women Stripes Purple Sweater
14582,Women,Apparel,Topwear,Sweaters,Black,Fall,2011.0,Casual,United Colors of Benetton Women Solid Black Sweaters
21466,Women,Apparel,Topwear,Sweaters,Blue,Winter,2012.0,Casual,Roxy Women Blue Striped Sweater
20346,Women,Apparel,Topwear,Sweaters,Pink,Fall,2011.0,Casual,Scullers For Her Women Solid Pink Sweater
11093,Women,Apparel,Topwear,Sweaters,White,Fall,2011.0,Casual,Scullers Women Knit White Sweaters
13827,Men,Apparel,Topwear,Sweaters,Black,Fall,2011.0,Casual,Indigo Nation Men Solid Black Sweaters
18958,Men,Apparel,Topwear,Sweaters,Blue,Fall,2011.0,Casual,United Colors of Benetton Men Stripes Blue Sweater
19535,Men,Apparel,Topwear,Sweaters,Green,Summer,2011.0,Casual,United Colors of Benetton Men Solid Green Sweater
19520,Men,Apparel,Topwear,Sweaters,Blue,Fall,2011.0,Casual,United Colors of Benetton Men Stripes Blue Sweater
14092,Women,Apparel,Topwear,Sweaters,Green,Fall,2011.0,Casual,Flying Machine Women Stripes Green Sweaters
21464,Women,Apparel,Topwear,Sweaters,Grey,Winter,2012.0,Casual,Roxy Women Grey Sweater
19533,Men,Apparel,Topwear,Sweaters,Navy Blue,Fall,2011.0,Casual,United Colors of Benetton Men Solid Navy Blue Sweater
18968,Men,Apparel,Topwear,Sweaters,Black,Fall,2011.0,Casual,United Colors of Benetton Men Solid Black Sweater
20789,Men,Apparel,Topwear,Sweaters,Navy Blue,Fall,2011.0,Casual,Genesis Men Solid Navy Blue Sweater
22328,Men,Apparel,Topwear,Sweaters,Navy Blue,Fall,2011.0,Casual,John Players Men Stripes Navy Blue Sweater
20304,Women,Apparel,Topwear,Sweaters,Maroon,Fall,2011.0,Casual,Jealous 21 Women Stripes Maroon Sweater
12988,Women,Apparel,Topwear,Sweaters,Black,Fall,2011.0,Casual,United Colors Of Benetton Women Womenlight Winter Black Sweaters Black Sweaters
15182,Men,Apparel,Topwear,Sweaters,Green,Fall,2011.0,Casual,Arrow Sport Men Stripes Green Sweaters
23069,Men,Apparel,Topwear,Sweaters,Black,Fall,2011.0,Casual,Arrow Sport Men Black Check Sweater
18499,Men,Apparel,Topwear,Sweaters,Navy Blue,Fall,2011.0,Casual,Puma Men Striped Navy Blue Sweater
15701,Men,Apparel,Topwear,Sweaters,Grey,Fall,2011.0,Casual,Spykar Men Stripes Grey Sweaters
21136,Women,Apparel,Topwear,Sweaters,Navy Blue,Fall,2011.0,Casual,s.Oliver Women Stripes Navy Blue Sweater
20307,Women,Apparel,Topwear,Sweaters,White,Fall,2011.0,Casual,Jealous 21 Women Solid White Sweater
17290,Men,Apparel,Topwear,Sweaters,Grey,Fall,2011.0,Casual,Spykar Men's Solid Sweater
11172,Men,Apparel,Topwear,Sweaters,Red,Fall,2011.0,Casual,Scullers Men Stripes Red Sweaters
18624,Men,Apparel,Topwear,Sweaters,Cream,Fall,2011.0,Casual,Puma Men Lifestyle Knitted Cream Sweaters
10568,Men,Apparel,Topwear,Sweaters,Navy Blue,Fall,2011.0,Casual,Puma Men Knitted Navy Blue Sweater
58508,Women,Apparel,Topwear,Sweaters,Grey,Summer,2012.0,Casual,Tonga Women Grey Sweater
21123,Men,Apparel,Topwear,Sweaters,Purple,Fall,2011.0,Casual,s.Oliver Men Check Purple Sweater
16195,Men,Apparel,Topwear,Sweaters,Yellow,Fall,2011.0,Casual,Puma Men Stripped SL Yellow Sweater
18623,Men,Apparel,Topwear,Sweaters,Blue,Fall,2011.0,Casual,Puma Men Lifestyle Knitted Dark Denim Sweaters
11169,Men,Apparel,Topwear,Sweaters,Green,Fall,2011.0,Casual,Scullers Men Stripes Green Sweaters
13829,Men,Apparel,Topwear,Sweaters,Purple,Fall,2011.0,Casual,Indigo Nation Men Stripes Purple Sweaters
13049,Men,Apparel,Topwear,Sweaters,Black,Fall,2011.0,Casual,Spykar Men Stripes Black Sweaters
19820,Men,Apparel,Topwear,Sweaters,Green,Winter,2016.0,Casual,U.S. Polo Assn. Men Solid Green Sweater
20309,Women,Apparel,Topwear,Sweaters,Grey,Fall,2011.0,Casual,Jealous 21 Women Solid Grey Sweater
19958,Men,Apparel,Topwear,Sweaters,Red,Fall,2011.0,Casual,United Colors of Benetton Men Solid Red Sweater
10572,Men,Apparel,Topwear,Sweaters,Red,Fall,2011.0,Casual,Puma Men Knitted Red Sweaters
16000,Men,Apparel,Topwear,Sweaters,Black,Fall,2011.0,Casual,Turtle Stripes Men Black Sweaters
22626,Men,Apparel,Topwear,Sweaters,Grey,Fall,2011.0,Sports,Nike Men Solid Grey Sweater
22348,Men,Apparel,Topwear,Sweaters,Grey,Fall,2011.0,Casual,John Players Men Solid Grey Sweater
15329,Men,Apparel,Topwear,Sweaters,White,Fall,2011.0,Sports,Nike Men Solid White Sweaters
16925,Men,Apparel,Topwear,Sweaters,Navy Blue,Fall,2011.0,Casual,Spykar Men Stripes Navy Blue Sweaters
19522,Men,Apparel,Topwear,Sweaters,Navy Blue,Fall,2011.0,Casual,United Colors of Benetton Men Check Navy Blue Sweater
23067,Men,Apparel,Topwear,Sweaters,Brown,Fall,2011.0,Casual,Arrow Men Brown Striped Sweater
16003,Men,Apparel,Topwear,Sweaters,Grey,Fall,2011.0,Casual,Turtle Solid Men Grey Sweaters
15179,Men,Apparel,Topwear,Sweaters,Red,Fall,2011.0,Casual,Arrow Sport Men Stripes Red Sweaters
23048,Women,Apparel,Topwear,Sweaters,Black,Fall,2011.0,Casual,Arrow Woman Black Sweater
11078,Men,Apparel,Topwear,Sweaters,Grey,Fall,2011.0,Casual,Scullers Men Stripes Grey Sweaters
23047,Women,Apparel,Topwear,Sweaters,Charcoal,Fall,2011.0,Casual,Arrow Woman Charcoal Solid Sweater
16916,Men,Apparel,Topwear,Sweaters,White,Fall,2011.0,Casual,Spykar Men Stripes White Sweaters
11170,Men,Apparel,Topwear,Sweaters,Yellow,Fall,2011.0,Casual,Scullers Men Stripes Yellow Sweaters
14091,Women,Apparel,Topwear,Sweaters,Peach,Fall,2011.0,Casual,Flying Machine Women Solid Peach Sweaters
15036,Women,Apparel,Topwear,Sweaters,Blue,Fall,2011.0,Casual,ADIDAS Women Stripes Blue Sweaters
20347,Women,Apparel,Topwear,Sweaters,Black,Fall,2011.0,Casual,Scullers For Her Women Solid Black Sweater
18725,Women,Apparel,Topwear,Sweaters,Purple,Fall,2011.0,Casual,Arrow Woman Ester Purple Sweater
14084,Men,Apparel,Topwear,Sweaters,Blue,Fall,2011.0,Casual,Flying Machine Men Solid Blue Sweaters
18726,Women,Apparel,Topwear,Sweaters,Brown,Fall,2011.0,Casual,Arrow Woman Venetia Brown Sweater
20226,Women,Apparel,Topwear,Sweaters,Blue,Fall,2011.0,Casual,Wrangler Women Shawl Collar Blue Sweater
11075,Men,Apparel,Topwear,Sweaters,Blue,Fall,2011.0,Casual,Scullers Men Stripes Blue Sweaters
20787,Men,Apparel,Topwear,Sweaters,Black,Fall,2011.0,Casual,Genesis Men Solid Black Sweater
8832,Men,Apparel,Topwear,Sweaters,Grey,Fall,2011.0,Casual,Spykar Men Rts Grey White Pullover Grey Sweaters
24756,Men,Apparel,Topwear,Sweaters,Green,Fall,2011.0,Casual,Spykar Men Green Sweaters
15185,Men,Apparel,Topwear,Sweaters,Black,Fall,2011.0,Casual,Arrow Sport Men Solid Black Sweaters
19960,Men,Apparel,Topwear,Sweaters,Green,Fall,2011.0,Casual,United Colors of Benetton Men Solid Green Sweater
21602,Women,Apparel,Topwear,Sweaters,Grey,Winter,2012.0,Casual,Roxy Women Grey Striped Sweater
20224,Women,Apparel,Topwear,Sweaters,Purple,Fall,2011.0,Casual,Wrangler Women Felt Purple Sweater
13094,Men,Apparel,Topwear,Sweaters,Grey,Fall,2011.0,Casual,ADIDAS Men Badge P/O Grey Sweaters
14995,Men,Apparel,Topwear,Sweaters,Grey,Fall,2011.0,Casual,ADIDAS Men Solid Grey Sweaters
19540,Men,Apparel,Topwear,Sweaters,Blue,Summer,2011.0,Casual,United Colors of Benetton Men Solid Blue Sweater
14086,Men,Apparel,Topwear,Sweaters,Grey,Fall,2011.0,Casual,Flying Machine Men Checks Grey Sweaters
19537,Men,Apparel,Topwear,Sweaters,Blue,Summer,2011.0,Casual,United Colors of Benetton Men Stripes Blue Sweater
11433,Women,Apparel,Topwear,Sweaters,Mauve,Fall,2011.0,Casual,United Colors of Benetton Women Light Winter Mauve Vest
11095,Women,Apparel,Topwear,Sweaters,Black,Fall,2011.0,Casual,Scullers Women Knit Black Sweaters
16927,Men,Apparel,Topwear,Sweaters,Charcoal,Fall,2011.0,Casual,Spykar Men Solid Charcoal Sweaters
18729,Women,Apparel,Topwear,Sweaters,Magenta,Fall,2011.0,Casual,Arrow Woman Keisha Magenta Sweater
14990,Men,Apparel,Topwear,Sweaters,Black,Fall,2011.0,Casual,ADIDAS Men Solid Black Sweaters
19528,Men,Apparel,Topwear,Sweaters,Red,Fall,2011.0,Casual,United Colors of Benetton Men Solid Red Sweater
18573,Men,Apparel,Topwear,Sweaters,Blue,Fall,2011.0,Casual,Puma Men Striped Full Zip Blue Sweater
13828,Men,Apparel,Topwear,Sweaters,Navy Blue,Fall,2011.0,Casual,Indigo Nation Men Solid Navy Blue Sweaters
20091,Women,Apparel,Topwear,Sweaters,Grey,Summer,2012.0,Casual,United Colors of Benetton Women Grey Sweater
43312,Women,Apparel,Topwear,Sweaters,Blue,Summer,2012.0,Casual,United Colors of Benetton Women Blue Sweater
16661,Men,Apparel,Topwear,Sweaters,Black,Fall,2011.0,Casual,Fila Men Blanc Black Sweater
23951,Men,Apparel,Topwear,Sweaters,Black,Fall,2011.0,Casual,Provogue Men Black Sweater
11522,Men,Apparel,Topwear,Sweaters,Blue,Fall,2011.0,Casual,United Colors of Benetton Men Blue Sweater
19525,Men,Apparel,Topwear,Sweaters,Grey,Fall,2011.0,Casual,United Colors of Benetton Men Check Grey Sweater
19956,Men,Apparel,Topwear,Sweaters,Green,Spring,2013.0,Casual,United Colors of Benetton Men Green Sweater
15038,Women,Apparel,Topwear,Sweaters,Grey,Fall,2011.0,Casual,ADIDAS Women Stripes Grey Sweaters
19518,Men,Apparel,Topwear,Sweaters,Blue,Fall,2011.0,Casual,United Colors of Benetton Men Stripes Blue Sweater
15989,Men,Apparel,Topwear,Sweaters,White,Fall,2011.0,Casual,Turtle Stripes Men White Sweaters
16990,Women,Apparel,Topwear,Sweaters,Red,Summer,2011.0,Casual,United Colors of Benetton Women Solid Red Sweater
19955,Men,Apparel,Topwear,Sweaters,Purple,Fall,2011.0,Casual,United Colors Of Benetton Men Purple Sweater
13093,Men,Apparel,Topwear,Sweaters,Black,Fall,2011.0,Casual,ADIDAS Men Badge P/O Black Sweaters
11076,Men,Apparel,Topwear,Sweaters,Black,Fall,2011.0,Casual,Scullers Men Stripes Black Sweaters
16928,Men,Apparel,Topwear,Sweaters,Black,Fall,2011.0,Casual,Spykar Men Solid Black Sweater
43311,Women,Apparel,Topwear,Sweaters,White,Summer,2012.0,Casual,United Colors of Benetton Women Pink Sweater
19532,Men,Apparel,Topwear,Sweaters,Red,Summer,2011.0,Casual,United Colors of Benetton Men Solid Red Sweater
16001,Men,Apparel,Topwear,Sweaters,Blue,Fall,2011.0,Casual,Turtle Solid Men Blue Sweaters
18959,Women,Apparel,Topwear,Sweaters,Blue,Fall,2011.0,Casual,United Colors of Benetton Women Solid Blue Sweater
11073,Men,Apparel,Topwear,Sweaters,Black,Fall,2011.0,Casual,Scullers Men Stripes Black Sweaters
17515,Women,Apparel,Topwear,Sweaters,Pink,Fall,2011.0,Casual,Jealous 21 Women Solid Pink Sweater
17196,Men,Apparel,Topwear,Sweaters,Navy Blue,Winter,2016.0,Casual,U.S. Polo Assn. Men Stripes Navy Blue Sweater
15032,Women,Apparel,Topwear,Sweaters,Blue,Fall,2011.0,Casual,ADIDAS Women Stripes Blue Sweaters
15184,Men,Apparel,Topwear,Sweaters,Grey,Fall,2011.0,Casual,Arrow Sport Men Solid Grey Sweaters
11096,Women,Apparel,Topwear,Sweaters,Purple,Fall,2011.0,Casual,Scullers Women Stripes Purple Sweaters
20216,Men,Apparel,Topwear,Sweaters,Red,Fall,2011.0,Casual,Wrangler Men Rib Red Sweater
17516,Women,Apparel,Topwear,Sweaters,Magenta,Fall,2011.0,Casual,Jealous 21 Women Solid Magenta Sweater
15183,Men,Apparel,Topwear,Sweaters,Blue,Fall,2011.0,Casual,Arrow Sport Men Check Blue Sweaters
13961,Women,Apparel,Topwear,Sweaters,Pink,Fall,2011.0,Casual,Jealous 21 Women Solid Pink Sweaters
18731,Women,Apparel,Topwear,Sweaters,Navy Blue,Fall,2011.0,Casual,Arrow Woman Georgina 2 Navy Blue Sweater
13714,Men,Apparel,Topwear,Sweaters,Black,Fall,2011.0,Casual,Proline Black Sleeveless Sweater
17514,Women,Apparel,Topwear,Sweaters,Black,Fall,2011.0,Casual,Jealous 21 Women Solid Black Sweater
17198,Men,Apparel,Topwear,Sweaters,Black,Winter,2016.0,Casual,U.S. Polo Assn. Men Solid Black Sweater
23952,Men,Apparel,Topwear,Sweaters,Blue,Fall,2011.0,Casual,Provogue Men Blue Sweater
20222,Women,Apparel,Topwear,Sweaters,Grey,Fall,2011.0,Casual,Wrangler Women Scoop Grey Sweater
18728,Women,Apparel,Topwear,Sweaters,Grey,Fall,2011.0,Casual,Arrow Woman Keisha Grey Sweater
32387,Women,Apparel,Topwear,Sweaters,Black,Summer,2012.0,Casual,Arrow Woman Black Cardigan
19821,Men,Apparel,Topwear,Sweaters,Off White,Winter,2016.0,Casual,U.S. Polo Assn. Men Solid Off White Sweater
43313,Women,Apparel,Topwear,Sweaters,Blue,Summer,2012.0,Casual,United Colors of Benetton Women Blue Sweater
20299,Women,Apparel,Topwear,Sweaters,Blue,Fall,2011.0,Casual,Jealous 21 Women Blue Sweater
18571,Men,Apparel,Topwear,Sweaters,Grey,Fall,2011.0,Casual,Puma Men Solid Grey Sweater
19526,Men,Apparel,Topwear,Sweaters,Black,Summer,2011.0,Casual,United Colors of Benetton Men Striped Black Sweater
15003,Men,Apparel,Topwear,Sweaters,Grey,Fall,2011.0,Casual,ADIDAS Men Stripes Solid Grey Sweaters
19962,Men,Apparel,Topwear,Sweaters,Grey,Fall,2011.0,Casual,United Colors of Benetton Men Check Grey Sweater
11175,Men,Apparel,Topwear,Sweaters,White,Fall,2011.0,Casual,Scullers Men Stripes White Sweaters
19957,Men,Apparel,Topwear,Sweaters,Grey,Fall,2011.0,Casual,United Colors of Benetton Men Grey Sweater
16004,Men,Apparel,Topwear,Sweaters,Grey,Fall,2011.0,Casual,Turtle Stripes Men Grey Sweaters
21134,Women,Apparel,Topwear,Sweaters,Grey,Fall,2011.0,Casual,s.Oliver Women Solid Grey Sweater
11529,Men,Apparel,Topwear,Sweaters,Grey,Fall,2011.0,Casual,United Colors Of Benetton Men Heavy Winter Grey Sweaters
11074,Men,Apparel,Topwear,Sweaters,Black,Fall,2011.0,Casual,Scullers Men Stripes Blue Sweaters
22329,Men,Apparel,Topwear,Sweaters,Grey,Fall,2011.0,Casual,John Players Men Check Grey Sweater
14324,Women,Apparel,Topwear,Sweaters,Pink,Fall,2011.0,Casual,ADIDAS Women Stripes Pink Sweaters
11171,Men,Apparel,Topwear,Sweaters,Grey,Fall,2011.0,Casual,Scullers Men Stripes Grey Sweaters
19822,Men,Apparel,Topwear,Sweaters,Charcoal,Fall,2011.0,Casual,U.S. Polo Assn. Men Solid Charcoal Sweater
16219,Men,Apparel,Topwear,Sweaters,Black,Fall,2011.0,Casual,Puma Men ILP Black Sweater
15031,Women,Apparel,Topwear,Sweaters,Pink,Fall,2011.0,Casual,ADIDAS Women Stripes Pink Sweaters
20225,Women,Apparel,Topwear,Sweaters,Red,Fall,2011.0,Casual,Wrangler Women Felt Red Sweater
13812,Men,Apparel,Topwear,Sweaters,Navy Blue,Fall,2011.0,Casual,Proline Navy Striped Sweater
19527,Men,Apparel,Topwear,Sweaters,Olive,Fall,2011.0,Casual,United Colors of Benetton Men Solid Olive Sweater
18313,Men,Apparel,Topwear,Sweaters,Grey,Spring,2013.0,Casual,Wills Lifestyle Men Grey Striped Sweater
43314,Women,Apparel,Topwear,Sweaters,Yellow,Summer,2012.0,Casual,United Colors of Benetton Women Yellow Sweater
14085,Men,Apparel,Topwear,Sweaters,White,Fall,2011.0,Casual,Flying Machine Men Check White Sweaters
9874,Men,Apparel,Topwear,Sweaters,Navy Blue,Fall,2011.0,Casual,Spykar Men Rts Style Live Ride Navy Blue Sweaters
14996,Men,Apparel,Topwear,Sweaters,Blue,Fall,2011.0,Casual,ADIDAS Men Stripes Blue Sweaters
19967,Men,Apparel,Topwear,Sweaters,Maroon,Fall,2011.0,Casual,United Colors of Benetton Men Maroon Sweaters
18969,Men,Apparel,Topwear,Sweaters,Blue,Fall,2011.0,Casual,United Colors of Benetton Men Solid Blue Sweater
17201,Men,Apparel,Topwear,Sweaters,Navy Blue,Winter,2016.0,Casual,U.S. Polo Assn. Men Stripes Navy Blue Sweater
21120,Men,Apparel,Topwear,Sweaters,Purple,Fall,2011.0,Casual,s.Oliver Men Solid Purple Sweater
11173,Men,Apparel,Topwear,Sweaters,Red,Fall,2011.0,Casual,Scullers Men Stripes Red Sweaters
20306,Women,Apparel,Topwear,Sweaters,Blue,Fall,2011.0,Casual,Jealous 21 Women Solid Blue Sweater
19961,Men,Apparel,Topwear,Sweaters,Blue,Fall,2011.0,Casual,United Colors of Benetton Men Blue Check Sweater
17200,Men,Apparel,Topwear,Sweaters,Red,Winter,2016.0,Casual,U.S. Polo Assn. Men Solid Tibetian Red Sweater
21110,Men,Apparel,Topwear,Sweaters,Charcoal,Fall,2011.0,Casual,s.Oliver Men Solid Charcoal Sweater
20231,Women,Apparel,Topwear,Sweaters,Black,Fall,2011.0,Casual,Wrangler Women Fluro Black Sweater
20300,Women,Apparel,Topwear,Sweaters,Maroon,Fall,2011.0,Casual,Jealous 21 Women Solid Maroon Sweater
21137,Women,Apparel,Topwear,Sweaters,Grey,Fall,2011.0,Casual,s.Oliver Women Stripes Grey Sweater
20220,Men,Apparel,Topwear,Sweaters,Navy Blue,Fall,2011.0,Casual,Wrangler Men Rib Navy Sweater
19965,Men,Apparel,Topwear,Sweaters,Black,Fall,2011.0,Casual,United Colors Of Benetton Men Black Sweater
20302,Women,Apparel,Topwear,Sweaters,Blue,Fall,2011.0,Casual,Jealous 21 Women Blue Sweater
16724,Men,Apparel,Topwear,Sweaters,Black,Fall,2011.0,Casual,Fila Men AbeII Black Sweater
14997,Men,Apparel,Topwear,Sweaters,Navy Blue,Fall,2011.0,Casual,ADIDAS Men Solid Navy Blue Sweaters
20308,Women,Apparel,Topwear,Sweaters,Black,Fall,2011.0,Casual,Jealous 21 Women Solid Black Sweater
14082,Men,Apparel,Topwear,Sweaters,Blue,Fall,2011.0,Casual,Flying Machine Men Solid Blue Sweaters
21465,Women,Apparel,Topwear,Sweaters,Red,Winter,2012.0,Casual,Roxy Women Red Sweater
16915,Men,Apparel,Topwear,Sweaters,Black,Fall,2011.0,Casual,Spykar Men Black Sweater
20298,Women,Apparel,Topwear,Sweaters,Pink,Fall,2011.0,Casual,Jealous 21 Women Solid Pink Sweater
13803,Men,Apparel,Topwear,Sweaters,Navy Blue,Fall,2011.0,Casual,Proline Blue Patterned Sleeveless Sweater
9945,Men,Apparel,Topwear,Sweaters,Navy Blue,Fall,2011.0,Sports,ADIDAS Men Frnt Str Navy Blue Sweaters
20232,Women,Apparel,Topwear,Sweaters,Blue,Fall,2011.0,Casual,Wrangler Women Felt Blue Sweater
15370,Women,Apparel,Topwear,Sweatshirts,Pink,Fall,2011.0,Casual,Urban Yoga Women Solid Pink Sweatshirts
23145,Women,Apparel,Topwear,Sweatshirts,Off White,Fall,2011.0,Casual,Quechua Women  Fleece Off-White Sweatshirt
19324,Men,Apparel,Topwear,Sweatshirts,Maroon,Fall,2011.0,Casual,Myntra Men Solid Maroon Sweatshirt
11402,Men,Apparel,Topwear,Sweatshirts,Black,Fall,2011.0,Casual,United Colors of Benetton Men Winter Black Sweatshirts
16442,Men,Apparel,Topwear,Sweatshirts,Black,Fall,2011.0,Casual,Levis Men Printed Black Sweatshirts
23119,Men,Apparel,Topwear,Sweatshirts,Grey,Fall,2011.0,Casual,Quechua Men Warm Fleece Grey Sweatshirt
16233,Men,Apparel,Topwear,Sweatshirts,Grey,Fall,2011.0,Casual,Puma Men Ess Crew Grey Sweatshirt
16557,Men,Apparel,Topwear,Sweatshirts,Navy Blue,Fall,2011.0,Casual,Basics Men Navy Printed Sweatshirt
20378,Women,Apparel,Topwear,Sweatshirts,Black,Fall,2011.0,Sports,Urban Yoga Women Printed Black Sweatshirt
15625,Men,Apparel,Topwear,Sweatshirts,Grey,Summer,2012.0,Casual,Nike Men AS Squad FT LS Crew Grey Sweatshirts
23139,Men,Apparel,Topwear,Sweatshirts,Olive,Fall,2011.0,Casual,Quechua Men Fleece Olive Sweatshirt
13091,Men,Apparel,Topwear,Sweatshirts,Grey,Fall,2011.0,Casual,ADIDAS Men Cr_Ess 3sfzhood Grey Sweatshirts
16556,Men,Apparel,Topwear,Sweatshirts,Grey,Fall,2011.0,Casual,Basics Men Grey Printed Sweatshirt
20209,Women,Apparel,Topwear,Sweatshirts,Purple,Fall,2011.0,Casual,Wrangler Women Cowl Purple Sweatshirt
21725,Men,Apparel,Topwear,Sweatshirts,Navy Blue,Fall,2011.0,Casual,ADIDAS Men Navy Blue Sweatshirt
19816,Men,Apparel,Topwear,Sweatshirts,Grey,Fall,2011.0,Casual,U.S. Polo Assn. Men Solid Grey Sweatshirt
24304,Men,Apparel,Topwear,Sweatshirts,Black,Fall,2011.0,Casual,ADIDAS Men Printed Black Sweatshirt
24288,Men,Apparel,Topwear,Sweatshirts,Grey,Summer,2012.0,Casual,Quiksilver Men Grey Sweatshirt
1603,Men,Apparel,Topwear,Sweatshirts,Navy Blue,Fall,2010.0,Casual,Reebok Men Hoops Athletic Navy Sweatshirt
22591,Men,Apparel,Topwear,Sweatshirts,Grey,Fall,2011.0,Casual,Nike Men Stripes Grey Sweatshirt
14307,Men,Apparel,Topwear,Sweatshirts,White,Fall,2011.0,Casual,ADIDAS Men Printed White Sweatshirts
20341,Men,Apparel,Topwear,Sweatshirts,Grey,Fall,2011.0,Casual,Proline Men Solid Grey Sweatshirt
14581,Men,Apparel,Topwear,Sweatshirts,Brown,Fall,2011.0,Casual,United Colors of Benetton Men Solid Brown Sweatshirts
19811,Men,Apparel,Topwear,Sweatshirts,Black,Fall,2011.0,Casual,U.S. Polo Assn. Men Solid Black Sweatshirt
14984,Men,Apparel,Topwear,Sweatshirts,Black,Fall,2011.0,Sports,ADIDAS Men Real Madrid Black Sweatshirts
20194,Men,Apparel,Topwear,Sweatshirts,White,Fall,2011.0,Casual,Wrangler Men Seattle Embro White Sweatshirt
14924,Men,Apparel,Topwear,Sweatshirts,Green,Fall,2011.0,Casual,Mr. Men Green Sweatshirt
11530,Men,Apparel,Topwear,Sweatshirts,Green,Fall,2011.0,Casual,United Colors of Benetton Men Light Winter Green Sweatshirts
10029,Women,Apparel,Topwear,Sweatshirts,Navy Blue,Fall,2011.0,Sports,Nike Women As Script Mas Navy Blue Sweatshirts
13317,Men,Apparel,Topwear,Sweatshirts,Grey,Fall,2011.0,Casual,Gini and Jony Kids Boys Printed Grey Sweatshirts
46383,Men,Apparel,Topwear,Sweatshirts,Black,Summer,2012.0,Casual,ADIDAS Men Black Sweatshirt
21373,Men,Apparel,Topwear,Sweatshirts,Black,Fall,2011.0,Casual,Manchester United Men Printed Black Sweatshirt
19949,Men,Apparel,Topwear,Sweatshirts,Purple,Fall,2011.0,Casual,Puma Men Solid Purple Sweatshirt
16443,Men,Apparel,Topwear,Sweatshirts,Black,Fall,2011.0,Casual,Levis Men Printed Black Sweatshirts
24307,Men,Apparel,Topwear,Sweatshirts,Grey,Fall,2011.0,Casual,ADIDAS Men Grey Printed Sweatshirt
14987,Men,Apparel,Topwear,Sweatshirts,Black,Fall,2011.0,Casual,ADIDAS Men Solid Black Sweatshirts
13106,Men,Apparel,Topwear,Sweatshirts,Blue,Fall,2011.0,Casual,ADIDAS Men Sf Striped Hood Blue Sweatshirts
12806,Men,Apparel,Topwear,Sweatshirts,Grey,Fall,2011.0,Sports,Nike Men Zip Grey Sweatshirts
12534,Men,Apparel,Topwear,Sweatshirts,Grey,Fall,2011.0,Casual,Puma Men Printed Grey Sweatshirts
14113,Men,Apparel,Topwear,Sweatshirts,Olive,Fall,2011.0,Casual,Flying Machine Men Printed Olive Sweatshirts
19546,Women,Apparel,Topwear,Sweatshirts,Black,Fall,2011.0,Casual,United Colors of Benetton Women Solid Black Sweatshirt
16903,Men,Apparel,Topwear,Sweatshirts,Grey,Fall,2011.0,Casual,Status Quo Men Solid Dark Grey Sweatshirt
54913,Men,Apparel,Topwear,Sweatshirts,Beige,Summer,2012.0,Casual,Do u speak green Men Printed Beige Sweatshirt
24289,Men,Apparel,Topwear,Sweatshirts,Black,Summer,2012.0,Casual,Quiksilver Men Black Sweatshirt
16445,Men,Apparel,Topwear,Sweatshirts,Grey,Fall,2011.0,Casual,Levis Men Solid Grey Sweatshirts
20786,Men,Apparel,Topwear,Sweatshirts,White,Fall,2011.0,Casual,Classic Polo Men Striped White Sweatshirt
19818,Men,Apparel,Topwear,Sweatshirts,Green,Fall,2011.0,Casual,U.S. Polo Assn. Men Solid Green Sweatshirt
19680,Women,Apparel,Topwear,Sweatshirts,Magenta,Summer,2011.0,Casual,United Colors of Benetton Women Solid Magenta Sweatshirt
18960,Women,Apparel,Topwear,Sweatshirts,Blue,Fall,2011.0,Casual,United Colors of Benetton Women Solid Blue Sweatshirt
14311,Men,Apparel,Topwear,Sweatshirts,Grey,Fall,2011.0,Casual,ADIDAS Men Solid Grey Sweatshirts
17923,Women,Apparel,Topwear,Sweatshirts,Black,Fall,2011.0,Casual,Nike Women Sptcas Black Sweatshirt
1895,Men,Apparel,Topwear,Sweatshirts,Black,Winter,2010.0,Casual,FIFA Men Full Sleeves Hoody Sweatshirt
19812,Men,Apparel,Topwear,Sweatshirts,Navy Blue,Fall,2011.0,Casual,U.S. Polo Assn. Men Solid Navy Blue Sweatshirt
19549,Men,Apparel,Topwear,Sweatshirts,Grey,Fall,2011.0,Casual,United Colors of Benetton Men Solid Grey Sweatshirt
16911,Men,Apparel,Topwear,Sweatshirts,White,Fall,2011.0,Casual,Mr. Men Men Printed White Sweatshirt
14109,Men,Apparel,Topwear,Sweatshirts,Green,Fall,2011.0,Casual,Flying Machine Men Printed Green Sweatshirts
22581,Women,Apparel,Topwear,Sweatshirts,Purple,Fall,2011.0,Sports,Nike Women Solid Purple Sweatshirt
19551,Men,Apparel,Topwear,Sweatshirts,Blue,Summer,2011.0,Casual,United Colors of Benetton Men Solid Blue SweatShirt
19321,Men,Apparel,Topwear,Sweatshirts,Grey,Fall,2011.0,Casual,Myntra Men Solid Grey Sweatshirt
17917,Men,Apparel,Topwear,Sweatshirts,Purple,Fall,2011.0,Sports,Nike Men Purple Sweatshirt
15585,Men,Apparel,Topwear,Sweatshirts,Blue,Fall,2011.0,Casual,Proline Men Blue Printed Sweatshirt
2268,Women,Apparel,Topwear,Sweatshirts,Grey,Fall,2010.0,Sports,Nike Grey Women Sweatshirt
18965,Women,Apparel,Topwear,Sweatshirts,Pink,Fall,2011.0,Casual,United Colors of Benetton Women Solid Pink Sweatshirt
19146,Men,Apparel,Topwear,Sweatshirts,Grey,Summer,2011.0,Casual,United Colors of Benetton Men Solid Grey Sweatshirt
18203,Men,Apparel,Topwear,Sweatshirts,Black,Fall,2011.0,Casual,Nike Men AS Squad Fleec LS Crew Black Sweatshirt
24085,Men,Apparel,Topwear,Sweatshirts,White,Fall,2011.0,Casual,Manchester United Men White Sweatshirt
20205,Men,Apparel,Topwear,Sweatshirts,Grey,Fall,2011.0,Casual,Wrangler Men Flock Print Grey Sweatshirt
1609,Women,Apparel,Topwear,Sweatshirts,Pink,Fall,2010.0,Sports,Reebok Women Boat-Neck Wildberry Sweatshirt
19815,Men,Apparel,Topwear,Sweatshirts,Green,Fall,2011.0,Casual,U.S. Polo Assn. Men Solid Green Sweatshirt
20204,Men,Apparel,Topwear,Sweatshirts,Grey,Fall,2011.0,Casual,Wrangler Men Flock Print Grey Sweatshirt
15586,Men,Apparel,Topwear,Sweatshirts,Green,Fall,2011.0,Casual,Proline Men Green Printed Sweatshirt
23148,Women,Apparel,Topwear,Sweatshirts,Green,Fall,2011.0,Casual,Quechua Women Fleece Green Sweatshirt
22580,Women,Apparel,Topwear,Sweatshirts,Grey,Fall,2011.0,Sports,Nike Women Grey Sweatshirt
14111,Men,Apparel,Topwear,Sweatshirts,Navy Blue,Fall,2011.0,Casual,Flying Machine Men Printed Navy Blue Sweatshirts
19814,Men,Apparel,Topwear,Sweatshirts,Red,Fall,2011.0,Casual,U.S. Polo Assn. Men Solid Red Sweatshirt
16275,Men,Apparel,Topwear,Sweatshirts,Black,Fall,2011.0,Casual,Free Authority Men Stripes Purple Sweatshirts
22592,Men,Apparel,Topwear,Sweatshirts,Red,Fall,2011.0,Casual,Nike Men Red Striped Sweatshirt
23540,Men,Apparel,Topwear,Sweatshirts,Black,Fall,2011.0,Casual,Classic Polo Men Black Sweatshirt
14316,Men,Apparel,Topwear,Sweatshirts,Navy Blue,Fall,2011.0,Casual,ADIDAS Men Solid Navy Blue Sweatshirts
25021,Men,Apparel,Topwear,Sweatshirts,Grey,Fall,2011.0,Sports,Nike Men Poly Fleece Grey Sweatshirt
15324,Men,Apparel,Topwear,Sweatshirts,White,Fall,2011.0,Sports,Nike Men Printed White Sweatshirts
13800,Men,Apparel,Topwear,Sweatshirts,Grey,Fall,2011.0,Casual,Proline Mens Grey Sweatshirt
23143,Women,Apparel,Topwear,Sweatshirts,Magenta,Fall,2011.0,Casual,Quechua Women  Fleece Magenta Sweatshirt
14306,Men,Apparel,Topwear,Sweatshirts,Navy Blue,Fall,2011.0,Casual,ADIDAS Men Printed Navy Blue Sweatshirts
15345,Men,Apparel,Topwear,Sweatshirts,Blue,Fall,2011.0,Casual,Nike Men Solid Blue Sweatshirts
20213,Women,Apparel,Topwear,Sweatshirts,Brown,Fall,2011.0,Casual,Wrangler Women American Brown Sweatshirt
17906,Men,Apparel,Topwear,Sweatshirts,Black,Fall,2011.0,Casual,Nike Men Sptcas Black Sweatshirt
19005,Women,Apparel,Topwear,Sweatshirts,Grey,Summer,2011.0,Casual,ADIDAS Originals Women F Sleek Trf Grey Sweatshirt
15627,Men,Apparel,Topwear,Sweatshirts,Grey,Fall,2011.0,Casual,Nike Men AS Squad FT PO Hoody Graph Grey Sweatshirts
23144,Women,Apparel,Topwear,Sweatshirts,Brown,Fall,2011.0,Casual,Quechua Women  Fleece Brown Sweatshirt
20203,Men,Apparel,Topwear,Sweatshirts,Black,Fall,2011.0,Casual,Wrangler Men Flock Print Black Sweatshirt
16232,Men,Apparel,Topwear,Sweatshirts,Grey,Fall,2011.0,Casual,Puma Men Ess Hooded Grey Sweatshirt
15628,Men,Apparel,Topwear,Sweatshirts,Black,Fall,2011.0,Casual,Nike Men AS Squad FT FZ Hoody Black Sweatshirt
18578,Women,Apparel,Topwear,Sweatshirts,Black,Fall,2011.0,Casual,Puma Women Black Sweatshirt
20212,Women,Apparel,Topwear,Sweatshirts,Blue,Fall,2011.0,Casual,Wrangler Women Checkerd Blue Sweatshirt
15320,Men,Apparel,Topwear,Sweatshirts,Navy Blue,Fall,2011.0,Casual,Nike Men Solid Navy Blue Sweatshirts
14112,Men,Apparel,Topwear,Sweatshirts,Green,Fall,2011.0,Casual,Flying Machine Men Printed Green Sweatshirts
15318,Men,Apparel,Topwear,Sweatshirts,White,Fall,2011.0,Casual,Nike Men Printed White Sweatshirts
11370,Women,Apparel,Topwear,Sweatshirts,Green,Fall,2011.0,Casual,United Colors Of Benetton Women Light Wintersweat Green Sweatshirts
15019,Men,Apparel,Topwear,Sweatshirts,Black,Fall,2011.0,Casual,ADIDAS Men Printed Black Sweatshirts
23138,Men,Apparel,Topwear,Sweatshirts,Blue,Fall,2011.0,Casual,Quechua Men  Fleece Blue Sweatshirt
13519,Men,Apparel,Topwear,Sweatshirts,White,Fall,2011.0,Casual,Spykar Men Stripes White Sweatshirts
24089,Men,Apparel,Topwear,Sweatshirts,Navy Blue,Fall,2011.0,Casual,Manchester United Men Navy Blue Sweatshirt
11246,Unisex,Apparel,Topwear,Sweatshirts,Grey,Fall,2011.0,Sports,Urban Yoga Unisex Solid Grey Sweatshirts
15616,Men,Apparel,Topwear,Sweatshirts,Olive,Fall,2011.0,Casual,Nike Men Casual Olive Sweatshirts
16906,Men,Apparel,Topwear,Sweatshirts,Maroon,Fall,2011.0,Casual,Status Quo Men Solid Maroon Sweatshirt
19641,Men,Apparel,Topwear,Sweatshirts,Black,Fall,2011.0,Casual,United Colors of Benetton Men Solid Black Sweatshirt
11357,Women,Apparel,Topwear,Sweatshirts,Black,Fall,2011.0,Casual,United Colors Of Benetton Women Light Winter Black Sweatshirts
19473,Men,Apparel,Topwear,Sweatshirts,Purple,Summer,2012.0,Casual,Quiksilver Men Purple Sweatshirt
19322,Men,Apparel,Topwear,Sweatshirts,Blue,Fall,2011.0,Casual,Myntra Men Solid Blue Sweatshirt
9971,Men,Apparel,Topwear,Sweatshirts,Blue,Fall,2011.0,Sports,Nike Men As Squad Ft C Blue Sweatshirts
16929,Men,Apparel,Topwear,Sweatshirts,Black,Fall,2011.0,Casual,Spykar Men Solid Black Sweatshirt
19547,Men,Apparel,Topwear,Sweatshirts,Blue,Fall,2011.0,Casual,United Colors of Benetton Men Solid Blue Sweatshirt
15619,Men,Apparel,Topwear,Sweatshirts,Grey,Fall,2011.0,Casual,Nike Men AS Squad FT FZ Hoody Grey Sweatshirts
19638,Women,Apparel,Topwear,Sweatshirts,Blue,Fall,2011.0,Casual,United Colors of Benetton Women Solid Blue Sweatshirt
23141,Men,Apparel,Topwear,Sweatshirts,Navy Blue,Fall,2011.0,Casual,Quechua Men Warm Fleece Navy Blue Sweatshirt
23146,Men,Apparel,Topwear,Sweatshirts,Brown,Fall,2011.0,Casual,Quechua Men Fleece Brown Sweatshirt
11524,Men,Apparel,Topwear,Sweatshirts,Blue,Fall,2011.0,Casual,United Colors of Benetton Men Blue Sweatshirt
24291,Men,Apparel,Topwear,Sweatshirts,Grey Melange,Fall,2012.0,Casual,Quick Silver Men Grey Melange Zip-up Sweatshirt
19475,Men,Apparel,Topwear,Sweatshirts,Navy Blue,Summer,2012.0,Casual,Quiksilver Men Navy Blue Nautical Sweatshirt
20210,Women,Apparel,Topwear,Sweatshirts,Black,Fall,2011.0,Casual,Wrangler Women Cowl Black Sweatshirt
14986,Men,Apparel,Topwear,Sweatshirts,Navy Blue,Fall,2011.0,Casual,ADIDAS Men Printed Navy Blue Sweatshirts
14989,Men,Apparel,Topwear,Sweatshirts,Blue,Fall,2011.0,Casual,ADIDAS Men Solid Aqua Blue Sweatshirts
15026,Women,Apparel,Topwear,Sweatshirts,Purple,Fall,2011.0,Casual,ADIDAS Women Solid Purple Sweatshirts
15040,Men,Apparel,Topwear,Sweatshirts,Purple,Fall,2011.0,Casual,ADIDAS Men Printed Purple Sweatshirts
46401,Men,Apparel,Topwear,Sweatshirts,Grey,Summer,2012.0,Casual,ADIDAS Men Grey Reversible Sweatshirt
18170,Boys,Apparel,Topwear,Sweatshirts,Green,Fall,2011.0,Casual,Doodle Kids-Boys Be Born Green Sweatshirt
22364,Men,Apparel,Topwear,Sweatshirts,Blue,Fall,2011.0,Casual,ADIDAS Men Hooded  Blue SweatShirt
24090,Men,Apparel,Topwear,Sweatshirts,Red,Fall,2011.0,Casual,Manchester United Men Red Sweatshirt
16203,Men,Apparel,Topwear,Sweatshirts,Blue,Fall,2011.0,Casual,Puma Men Logo Hooded Blue SweatShirt
13999,Men,Apparel,Topwear,Sweatshirts,Black,Fall,2011.0,Sports,Nike Men Solid Black Jackets
17916,Men,Apparel,Topwear,Sweatshirts,Grey,Fall,2011.0,Sports,Nike Men Grey Sweatshirt
1892,Men,Apparel,Topwear,Sweatshirts,Blue,Winter,2010.0,Casual,FIFA Men Full Sleeves Hoody Sweatshirt
16229,Men,Apparel,Topwear,Sweatshirts,Black,Fall,2011.0,Casual,Puma Men Logo Crew  Black SweatShirt
20197,Men,Apparel,Topwear,Sweatshirts,Grey,Fall,2011.0,Casual,Wrangler Men Printed Grey Sweatshirt
15623,Women,Apparel,Topwear,Sweatshirts,Purple,Fall,2011.0,Casual,Nike Women AS Squad Fleece FZ Hoody Purple Sweatshirts
13998,Men,Apparel,Topwear,Sweatshirts,White,Fall,2011.0,Sports,Nike Men Printed White Sweatshirts
16282,Men,Apparel,Topwear,Sweatshirts,White,Fall,2011.0,Casual,Superman Men White Sweatshirt
15027,Women,Apparel,Topwear,Sweatshirts,Pink,Fall,2011.0,Casual,ADIDAS Women Solid Pink Sweatshirts
16207,Men,Apparel,Topwear,Sweatshirts,Grey,Fall,2011.0,Casual,Puma Men Cheveron Wording Grey SweatShirt
17907,Men,Apparel,Topwear,Sweatshirts,Black,Fall,2011.0,Casual,Nike Men Sptcas Black Sweatshirt
12536,Women,Apparel,Topwear,Sweatshirts,Black,Fall,2011.0,Casual,Puma Women Solid Black Sweatshirts
19171,Men,Apparel,Topwear,Sweatshirts,Grey,Fall,2011.0,Casual,United Colors of Benetton Men Printed Grey Sweatshirt
19328,Men,Apparel,Topwear,Sweatshirts,Maroon,Fall,2011.0,Casual,Myntra Men Maroon Sweatshirt
20206,Women,Apparel,Topwear,Sweatshirts,Black,Fall,2011.0,Casual,Wrangler Women Ann Black Sweatshirt
19476,Men,Apparel,Topwear,Sweatshirts,Black,Summer,2012.0,Casual,Quiksilver Men Black Casual Sweatshirt
16909,Men,Apparel,Topwear,Sweatshirts,Grey,Fall,2011.0,Casual,Status Quo Men Solid Grey Sweatshirt
23137,Men,Apparel,Topwear,Sweatshirts,Beige,Fall,2011.0,Casual,Quechua Men Warm Fleece Beige Sweatshirt
23147,Women,Apparel,Topwear,Sweatshirts,Black,Fall,2011.0,Casual,Quechua Women Fleece Black Sweatshirt
17908,Men,Apparel,Topwear,Sweatshirts,Blue,Fall,2011.0,Casual,Nike Men Sptcas Blue Sweatshirt
18521,Women,Apparel,Topwear,Sweatshirts,Black,Summer,2015.0,Casual,C Vox Women Solid 1355 Black Sweatshirt
14985,Men,Apparel,Topwear,Sweatshirts,Blue,Fall,2011.0,Casual,ADIDAS Men Printed Blue Sweatshirts
18963,Women,Apparel,Topwear,Sweatshirts,Black,Fall,2011.0,Casual,United Colors of Benetton Women Solid Black Sweatshirt
16274,Men,Apparel,Topwear,Sweatshirts,Green,Fall,2011.0,Casual,Free Authority Men Stripes Green Sweatshirts
16910,Men,Apparel,Topwear,Sweatshirts,Blue,Fall,2011.0,Casual,Mr. Men Men Printed Blue Sweatshirt
15371,Women,Apparel,Topwear,Sweatshirts,Purple,Fall,2011.0,Casual,Urban Yoga Women Solid Purple Sweatshirts
19550,Men,Apparel,Topwear,Sweatshirts,Black,Fall,2011.0,Casual,United Colors of Benetton Men Solid Black SweatShirt
14626,Women,Apparel,Topwear,Sweatshirts,Red,Fall,2011.0,Casual,United Colors of Benetton Women Solid Red Sweat Shirts
19325,Men,Apparel,Topwear,Sweatshirts,Grey,Fall,2011.0,Casual,Myntra Men Solid Grey Sweatshirt
13089,Men,Apparel,Topwear,Sweatshirts,Grey,Fall,2011.0,Sports,ADIDAS Men Lfc Auth Hood Grey Sweatshirts
23142,Men,Apparel,Topwear,Sweatshirts,Red,Fall,2011.0,Casual,Quechua Men Fleece Red Sweatshirt
20193,Men,Apparel,Topwear,Sweatshirts,Grey,Fall,2011.0,Casual,Wrangler Men Seattle Embro Grey Sweatshirt
21153,Men,Apparel,Topwear,Sweatshirts,Grey,Fall,2011.0,Casual,s.Oliver Men Printed Grey Sweatshirt
11276,Men,Apparel,Topwear,Sweatshirts,Maroon,Fall,2011.0,Sports,Nike Men Running Maroon Sweatshirt
23140,Women,Apparel,Topwear,Sweatshirts,Grey,Fall,2011.0,Casual,Quechua Women  Fleece Grey Sweatshirt
16905,Men,Apparel,Topwear,Sweatshirts,Green,Fall,2011.0,Casual,Status Quo Men Solid Green Sweatshirt
23539,Men,Apparel,Topwear,Sweatshirts,White,Fall,2011.0,Casual,Classic Polo Men White Sweatshirt
16907,Men,Apparel,Topwear,Sweatshirts,Navy Blue,Fall,2011.0,Casual,Status Quo Men Solid Navy Blue Sweatshirt
19668,Men,Apparel,Topwear,Sweatshirts,Blue,Fall,2011.0,Casual,United Colors of Benetton Men Blue Printed Sweatshirt
24290,Men,Apparel,Topwear,Sweatshirts,Red,Summer,2012.0,Casual,Quiksilver Men Red Printed Sweatshirt
16281,Men,Apparel,Topwear,Sweatshirts,Grey,Fall,2011.0,Casual,Batman Men Batman Grey Sweatshirts
19327,Men,Apparel,Topwear,Sweatshirts,Navy Blue,Fall,2011.0,Casual,Myntra Men Solid Blue Sweatshirt
13833,Men,Apparel,Topwear,Sweatshirts,Black,Fall,2011.0,Casual,Puma Men Printed Black Sweatshirts
19810,Men,Apparel,Topwear,Sweatshirts,Purple,Fall,2011.0,Casual,U.S. Polo Assn. Men Stripes Purple Sweatshirt
19548,Men,Apparel,Topwear,Sweatshirts,Purple,Fall,2011.0,Casual,United Colors of Benetton Men Solid Purple Sweatshirt
13102,Men,Apparel,Topwear,Sweatshirts,White,Fall,2011.0,Casual,ADIDAS Men Sf Striped Hood White Sweatshirts
46411,Men,Apparel,Topwear,Sweatshirts,Black,Summer,2012.0,Casual,ADIDAS Men Black Sweatshirt
15629,Men,Apparel,Topwear,Sweatshirts,Navy Blue,Fall,2011.0,Casual,Nike Men AS Squad Fleece FZ Hoody Navy Blue Sweatshirts
13225,Men,Apparel,Topwear,Sweatshirts,Blue,Fall,2011.0,Casual,Palm Tree Kids Boys Printed Blue Sweatshirts
12730,Men,Apparel,Topwear,Sweatshirts,Blue,Fall,2011.0,Casual,Timberland Men Solid Blue Sweatshirts
24606,Men,Apparel,Topwear,Sweatshirts,Blue,Fall,2011.0,Casual,Proline Men Blue Sweatshirt
9973,Men,Apparel,Topwear,Sweatshirts,White,Fall,2011.0,Sports,Nike Men As Arsenal Co White Sweatshirts
20199,Men,Apparel,Topwear,Sweatshirts,Navy Blue,Fall,2011.0,Casual,Wrangler Men Falcon Navy Sweatshirt
14628,Women,Apparel,Topwear,Sweatshirts,Blue,Fall,2011.0,Casual,United Colors of Benetton Women Solid Blue Sweat Shirts
19662,Men,Apparel,Topwear,Sweatshirts,Blue,Fall,2011.0,Casual,United Colors of Benetton Men Printed Blue Sweatshirt
20211,Women,Apparel,Topwear,Sweatshirts,Green,Fall,2011.0,Casual,Wrangler Women Green Sweatshirt
19950,Men,Apparel,Topwear,Sweatshirts,Olive,Fall,2011.0,Casual,Puma Men Solid Olive Sweatshirt
9684,Men,Apparel,Topwear,Sweatshirts,Grey,Fall,2011.0,Casual,ADIDAS Men Cress Logohood Grey Sweatshirts
17913,Men,Apparel,Topwear,Sweatshirts,Grey,Fall,2011.0,Casual,Nike Men Casual Grey Sweatshirt
9976,Men,Apparel,Topwear,Sweatshirts,Black,Fall,2011.0,Sports,Nike Men Manu Core Black Sweatshirts
15624,Women,Apparel,Topwear,Sweatshirts,Grey,Fall,2011.0,Casual,Nike Women AS Squad Fleece FZ Hoody Grey Sweatshirts
16276,Men,Apparel,Topwear,Sweatshirts,Navy Blue,Fall,2011.0,Casual,Batman Men Batman Navy Blue Sweatshirts
19639,Women,Apparel,Topwear,Sweatshirts,Olive,Fall,2011.0,Casual,United Colors of Benetton Women Solid Olive Sweatshirt
20342,Men,Apparel,Topwear,Sweatshirts,Purple,Fall,2011.0,Casual,Proline Men Solid Purple Sweatshirt
18202,Men,Apparel,Topwear,Sweatshirts,Grey,Fall,2011.0,Casual,Nike Men AS Squad Fleec LS Crew Grey Sweatshirt
19003,Women,Apparel,Topwear,Sweatshirts,Red,Summer,2011.0,Casual,ADIDAS Originals Women Trefoil Hoodie Red Sweatshirt
22609,Women,Apparel,Topwear,Sweatshirts,Pink,Fall,2011.0,Casual,Nike Women Pink Sweatshirts
9992,Men,Apparel,Topwear,Sweatshirts,Navy Blue,Fall,2011.0,Sports,Nike Men As Squad Flc Navy Blue Sweatshirts
11386,Women,Apparel,Topwear,Sweatshirts,Green,Fall,2011.0,Casual,United Colors Of Benetton Women Light Winter Green Sweatshirts
19326,Men,Apparel,Topwear,Sweatshirts,Blue,Fall,2011.0,Casual,Myntra Men Solid Blue Sweatshirt
15016,Men,Apparel,Topwear,Sweatshirts,Grey,Fall,2011.0,Sports,ADIDAS Men Solid Grey Sweatshirts
24303,Men,Apparel,Topwear,Sweatshirts,Charcoal,Fall,2011.0,Casual,ADIDAS Men Printed Charcoal Sweatshirt
20337,Men,Apparel,Topwear,Sweatshirts,Red,Fall,2011.0,Sports,Nike Men Solid Red Sweatshirt
18865,Men,Apparel,Topwear,Sweatshirts,Red,Fall,2011.0,Casual,Puma Men Red Sports Heritage Sweatshirt
15600,Men,Apparel,Topwear,Sweatshirts,Grey,Fall,2011.0,Casual,Nike Men Casual Grey Sweatshirts
17909,Men,Apparel,Topwear,Sweatshirts,Black,Fall,2011.0,Casual,Nike Men Sptcas Black Sweatshirt
20202,Men,Apparel,Topwear,Sweatshirts,Grey,Fall,2011.0,Casual,Wrangler Men Glow Grey Sweatshirt
18176,Boys,Apparel,Topwear,Sweatshirts,Green,Fall,2011.0,Casual,Doodle Kids-Boys Flap 02 Green Sweatshirt
15041,Men,Apparel,Topwear,Sweatshirts,Grey,Fall,2011.0,Casual,ADIDAS Men Printed Grey Sweatshirts
18964,Women,Apparel,Topwear,Sweatshirts,Grey,Fall,2011.0,Casual,United Colors of Benetton Women Solid Dark Grey Sweatshirt
25020,Men,Apparel,Topwear,Sweatshirts,Black,Fall,2011.0,Sports,Nike Men Poly Fleece Black Sweatshirt
16228,Men,Apparel,Topwear,Sweatshirts,Grey,Fall,2011.0,Casual,Puma Men Logo Crew  Grey SweatShirt
13289,Men,Apparel,Topwear,Sweatshirts,Black,Fall,2011.0,Casual,Gini and Jony Kids Boys Printed Black Sweatshirts
15602,Men,Apparel,Topwear,Sweatshirts,Black,Summer,2012.0,Casual,Nike Men Casual Black Sweatshirts
19145,Men,Apparel,Topwear,Sweatshirts,Red,Fall,2011.0,Casual,United Colors of Benetton Men Solid Red SweatShirt
12049,Men,Apparel,Topwear,Sweatshirts,Grey,Fall,2011.0,Casual,Spykar Men Solid Grey Sweatshirts
11416,Men,Apparel,Topwear,Sweatshirts,Black,Fall,2011.0,Casual,United Colors of Benetton Men Black Sweatshirt
11385,Women,Apparel,Topwear,Sweatshirts,Black,Fall,2011.0,Casual,United Colors Of Benetton Women Light Winter Black Sweatshirts
19682,Women,Apparel,Topwear,Sweatshirts,Purple,Summer,2011.0,Casual,United Colors of Benetton Women Purple Sweatshirt
14110,Men,Apparel,Topwear,Sweatshirts,Navy Blue,Fall,2011.0,Casual,Flying Machine Men Printed Navy Blue Sweatshirts
19552,Men,Apparel,Topwear,Sweatshirts,Purple,Fall,2011.0,Casual,United Colors of Benetton Men Solid Purple SweatShirt
23876,Men,Apparel,Topwear,Sweatshirts,Blue,Fall,2011.0,Casual,ADIDAS Men Blue Sweatshirt
20198,Men,Apparel,Topwear,Sweatshirts,Blue,Fall,2011.0,Casual,Wrangler Men North Carolina Blue Sweatshirt
19640,Women,Apparel,Topwear,Sweatshirts,Purple,Fall,2011.0,Casual,United Colors of Benetton Women Solid Purple Sweatshirt
17905,Men,Apparel,Topwear,Sweatshirts,Black,Fall,2011.0,Casual,Nike Men Casual Black Sweatshirt
53754,Men,Apparel,Topwear,Sweatshirts,Olive,Summer,2012.0,Casual,ADIDAS Men Olive Chelsea FC Sweatshirt
16231,Men,Apparel,Topwear,Sweatshirts,Black,Fall,2011.0,Casual,Puma Men Ess Hooded Black Sweatshirt
13997,Men,Apparel,Topwear,Sweatshirts,Blue,Fall,2011.0,Sports,Nike Men Solid Blue Sweatshirts
54949,Men,Apparel,Topwear,Sweatshirts,Grey Melange,Summer,2012.0,Casual,Do u speak green Men Grey Sweatshirt
18962,Women,Apparel,Topwear,Sweatshirts,Pink,Fall,2011.0,Casual,United Colors of Benetton Women Printed Pink Sweatshirt
12531,Women,Apparel,Topwear,Sweatshirts,Pink,Fall,2011.0,Casual,Puma Women Solid Pink Sweatshirts
20207,Women,Apparel,Topwear,Sweatshirts,Green,Fall,2011.0,Casual,Wrangler Women Ann Green Sweatshirt
22642,Men,Apparel,Topwear,Sweatshirts,Blue,Fall,2011.0,Casual,Nike Men Printed Blue Sweatshirt
16202,Men,Apparel,Topwear,Sweatshirts,Black,Fall,2011.0,Casual,Puma Men Logo Hooded Black SweatShirt
16208,Men,Apparel,Topwear,Sweatshirts,Black,Fall,2011.0,Casual,Puma Men Cheveron Wording Black SweatShirt
21476,Women,Apparel,Topwear,Sweatshirts,Grey,Winter,2012.0,Casual,Roxy Women Grey Printed Sweatshirt
17910,Men,Apparel,Topwear,Sweatshirts,Black,Fall,2011.0,Sports,Nike Men Sptcas Black Sweatshirt
24287,Men,Apparel,Topwear,Sweatshirts,Grey,Summer,2012.0,Casual,Quiksilver Men Grey Sweatshirt
9970,Men,Apparel,Topwear,Sweatshirts,Black,Fall,2011.0,Sports,Nike Men As Squad Ft C Black Sweatshirts
15015,Men,Apparel,Topwear,Sweatshirts,Black,Fall,2011.0,Sports,ADIDAS Men Printed Black Sweatshirts
2286,Men,Apparel,Topwear,Sweatshirts,Black,Fall,2010.0,Sports,Nike Men Black Sweatshirt
14108,Men,Apparel,Topwear,Sweatshirts,Brown,Fall,2011.0,Casual,Flying Machine Men Printed Brown Sweatshirts
18864,Men,Apparel,Topwear,Sweatshirts,Black,Fall,2011.0,Casual,Puma Men Sports Division Black Sweatshirt
16278,Men,Apparel,Topwear,Sweatshirts,Grey,Fall,2011.0,Casual,Pink Floyd Men Pink Floyd Grey Sweatshirts
16664,Men,Apparel,Topwear,Sweatshirts,Black,Fall,2011.0,Casual,Fila Men Squid Black Sweater
11399,Men,Apparel,Topwear,Sweatshirts,Grey,Fall,2011.0,Casual,United Colors of Benetton Men Grey Sweatshirt
18863,Men,Apparel,Topwear,Sweatshirts,Red,Fall,2011.0,Casual,Puma Men Heritage Red Sweatshirt
15317,Men,Apparel,Topwear,Sweatshirts,Navy Blue,Fall,2011.0,Casual,Nike Men Solid Navy Blue Sweatshirts
20785,Men,Apparel,Topwear,Sweatshirts,White,Fall,2011.0,Casual,Classic Polo Men Striped White Sweatshirt
14622,Women,Apparel,Topwear,Sweatshirts,Black,Fall,2011.0,Casual,United Colors of Benetton Women Stripes Black Sweat Shirts
7704,Women,Apparel,Topwear,Tops,Red,Fall,2011.0,Casual,Jealous 21 Women's She's Got Attitude Red Top
4920,Women,Apparel,Topwear,Tops,Pink,Summer,2011.0,Casual,Gini and Jony Girl's Veeya Pink Infant Kidswear
30946,Women,Apparel,Topwear,Tops,Blue,Summer,2012.0,Ethnic,Fabindia Women Blue Cambric Top
4884,Women,Apparel,Topwear,Tops,Purple,Summer,2011.0,Casual,Levis Kids Girl's Darcy Purple Teens Kidswear
48504,Women,Apparel,Topwear,Tops,Blue,Summer,2012.0,Casual,French Connection Women Blue Top
38848,Women,Apparel,Topwear,Tops,Grey,Summer,2012.0,Casual,Latin Quarters Women Grey Top
58007,Women,Apparel,Topwear,Tops,Mustard,Fall,2012.0,Casual,Latin Quarters Women Chartreuse Yellow Top
34574,Women,Apparel,Topwear,Tops,Black,Summer,2012.0,Casual,Tonga Women Printed Black Top
7154,Women,Apparel,Topwear,Tops,Grey,Fall,2011.0,Casual,Scullers For Her Women's Fashion Summer Lite Ash Grey Top
42235,Women,Apparel,Topwear,Tops,Black,Summer,2012.0,Casual,Sepia Women Black Top
5012,Women,Apparel,Topwear,Tops,Pink,Summer,2011.0,Casual,Gini and Jony Girl's Peggy Pink Kidswear
21416,Women,Apparel,Topwear,Tops,Pink,Winter,2012.0,Casual,Roxy Women Pink Top
26917,Women,Apparel,Topwear,Tops,Purple,Summer,2012.0,Casual,Jealous 21 Women Printed Purple Top
40990,Girls,Apparel,Topwear,Tops,White,Summer,2012.0,Casual,Palm Tree Girls Milan White Top
41972,Girls,Apparel,Topwear,Tops,Blue,Summer,2012.0,Casual,Gini and Jony Girls Summer Up Blue Top
43624,Women,Apparel,Topwear,Tops,White,Summer,2012.0,Casual,Vero Moda Women White Top
33179,Women,Apparel,Topwear,Tops,Blue,Summer,2012.0,Casual,Sepia Women Blue Top
28473,Women,Apparel,Topwear,Tops,Turquoise Blue,Summer,2012.0,Casual,Urban Yoga Women Printed Turquoise Blue Top
45949,Women,Apparel,Topwear,Tops,White,Summer,2012.0,Casual,Tokyo Talkies Women White Top
25542,Women,Apparel,Topwear,Tops,Yellow,Summer,2012.0,Casual,Wrangler Women Striper Tank Yellow Top
38343,Girls,Apparel,Topwear,Tops,White,Summer,2012.0,Casual,Mr. Men Little Miss Girls White Tops
40409,Women,Apparel,Topwear,Tops,Black,Summer,2012.0,Casual,Tonga Women Black & Cream-Coloured Striped Top
18173,Girls,Apparel,Topwear,Tops,Magenta,Fall,2011.0,Casual,Doodle Kids Girls Layer Magenta Top
16137,Women,Apparel,Topwear,Tops,Pink,Fall,2011.0,Casual,Tokyo Talkies Women Printed Pink Top
33169,Women,Apparel,Topwear,Tops,Yellow,Summer,2012.0,Casual,Sepia Women Yellow Top
5130,Women,Apparel,Topwear,Tops,Black,Summer,2011.0,Casual,Wrangler Women Woodstock Black White Top
13443,Women,Apparel,Topwear,Tops,White,Summer,2011.0,Casual,United Colors of Benetton Women Solid White Tops
43924,Women,Apparel,Topwear,Tops,Grey,Summer,2012.0,Casual,Femella Women Grey Top
43584,Girls,Apparel,Topwear,Tops,Pink,Summer,2012.0,Casual,Gini and Jony Girls Pink Top
4901,Women,Apparel,Topwear,Tops,Pink,Summer,2011.0,Casual,Levis Kids Girl's Desiree Pink Kidswear
50705,Women,Apparel,Topwear,Tops,Cream,Summer,2012.0,Casual,Latin Quarters Women Cream Printed Top
10336,Women,Apparel,Topwear,Tops,Black,Fall,2011.0,Casual,United Colors of Benetton Women Stripes Black Tops
31122,Girls,Apparel,Topwear,Tops,White,Summer,2012.0,Casual,Gini and Jony Girls Printed White Top
5136,Women,Apparel,Topwear,Tops,Pink,Summer,2011.0,Casual,Wrangler Women Yoke Tucks Checks Pink White Top
7312,Women,Apparel,Topwear,Tops,Pink,Summer,2011.0,Casual,UCB Women's Short Sleeve Polo Pink Top
26359,Women,Apparel,Topwear,Tops,Black,Summer,2012.0,Casual,Arrow Women Black Top
39216,Women,Apparel,Topwear,Tops,Black,Summer,2012.0,Casual,Femella Women Animal Print One Shoulder Black & Brown Top
57107,Women,Apparel,Topwear,Tops,Olive,Summer,2012.0,Casual,Elle Women Green Essentials Top
12851,Women,Apparel,Topwear,Tops,Black,Fall,2011.0,Casual,Ant Kids Crystal Button Black Tops
18743,Women,Apparel,Topwear,Tops,Orange,Fall,2011.0,Casual,Arrow Woman Cameron Orange Top
19620,Women,Apparel,Topwear,Tops,Olive,Summer,2011.0,Casual,United Colors of Benetton Women Solid Olive Top
41377,Women,Apparel,Topwear,Tops,Yellow,Summer,2012.0,Casual,Wrangler Women Yellow Maria Top
13295,Women,Apparel,Topwear,Tops,Pink,Fall,2011.0,Casual,Gini and Jony Kids Girls Printed Pink Tops
41762,Women,Apparel,Topwear,Tops,Multi,Summer,2012.0,Casual,Remanika Women Multi Coloured Top
45981,Women,Apparel,Topwear,Tops,Grey Melange,Summer,2012.0,Casual,Tokyo Talkies Women Grey Melange Printed Top
7362,Women,Apparel,Topwear,Tops,Blue,Summer,2011.0,Casual,UCB Women's Graphic Print Sequins Blue Top
8492,Women,Apparel,Topwear,Tops,Peach,Fall,2011.0,Casual,Forever New Women Peony Peach Top
17850,Women,Apparel,Topwear,Tops,Grey,Fall,2011.0,Casual,Flying Machine Women Sequins Grey Top
26890,Women,Apparel,Topwear,Tops,Pink,Summer,2012.0,Casual,Jealous 21 Women Printed Pink Top
24942,Girls,Apparel,Topwear,Tops,Black,Summer,2012.0,Casual,United Colors of Benetton Kids Girls Black Top
18753,Women,Apparel,Topwear,Tops,Blue,Fall,2011.0,Casual,Arrow Woman Megan Blue Top
39231,Women,Apparel,Topwear,Tops,Peach,Summer,2012.0,Casual,Femella Women Peach Top
10715,Women,Apparel,Topwear,Tops,Black,Fall,2011.0,Casual,Nike Women Training sports bra Black Tops
2956,Women,Apparel,Topwear,Tops,Yellow,Fall,2010.0,Casual,DUSG Women Rishikesh Organic Wheat Top
39849,Girls,Apparel,Topwear,Tops,Blue,Summer,2012.0,Casual,Gini and Jony Girls Striped Blue Top
50719,Girls,Apparel,Topwear,Tops,Red,Summer,2012.0,Casual,Doodle Girls Red Printed Top
4885,Women,Apparel,Topwear,Tops,Purple,Summer,2011.0,Casual,Levis Kids Girl's Darcy Purple Kidswear
7206,Women,Apparel,Topwear,Tops,White,Fall,2011.0,Casual,Jealous 21 Women's Pink Flowers Offwhite Top
41785,Women,Apparel,Topwear,Tops,Purple,Summer,2012.0,Casual,Remanika Women Purple Top
40423,Women,Apparel,Topwear,Tops,White,Summer,2012.0,Casual,Tonga Women White Top
7208,Women,Apparel,Topwear,Tops,White,Fall,2011.0,Casual,Jealous 21 Women's Flower Printed White Top
58514,Women,Apparel,Topwear,Tops,Grey,Summer,2012.0,Casual,Tonga Women Grey Top
5009,Women,Apparel,Topwear,Tops,Blue,Summer,2011.0,Casual,Gini and Jony Girl's Pacey Blue Kidswear
9156,Women,Apparel,Topwear,Tops,Purple,Fall,2011.0,Casual,Jealous 21 Women Lavender Purple Tops
48090,Women,Apparel,Topwear,Tops,Olive,Summer,2012.0,Casual,French Connection Women Olive Top
14136,Women,Apparel,Topwear,Tops,Black,Summer,2011.0,Casual,Jealous 21 Women Stripes Black Tops
5108,Women,Apparel,Topwear,Tops,Blue,Summer,2011.0,Casual,Wrangler Women Yoke Tucks Check Blue Black Top
7304,Women,Apparel,Topwear,Tops,Pink,Summer,2011.0,Casual,UCB Women's Short Sleeve Pink Top
42245,Women,Apparel,Topwear,Tops,Pink,Summer,2012.0,Casual,Sepia Women Pink Top
10677,Women,Apparel,Topwear,Tops,Pink,Fall,2011.0,Casual,Doodle Girl Flap doodle angel Pink Tops
33540,Women,Apparel,Topwear,Tops,Red,Summer,2012.0,Casual,Wrangler Women Maddy Red Top
51458,Women,Apparel,Topwear,Tops,Black,Summer,2012.0,Casual,Tonga Women Black Top
6897,Women,Apparel,Topwear,Tops,Cream,Summer,2011.0,Casual,Forever New Women Embellishments Cream Top
35445,Girls,Apparel,Topwear,Tops,Pink,Summer,2012.0,Casual,Doodle Girls Pink Top
58498,Women,Apparel,Topwear,Tops,White,Summer,2012.0,Casual,Tonga Women Printed White Top
33762,Women,Apparel,Topwear,Tops,Pink,Summer,2012.0,Casual,Vero Moda Women Viva Pink Top
34001,Women,Apparel,Topwear,Tops,Brown,Summer,2012.0,Casual,Femella Women Brown Top
31783,Women,Apparel,Topwear,Tops,Purple,Summer,2012.0,Casual,Lee Women Purple Paula Pansy Top
34094,Girls,Apparel,Topwear,Tops,Lime Green,Summer,2012.0,Casual,Doodle Girls Printed Lime Green Top
23053,Women,Apparel,Topwear,Tops,Purple,Fall,2011.0,Casual,Arrow Woman Purple Printed Top
35984,Women,Apparel,Topwear,Tops,Blue,Summer,2012.0,Casual,Flying Machine Women Printed Cobalt Blue Top
27854,Women,Apparel,Topwear,Tops,Maroon,Summer,2012.0,Casual,Scullers For Her Women Maroon Top
24924,Women,Apparel,Topwear,Tops,Blue,Summer,2012.0,Casual,United Colors of Benetton Women Blue Top
43688,Girls,Apparel,Topwear,Tops,Pink,Summer,2012.0,Casual,Doodle Girls Pink Top
42218,Women,Apparel,Topwear,Tops,Blue,Summer,2012.0,Casual,Sepia Women Blue Printed Top
7313,Women,Apparel,Topwear,Tops,White,Summer,2011.0,Casual,UCB Women Sleeveless White Top
19615,Women,Apparel,Topwear,Tops,Olive,Summer,2011.0,Casual,United Colors of Benetton Women Solid Olive Top
7203,Women,Apparel,Topwear,Tops,Blue,Fall,2011.0,Casual,Jealous 21 Women Lady With The Hat Blue Top
5759,Women,Apparel,Topwear,Tops,Black,Summer,2011.0,Casual,Jealous 21 Women Black Party Top
11755,Women,Apparel,Topwear,Tops,White,Summer,2011.0,Casual,Lee Women Solid White Shirts
11439,Women,Apparel,Topwear,Tops,Navy Blue,Fall,2011.0,Casual,United Colors of Benetton Women Solid Navy Blue Top
5109,Women,Apparel,Topwear,Tops,Black,Summer,2011.0,Casual,Wrangler Women Long Polka White Red Top
19593,Women,Apparel,Topwear,Tops,Brown,Fall,2011.0,Casual,United Colors of Benetton Women Printed Brown Top
31792,Women,Apparel,Topwear,Tops,Orange,Summer,2012.0,Casual,Lee Women Apple Coral Top
13335,Women,Apparel,Topwear,Tops,Pink,Fall,2011.0,Casual,Gini and Jony Kids Girls Printed Pink Tops
3967,Women,Apparel,Topwear,Tops,Pink,Summer,2011.0,Casual,Jealous 21 Women Pink & Beige Long Top
57817,Women,Apparel,Topwear,Tops,Green,Fall,2012.0,Casual,United Colors of Benetton Women Green Top
26921,Women,Apparel,Topwear,Tops,Black,Summer,2012.0,Casual,Jealous 21 Women Black Top
44703,Women,Apparel,Topwear,Tops,Cream,Summer,2012.0,Casual,Wills Lifestyle Women Cream Top
52164,Women,Apparel,Topwear,Tops,Purple,Summer,2012.0,Casual,Femella Women Purple Top
4907,Women,Apparel,Topwear,Tops,Green,Summer,2011.0,Casual,Palm Tree Girl's Linnea White Green Kidswear
44810,Women,Apparel,Topwear,Tops,Purple,Summer,2012.0,Casual,Spykar Women Purple Top
9332,Women,Apparel,Topwear,Tops,White,Fall,2011.0,Casual,Puma Women Ess Striped White Tops
48492,Women,Apparel,Topwear,Tops,Beige,Winter,2011.0,Casual,French Connection Women Beige Top
38331,Girls,Apparel,Topwear,Tops,White,Summer,2012.0,Casual,Hannah Montana Girls White Top
59872,Women,Apparel,Topwear,Tops,Grey,Fall,2012.0,Casual,Femella Women Grey Top
5794,Women,Apparel,Topwear,Tops,Black,Summer,2011.0,Casual,Jealous 21 Women Party Black Top
4618,Women,Apparel,Topwear,Tops,Pink,Summer,2011.0,Casual,Jealous 21 Women Knit Design Pink Top
18734,Women,Apparel,Topwear,Tops,Off White,Fall,2011.0,Casual,Arrow Woman Bow Off White Top
57111,Women,Apparel,Topwear,Tops,Blue,Summer,2012.0,Casual,Elle Women Blue Top
35261,Women,Apparel,Topwear,Tops,White,Summer,2012.0,Casual,Lee Women Jennifer White Top
37190,Women,Apparel,Topwear,Tops,Black,Summer,2012.0,Casual,United Colors of Benetton Women Black Top
19647,Women,Apparel,Topwear,Tops,Pink,Summer,2011.0,Casual,United Colors of Benetton Women Solid Pink Top
41378,Women,Apparel,Topwear,Tops,Black,Summer,2012.0,Casual,Wrangler Women Maria Black Top
20005,Women,Apparel,Topwear,Tops,Blue,Fall,2011.0,Casual,United Colors of Benetton Women Blue Printed Top
40373,Women,Apparel,Topwear,Tops,White,Summer,2012.0,Casual,Tokyo Talkies Women White Top
39746,Girls,Apparel,Topwear,Tops,Black,Summer,2012.0,Casual,Gini Jony Girls Black Top
8433,Women,Apparel,Topwear,Tops,Brown,Fall,2011.0,Casual,Jealous 21 Women Jealous Ebony Brown Top Brown Tops
38945,Girls,Apparel,Topwear,Tops,White,Summer,2012.0,Casual,Gini and Jony Girls Printed White Top
18900,Women,Apparel,Topwear,Tops,Black,Fall,2011.0,Casual,Arrow Woman Igor Black Top
51459,Women,Apparel,Topwear,Tops,White,Summer,2012.0,Casual,Tonga Women White Top
8452,Women,Apparel,Topwear,Tops,Blue,Fall,2011.0,Casual,Jealous 21 Women Jealous Rain Blue Top Blue Tops
26878,Women,Apparel,Topwear,Tops,Yellow,Summer,2012.0,Casual,Jealous 21 Women Printed Yellow Top
12608,Women,Apparel,Topwear,Tops,Maroon,Fall,2011.0,Casual,Jealous 21 Women Printed Maroon Tops
44697,Women,Apparel,Topwear,Tops,Red,Fall,2012.0,Casual,Wills Lifestyle Red & White Checked Top
26956,Women,Apparel,Topwear,Tops,Black,Summer,2012.0,Casual,Jealous 21 Women Black Top
29169,Women,Apparel,Topwear,Tops,Blue,Summer,2012.0,Casual,United Colors of Benetton Women Blue Top
57170,Women,Apparel,Topwear,Tops,Black,Summer,2012.0,Casual,Elle Women Black Retro Top
44809,Women,Apparel,Topwear,Tops,Black,Summer,2012.0,Casual,Spykar Women Black Top
36751,Girls,Apparel,Topwear,Tops,White,Summer,2012.0,Casual,Little Miss Girls Blah White Top
20016,Women,Apparel,Topwear,Tops,Pink,Summer,2012.0,Casual,United Colors of Benetton Women Printed Pink Top
32381,Women,Apparel,Topwear,Tops,Lavender,Summer,2012.0,Casual,Arrow Woman Lavender Top
5750,Women,Apparel,Topwear,Tops,Red,Summer,2011.0,Casual,Jealous 21 Women V Neck Sequined Red Top
6198,Women,Apparel,Topwear,Tops,Black,Summer,2011.0,Casual,UCB Women Basic Spaghetti Black Top
36207,Girls,Apparel,Topwear,Tops,White,Summer,2012.0,Casual,Gini Jony Girls Printed White Top
42205,Women,Apparel,Topwear,Tops,Blue,Summer,2012.0,Casual,Sepia Women Blue Top
59399,Women,Apparel,Topwear,Tops,Yellow,Fall,2012.0,Casual,Tokyo Talkies Women Yellow Top
54941,Women,Apparel,Topwear,Tops,Teal,Summer,2012.0,Casual,Do u speak green Women Teal Top
24577,Women,Apparel,Topwear,Tops,White,Fall,2011.0,Casual,Flying Machine Women White Printed Top
14627,Women,Apparel,Topwear,Tops,Grey,Fall,2011.0,Casual,United Colors of Benetton Women Solid Grey Tops
21111,Women,Apparel,Topwear,Tops,Purple,Fall,2011.0,Casual,s.Oliver Women Check Purple Top
57165,Women,Apparel,Topwear,Tops,Magenta,Summer,2012.0,Casual,Elle Women Magenta Clash Top
8448,Women,Apparel,Topwear,Tops,Grey,Fall,2011.0,Casual,Jealous 21 Women about my style Purple Top
40993,Girls,Apparel,Topwear,Tops,Pink,Summer,2012.0,Casual,Gini and Jony Girls Pink Striped Top
21165,Women,Apparel,Topwear,Tops,Navy Blue,Fall,2011.0,Casual,s.Oliver Women Layered Navy Blue Top
57126,Women,Apparel,Topwear,Tops,Red,Summer,2012.0,Casual,Elle Women Printed Red Top
41971,Girls,Apparel,Topwear,Tops,Blue,Summer,2012.0,Casual,Gini and Jony Girls Summer Up Blue Top
13471,Women,Apparel,Topwear,Tops,Blue,Summer,2011.0,Casual,United Colors of Benetton Women Solid Blue Tunic
27899,Women,Apparel,Topwear,Tops,Purple,Summer,2012.0,Casual,Scullers For Her Women Purple Top
26914,Women,Apparel,Topwear,Tops,Pink,Summer,2012.0,Casual,Jealous 21 Women Printed Pink Top
25891,Women,Apparel,Topwear,Tops,Beige,Summer,2012.0,Casual,Femella Women Beige Top
24976,Women,Apparel,Topwear,Tops,Peach,Summer,2012.0,Casual,United Colors of Benetton Women Peach Top
26905,Women,Apparel,Topwear,Tops,Off White,Summer,2012.0,Casual,Jealous 21 Women Off White Top
9334,Women,Apparel,Topwear,Tops,Black,Fall,2011.0,Casual,Puma Women Heroes Graphic Black Tops
6597,Women,Apparel,Topwear,Tops,Green,Summer,2011.0,Casual,Spykar Women's Round Neck Green Top
33153,Girls,Apparel,Topwear,Tops,White,Summer,2012.0,Casual,Gini and Jony Girls Printed White Top
50708,Women,Apparel,Topwear,Tops,Yellow,Summer,2012.0,Casual,Latin Quarters Women Yellow Striped Top
1978,Women,Apparel,Topwear,Tops,Yellow,Fall,2010.0,Casual,Puma Women Yellow Sleeveless Top
48516,Women,Apparel,Topwear,Tops,Pink,Summer,2012.0,Casual,French Connection Women Pink Top
11364,Women,Apparel,Topwear,Tops,Magenta,Fall,2011.0,Casual,United Colors of Benetton Women Magenta Top
40376,Women,Apparel,Topwear,Tops,Yellow,Summer,2012.0,Casual,Tokyo Talkies Women Yellow Top
2591,Women,Apparel,Topwear,Tops,Black,Summer,2011.0,Casual,Tribord Women Tankini Black Top
45955,Women,Apparel,Topwear,Tops,Blue,Summer,2012.0,Casual,Tokyo Talkies Women Blue Top
27851,Women,Apparel,Topwear,Tops,Orange,Summer,2012.0,Casual,Scullers For Her Orange Top
2938,Women,Apparel,Topwear,Tops,Multi,Fall,2010.0,Casual,DUSG Women Crane Bamboo Top
52118,Women,Apparel,Topwear,Tops,White,Summer,2012.0,Casual,Myntra Women Multi Coloured Printed Top
48513,Women,Apparel,Topwear,Tops,Black,Summer,2012.0,Casual,French Connection Women Black Top
42221,Women,Apparel,Topwear,Tops,Blue,Summer,2012.0,Casual,Sepia Women Blue Top
11369,Women,Apparel,Topwear,Tops,Pink,Fall,2011.0,Casual,United Colors Of Benetton Women Light Winter Pink Tops
48503,Women,Apparel,Topwear,Tops,Cream,Summer,2012.0,Casual,French Connection Women Cream Top
26876,Women,Apparel,Topwear,Tops,White,Summer,2012.0,Casual,Jealous 21 Women White Top
32596,Women,Apparel,Topwear,Tops,Peach,Summer,2012.0,Casual,ONLY Women Peach Long Tank Top
36731,Girls,Apparel,Topwear,Tops,Pink,Summer,2012.0,Casual,Gini and Jony Girls Striped Pink Top
10506,Women,Apparel,Topwear,Tops,Red,Fall,2011.0,Casual,Flying Machine Women Fuschia Red Tshirts
33152,Girls,Apparel,Topwear,Tops,Green,Summer,2012.0,Casual,Gini and Jony Girls Printed Green Top
45972,Women,Apparel,Topwear,Tops,Red,Summer,2012.0,Casual,Tokyo Talkies Women Red Printed Top
7146,Women,Apparel,Topwear,Tops,Red,Fall,2011.0,Casual,Scullers For Her Women's Wow Knit Red Top
45781,Women,Apparel,Topwear,Tops,Black,Summer,2012.0,Casual,Remanika Women Black and White Top
8461,Women,Apparel,Topwear,Tops,Pink,Fall,2011.0,Casual,Jealous 21 Women Jealous Caley Pink Top Pink Tops
10403,Women,Apparel,Topwear,Tops,Purple,Fall,2011.0,Casual,Jealous 21 Women Uri Purple Tops
48510,Women,Apparel,Topwear,Tops,Beige,Summer,2012.0,Casual,French Connection Women Beige & Blue Striped Top
23624,Girls,Apparel,Topwear,Tops,White,Fall,2011.0,Casual,Doodle Kids Girls White I love Shopping Top
41775,Women,Apparel,Topwear,Tops,Green,Summer,2012.0,Casual,Remanika Women Lime Green Top
4911,Women,Apparel,Topwear,Tops,Pink,Summer,2011.0,Casual,Levis Kids Girl's Dionne Pink Kidswear
7181,Women,Apparel,Topwear,Tops,White,Fall,2011.0,Casual,Jealous 21 Women Off White Flower Printed Top
6609,Men,Apparel,Topwear,Tops,White,Summer,2011.0,Casual,Spykar Men's Stripes White Top
20247,Women,Apparel,Topwear,Tops,Magenta,Summer,2012.0,Casual,Wrangler Women Striped Purple Top
11435,Women,Apparel,Topwear,Tops,White,Fall,2011.0,Casual,United Colors of Benetton Women Light Winter White Tops
31172,Girls,Apparel,Topwear,Tops,Peach,Summer,2012.0,Casual,Gini and Jony Girls Peach Top
4908,Women,Apparel,Topwear,Tops,Red,Summer,2011.0,Casual,Levis Kids Girl's Darcy Red Teens Kidswear
9333,Women,Apparel,Topwear,Tops,White,Fall,2011.0,Casual,Puma Women Edition White Tops
5772,Women,Apparel,Topwear,Tops,Purple,Summer,2011.0,Casual,Jealous 21 Women's Purple Graphic Top
34007,Girls,Apparel,Topwear,Tops,Pink,Summer,2012.0,Casual,Gini and Jony Girls Pink Top
5777,Women,Apparel,Topwear,Tops,Blue,Summer,2011.0,Casual,Jealous 21 Women Blue Floral Top
33541,Women,Apparel,Topwear,Tops,Navy Blue,Summer,2012.0,Casual,Wrangler Women Rosy Navy Blue Top
2915,Women,Apparel,Topwear,Tops,White,Fall,2010.0,Casual,DUSG Women Bandhavgarh Organic Aqua Top
16130,Women,Apparel,Topwear,Tops,Pink,Fall,2011.0,Casual,Tokyo Talkies Women Printed Pink Top
57122,Women,Apparel,Topwear,Tops,White,Summer,2012.0,Casual,Elle Women White Tops
40395,Women,Apparel,Topwear,Tops,White,Summer,2012.0,Casual,Tonga Women White & Grey Striped Top
43536,Women,Apparel,Topwear,Tops,Peach,Summer,2012.0,Casual,French Connection Women Peach Top
7427,Women,Apparel,Topwear,Tops,Black,Summer,2011.0,Casual,W Women's Deep U Neck Short Sleeve Black Top
40403,Women,Apparel,Topwear,Tops,Beige,Summer,2012.0,Casual,Tonga Women Beige & Brown Top
21168,Women,Apparel,Topwear,Tops,Blue,Fall,2011.0,Casual,s.Oliver Women Check Blue Top
19575,Women,Apparel,Topwear,Tops,Black,Summer,2011.0,Casual,United Colors of Benetton Women Solid Black Top
5780,Women,Apparel,Topwear,Tops,Purple,Summer,2011.0,Casual,Jealous 21 Women. Graphic Purple Top
11442,Women,Apparel,Topwear,Tops,Purple,Fall,2011.0,Casual,United Colors of Benetton Women Light Winter Purple Tops
39222,Women,Apparel,Topwear,Tops,Black,Summer,2012.0,Casual,Femella Women Front Ruffle Black Top
59796,Women,Apparel,Topwear,Tops,Blue,Fall,2012.0,Casual,United Colors of Benetton Women Multi Coloured Top
43619,Women,Apparel,Topwear,Tops,Yellow,Summer,2012.0,Casual,Vero Moda Women Yellow Top
3964,Women,Apparel,Topwear,Tops,Blue,Summer,2011.0,Casual,Jealous 21 Women Blue V Neck Party Top
9996,Women,Apparel,Topwear,Tops,Blue,Summer,2011.0,Casual,Palm Tree Girls Sp Jelly Top Blue Tops
42233,Women,Apparel,Topwear,Tops,Blue,Summer,2012.0,Casual,Sepia Women Blue Top
43654,Women,Apparel,Topwear,Tops,Cream,Summer,2012.0,Casual,ONLY Women Cream Printed Top
11381,Women,Apparel,Topwear,Tops,Multi,Fall,2011.0,Casual,United Colors of Benetton Women Multi Coloured Top
12850,Women,Apparel,Topwear,Tops,Green,Fall,2011.0,Casual,Ant Kids Girl Cheerful Green Tops
43661,Women,Apparel,Topwear,Tops,Brown,Summer,2012.0,Casual,ONLY Women Brown Top
18722,Women,Apparel,Topwear,Tops,White,Fall,2011.0,Casual,Arrow Woman Squirella White Top
45942,Women,Apparel,Topwear,Tops,Pink,Summer,2012.0,Casual,Mumbai Slang Women Pink Top
26897,Women,Apparel,Topwear,Tops,White,Summer,2012.0,Casual,Jealous 21 Women White Top
11355,Women,Apparel,Topwear,Tops,Black,Fall,2011.0,Casual,United Colors Of Benetton Women Light Winter Black Tops
31123,Girls,Apparel,Topwear,Tops,White,Summer,2012.0,Casual,Gini and Jony Girls Printed White Top
32401,Women,Apparel,Topwear,Tops,White,Summer,2012.0,Casual,Arrow Woman Printed Multi Coloured Top
19608,Women,Apparel,Topwear,Tops,Olive,Summer,2011.0,Casual,United Colors of Benetton Women Solid Olive Top
7207,Women,Apparel,Topwear,Tops,Pink,Fall,2011.0,Casual,Jealous 21 Women Black Flower Print Pink Top
34580,Women,Apparel,Topwear,Tops,Black,Summer,2012.0,Casual,Tonga Women Black Top
2703,Girls,Apparel,Topwear,Tops,Pink,Summer,2011.0,Casual,Disney Kids Girl's Check Pink Kidswear
43700,Women,Apparel,Topwear,Tops,Green,Summer,2012.0,Casual,Remanika Women Green Top
5414,Girls,Apparel,Topwear,Tops,Purple,Summer,2011.0,Casual,Ant Kids Girl's Purple Top With Sequins Kidswear
54084,Women,Apparel,Topwear,Tops,Blue,Summer,2012.0,Casual,Mumbai Slang Women Blue Top
18716,Women,Apparel,Topwear,Tops,Black,Fall,2011.0,Casual,Arrow Woman Shanna Black Top
5171,Women,Apparel,Topwear,Tops,Red,Summer,2011.0,Casual,Wrangler Women's Short Placket Red Tops
25691,Women,Apparel,Topwear,Tops,Navy Blue,Summer,2012.0,Casual,Mumbai Slang Women Printed Navy Blue Top
26902,Women,Apparel,Topwear,Tops,Lavender,Summer,2012.0,Casual,Jealous 21 Women Printed Lavender Top
5765,Women,Apparel,Topwear,Tops,Black,Summer,2011.0,Casual,Jealous 21 Women Black Sleevless Top
19674,Women,Apparel,Topwear,Tops,Black,Summer,2011.0,Casual,United Colors of Benetton Women Printed Black Top
38290,Girls,Apparel,Topwear,Tops,Turquoise Blue,Summer,2012.0,Casual,Kids Ville Girls Turquoise Blue Top
54991,Women,Apparel,Topwear,Tops,Peach,Fall,2012.0,Casual,Femella Women Peach Kaftan Top
51460,Women,Apparel,Topwear,Tops,White,Summer,2012.0,Casual,Tonga Women White & Black Top
54089,Women,Apparel,Topwear,Tops,Purple,Summer,2012.0,Casual,Mumbai Slang Women Purple Top
43923,Women,Apparel,Topwear,Tops,Blue,Summer,2012.0,Casual,Femella Women Blue Top
19635,Women,Apparel,Topwear,Tops,Brown,Fall,2011.0,Casual,United Colors Of Benetton Women Brown Top
42565,Women,Apparel,Topwear,Tops,Green,Summer,2012.0,Casual,Mother Earth Women Green Top
7310,Women,Apparel,Topwear,Tops,Pink,Summer,2011.0,Casual,UCB Women's Short Sleeve Round Neck Pink Top
5869,Women,Apparel,Topwear,Tops,Yellow,Summer,2011.0,Casual,ADIDAS Women's Clean Yellow Top
33218,Women,Apparel,Topwear,Tops,Multi,Summer,2012.0,Casual,Sepia Women Printed Multi Coloured Top
45970,Women,Apparel,Topwear,Tops,Grey Melange,Summer,2012.0,Casual,Tokyo Talkies Women Grey Melange Printed Top
10354,Women,Apparel,Topwear,Tops,Blue,Fall,2011.0,Casual,United Colors of Benetton Women Checks Blue Tops
40941,Girls,Apparel,Topwear,Tops,Pink,Summer,2012.0,Casual,Gini and Jony Girls Pretty Pink Top
11258,Women,Apparel,Topwear,Tops,Black,Fall,2011.0,Sports,Puma Women Black Essential Racerback Tank Top
44814,Women,Apparel,Topwear,Tops,Maroon,Summer,2012.0,Casual,Spykar Women Maroon Top
38575,Men,Apparel,Bottomwear,Track Pants,Black,Summer,2012.0,Sports,Nike Men Breakline Black Track Pants
18869,Women,Apparel,Bottomwear,Track Pants,Black,Fall,2011.0,Casual,Puma Women Black Core Track Pants
29020,Men,Apparel,Bottomwear,Track Pants,Grey,Summer,2013.0,Sports,ADIDAS Men Grey Track Pants
14392,Men,Apparel,Bottomwear,Track Pants,Black,Fall,2011.0,Casual,Puma Ess Sweat Pants Track Pant
7887,Men,Apparel,Bottomwear,Track Pants,Blue,Fall,2011.0,Casual,Proline Men Blue Track Pants
4774,Women,Apparel,Bottomwear,Track Pants,Pink,Summer,2011.0,Sports,ADIDAS Women 3S Pink Track Pants
5027,Men,Apparel,Bottomwear,Track Pants,Black,Summer,2011.0,Sports,ADIDAS Men's Long Black Capris
1604,Women,Apparel,Bottomwear,Track Pants,Blue,Fall,2010.0,Sports,Reebok Track Pants Women Blue
44917,Men,Apparel,Bottomwear,Track Pants,Blue,Summer,2012.0,Casual,Puma Men Blue Track Pants
30605,Men,Apparel,Bottomwear,Track Pants,Grey,Summer,2012.0,Casual,Nike Men Classic Jersey Grey Track Pants
34203,Men,Apparel,Bottomwear,Track Pants,Charcoal,Winter,2013.0,Casual,Proline Men Charcoal Grey Track Pants
2118,Men,Apparel,Bottomwear,Track Pants,Black,Fall,2010.0,Sports,ADIDAS Men's Foamy Striped Track Pants
43081,Women,Apparel,Bottomwear,Track Pants,Navy Blue,Summer,2012.0,Casual,Nike Women Navy Blue Track Pant
25033,Men,Apparel,Bottomwear,Track Pants,Grey,Summer,2011.0,Sports,Nike Men Grey Track Pant
7126,Women,Apparel,Bottomwear,Track Pants,Grey,Fall,2011.0,Casual,Urban Yoga Women Bottom Grey Track Pant
17993,Women,Apparel,Bottomwear,Track Pants,Grey,Fall,2009.0,Sports,Puma Women Essential Skinny Grey Track Pant
30616,Women,Apparel,Bottomwear,Track Pants,Black,Summer,2012.0,Sports,Nike Women Black Track Pants
44630,Men,Apparel,Bottomwear,Track Pants,Charcoal,Summer,2012.0,Sports,Nike Men Charcoal Track Pants
2114,Women,Apparel,Bottomwear,Track Pants,Black,Fall,2010.0,Sports,ADIDAS Women Essential Black Candy Pants
8763,Women,Apparel,Bottomwear,Track Pants,Grey,Fall,2011.0,Sports,Puma Women's Jersey Grey Track Pant
26260,Men,Apparel,Bottomwear,Track Pants,Grey,Summer,2012.0,Sports,Proline Men Grey Track Pants
2255,Men,Apparel,Bottomwear,Track Pants,Brown,Fall,2010.0,Sports,ADIDAS Men Brown Track Pant
10751,Men,Apparel,Bottomwear,Track Pants,Grey,Fall,2011.0,Sports,Nike Men Breakline Grey Track Pants
23870,Men,Apparel,Bottomwear,Track Pants,Black,Fall,2011.0,Casual,ADIDAS Men Black  Track Pant
11125,Women,Apparel,Bottomwear,Track Pants,Black,Fall,2011.0,Sports,Urban Yoga Women Solid Black Track Pants
43083,Women,Apparel,Bottomwear,Track Pants,Black,Summer,2012.0,Casual,Nike Women Black  Track Pants
26259,Men,Apparel,Bottomwear,Track Pants,Navy Blue,Summer,2012.0,Sports,Proline Men Navy Track Pants
28501,Men,Apparel,Bottomwear,Track Pants,Navy Blue,Summer,2012.0,Sports,Urban Yoga Men Navy Blue Track Pants
15622,Men,Apparel,Bottomwear,Track Pants,Black,Summer,2012.0,Casual,Nike Men AD Breakline OH Black Track Pants
15611,Men,Apparel,Bottomwear,Track Pants,Navy Blue,Fall,2011.0,Casual,Nike Men Casual Navy Blue Track Pants
9076,Women,Apparel,Bottomwear,Track Pants,Blue,Fall,2011.0,Sports,ADIDAS Women Wo Basic Yo Pant Blue Trackpant
40108,Men,Apparel,Bottomwear,Track Pants,Black,Summer,2012.0,Casual,ADIDAS Men Black Pants
7486,Women,Apparel,Bottomwear,Track Pants,Navy Blue,Summer,2011.0,Sports,Nike Women's Be Bold Navy Blue Track Pant
44913,Men,Apparel,Bottomwear,Track Pants,White,Summer,2012.0,Casual,Puma Men White Track Pants
7133,Men,Apparel,Bottomwear,Track Pants,Grey,Fall,2011.0,Casual,Urban Yoga Men Bottom Grey Yoga Pants
53748,Women,Apparel,Bottomwear,Track Pants,Grey,Fall,2012.0,Casual,ADIDAS Women Grey Track Pants
2110,Women,Apparel,Bottomwear,Track Pants,Tan,Fall,2010.0,Sports,ADIDAS Women Very Berry Lycra Track Pants
6519,Men,Apparel,Bottomwear,Track Pants,Blue,Summer,2011.0,Sports,Nike Men Soccer Liga Black Track Pant
12537,Men,Apparel,Bottomwear,Track Pants,Grey,Fall,2011.0,Casual,Puma Men Solid Grey Track Pants
7889,Men,Apparel,Bottomwear,Track Pants,Grey,Fall,2011.0,Casual,Proline Men Grey Track Pants
11275,Men,Apparel,Bottomwear,Track Pants,Black,Fall,2011.0,Sports,Nike Men Crickt Black Track Pants
46745,Men,Apparel,Bottomwear,Track Pants,Charcoal,Summer,2012.0,Sports,Nike Men Black Track Pants
38574,Men,Apparel,Bottomwear,Track Pants,Grey,Summer,2012.0,Sports,Nike Men Grey Track Pants
9083,Women,Apparel,Bottomwear,Track Pants,Black,Fall,2011.0,Sports,ADIDAS Women Ess Cuffed Pant Black Trackpant
1607,Men,Apparel,Bottomwear,Track Pants,Blue,Fall,2010.0,Sports,Reebok Men trackpant- male Track Pants
3918,Men,Apparel,Bottomwear,Track Pants,Grey,Summer,2011.0,Casual,Urban Yoga Men Grey  Bottom Yoga Pants
28626,Men,Apparel,Bottomwear,Track Pants,Off White,Summer,2012.0,Sports,Nike Men Classic Fresher Off White Track Pants
6588,Women,Apparel,Bottomwear,Track Pants,Grey,Summer,2011.0,Sports,Nike Women's Bold Nylon Grey Track Pant
53740,Men,Apparel,Bottomwear,Track Pants,Grey,Summer,2012.0,Casual,ADIDAS Men Grey Track Pant
26256,Men,Apparel,Bottomwear,Track Pants,Grey,Summer,2012.0,Sports,Proline Men Grey Track Pants
8020,Men,Apparel,Bottomwear,Track Pants,Black,Fall,2011.0,Sports,Fila Men's Single Tipped Woven Black Red Track Pant
29023,Men,Apparel,Bottomwear,Track Pants,Black,Summer,2012.0,Sports,ADIDAS Men Black Track Pants
44632,Men,Apparel,Bottomwear,Track Pants,Grey,Summer,2012.0,Sports,Nike Men Grey AS Sideline Track Pants
40025,Men,Apparel,Bottomwear,Track Pants,Black,Summer,2012.0,Casual,ADIDAS Men Black Track Pants
3920,Men,Apparel,Bottomwear,Track Pants,Beige,Summer,2011.0,Casual,Urban Yoga Men's Yoga Beige Track Pant
4826,Men,Apparel,Bottomwear,Track Pants,Navy Blue,Summer,2011.0,Sports,ADIDAS Men's Woven Dark Navy White Track Pant
17996,Men,Apparel,Bottomwear,Track Pants,Navy Blue,Summer,2010.0,Sports,Puma Men Wind Navy Blue Track Pant
42113,Men,Apparel,Bottomwear,Track Pants,Navy Blue,Summer,2012.0,Sports,ADIDAS Men Navy Blue Track Pants
14029,Women,Apparel,Bottomwear,Track Pants,Grey,Fall,2011.0,Sports,Nike Women Solid Grey Track Pants
32644,Men,Apparel,Bottomwear,Track Pants,Black,Summer,2012.0,Sports,Nike Men Knit Black Track Pants
25034,Men,Apparel,Bottomwear,Track Pants,Navy Blue,Summer,2011.0,Sports,Nike Men Navy Blue Track Pants
1799,Men,Apparel,Bottomwear,Track Pants,White,Summer,2011.0,Sports,Domyos Men Blue & White Tracksuit
38573,Men,Apparel,Bottomwear,Track Pants,Navy Blue,Fall,2012.0,Sports,Nike Men AD Striker Navy Blue Track Pants
9772,Men,Apparel,Bottomwear,Track Pants,Grey,Fall,2011.0,Casual,ADIDAS Men Cress 3sswptch Grey Track Pants
14134,Women,Apparel,Bottomwear,Track Pants,Grey,Fall,2011.0,Sports,Nike Women Solid Grey Track Pants
40034,Men,Apparel,Bottomwear,Track Pants,Black,Summer,2012.0,Casual,ADIDAS Men Black Track Pants
9777,Men,Apparel,Bottomwear,Track Pants,Black,Fall,2011.0,Casual,ADIDAS Men Cress 3spespt Black Track Pants
26255,Men,Apparel,Bottomwear,Track Pants,Navy Blue,Summer,2012.0,Casual,Proline Men Navy Track Pants
17623,Men,Apparel,Bottomwear,Track Pants,Grey,Fall,2011.0,Sports,ADIDAS Men Solid Grey Track Pant
12810,Women,Apparel,Bottomwear,Track Pants,Black,Fall,2011.0,Sports,Nike Women Trainng Black Track Pants
22394,Women,Apparel,Bottomwear,Track Pants,Black,Fall,2011.0,Casual,ADIDAS Women Ess MF3S  Black Track Pant
21385,Men,Apparel,Bottomwear,Track Pants,Navy Blue,Fall,2011.0,Casual,Manchester United Men Solid Navy Blue Track Pants
46747,Men,Apparel,Bottomwear,Track Pants,Black,Summer,2012.0,Sports,Nike Men Black Track Pants
3482,Men,Apparel,Bottomwear,Track Pants,Blue,Summer,2011.0,Sports,ADIDAS Men's Light Blue Track Pant
4829,Men,Apparel,Bottomwear,Track Pants,Black,Summer,2011.0,Sports,ADIDAS Men's Black White Track Pant
7266,Men,Apparel,Bottomwear,Track Pants,Cream,Summer,2011.0,Casual,Timberland Men's Twill 5 Oats Beige Pant
7511,Women,Apparel,Bottomwear,Track Pants,Navy Blue,Summer,2011.0,Sports,Nike Women Be Strong Navy Blue Pant
32437,Men,Apparel,Bottomwear,Track Pants,Navy Blue,Summer,2012.0,Sports,ADIDAS Men Navy Blue Track Pants
15608,Men,Apparel,Bottomwear,Track Pants,Navy Blue,Spring,2014.0,Sports,Nike Navy Blue Team Woven     Training  Track Pants
1572,Men,Apparel,Bottomwear,Track Pants,Black,Fall,2010.0,Sports,Kalenji Mens Essential Training Track Pants
18866,Men,Apparel,Bottomwear,Track Pants,Grey,Fall,2011.0,Casual,Puma Men Solid Grey Core Sweat Pants
11277,Men,Apparel,Bottomwear,Track Pants,Blue,Fall,2011.0,Sports,Nike Men Crickt Blue Track Pants
15643,Men,Apparel,Bottomwear,Track Pants,Black,Fall,2011.0,Sports,Nike Men AS Team Woven Black Track Pants
38577,Men,Apparel,Bottomwear,Track Pants,Navy Blue,Summer,2012.0,Sports,Nike Men Breakline Navy Blue Track Pants
9754,Women,Apparel,Bottomwear,Track Pants,Black,Fall,2011.0,Casual,ADIDAS Women Ess Mf Yoga Black Pants
19574,Men,Apparel,Bottomwear,Track Pants,Grey,Summer,2011.0,Casual,United Colors of Benetton Men Solid Grey Track Pants
1883,Men,Apparel,Bottomwear,Track Pants,Grey,Winter,2010.0,Casual,FIFA Mens Heritage Collection Grey Track Pants
28630,Men,Apparel,Bottomwear,Track Pants,Grey,Summer,2012.0,Sports,Nike Men Pintuck Grey Track Pants
1884,Men,Apparel,Bottomwear,Track Pants,Navy Blue,Winter,2010.0,Casual,FIFA Mens 1905 Heritage Collection Track Pants
4825,Men,Apparel,Bottomwear,Track Pants,Grey,Summer,2011.0,Sports,ADIDAS Men's Woven Lead White Track Pant
44882,Men,Apparel,Bottomwear,Track Pants,Navy Blue,Summer,2012.0,Casual,Puma Men Navy Blue Track Pants
10023,Women,Apparel,Bottomwear,Track Pants,Grey,Fall,2011.0,Sports,Nike Women Regular Grey Track Pants
7695,Women,Apparel,Bottomwear,Track Pants,Red,Fall,2011.0,Casual,Urban Yoga Women's Bij Red Track Pant
3907,Women,Apparel,Bottomwear,Track Pants,Cream,Summer,2011.0,Casual,Urban Yoga Women's Fitted Yoga Cream Track Pant
44912,Men,Apparel,Bottomwear,Track Pants,Black,Summer,2012.0,Casual,Puma Men Black Track Pants
2223,Women,Apparel,Bottomwear,Track Pants,Black,Fall,2010.0,Sports,ADIDAS Women Stripe Black Track Pant
15631,Men,Apparel,Bottomwear,Track Pants,Navy Blue,Winter,2014.0,Sports,Nike Men Navy Cricket Track Pants
2116,Men,Apparel,Bottomwear,Track Pants,Black,Fall,2010.0,Sports,ADIDAS Men Smooth Striped Track Pants
16214,Men,Apparel,Bottomwear,Track Pants,Navy Blue,Fall,2011.0,Sports,Puma Men Heroes Navy Blue Track Pant
1999,Men,Apparel,Bottomwear,Track Pants,Grey,Fall,2010.0,Casual,Puma Men's Grey Track Pants
3906,Women,Apparel,Bottomwear,Track Pants,Black,Summer,2011.0,Casual,Urban Yoga Women's Fitted Yoga Black Track Pant
30604,Men,Apparel,Bottomwear,Track Pants,Black,Summer,2012.0,Casual,Nike Men Classic Jersey Black Track Pants
7128,Women,Apparel,Bottomwear,Track Pants,Black,Fall,2011.0,Casual,Urban Yoga Women Bottom Black Track Pant
7553,Men,Apparel,Bottomwear,Track Pants,Black,Summer,2011.0,Sports,Nike Men's Ope Black Track Pant
53741,Women,Apparel,Bottomwear,Track Pants,Black,Summer,2012.0,Casual,ADIDAS Women Black Track Pant
13108,Men,Apparel,Bottomwear,Track Pants,Blue,Fall,2011.0,Sports,ADIDAS Men Pant Climalite Blue Track Pants
44881,Men,Apparel,Bottomwear,Track Pants,Black,Summer,2012.0,Casual,Puma Men Black Track Pants
2558,Women,Apparel,Bottomwear,Track Pants,Black,Summer,2011.0,Casual,Domyos Women Trompette Track Pant
17625,Men,Apparel,Bottomwear,Track Pants,Black,Fall,2011.0,Sports,ADIDAS Men Solid Black Track Pant
4834,Men,Apparel,Bottomwear,Track Pants,Brown,Summer,2011.0,Sports,ADIDAS Men's Woven Sand Track Pant
3508,Men,Apparel,Bottomwear,Track Pants,White,Fall,2010.0,Sports,ADIDAS Men's White Black Tracksuit
7636,Men,Apparel,Bottomwear,Track Pants,Black,Fall,2011.0,Sports,Puma Men's Sweat Black Track Pant
3921,Men,Apparel,Bottomwear,Track Pants,Black,Summer,2011.0,Casual,Urban Yoga Men's Bottom Black Track Pant
11128,Men,Apparel,Bottomwear,Track Pants,Beige,Fall,2011.0,Sports,Urban Yoga Men Solid Beige Track Pants
38572,Men,Apparel,Bottomwear,Track Pants,Black,Fall,2012.0,Casual,Nike Men Black AD Striker Track Pants
46743,Men,Apparel,Bottomwear,Track Pants,Black,Summer,2012.0,Sports,Nike Men Black Track Pants
26316,Men,Apparel,Bottomwear,Track Pants,Navy Blue,Summer,2013.0,Sports,Proline Men Navy Track Pants
53749,Women,Apparel,Bottomwear,Track Pants,Black,Summer,2012.0,Casual,ADIDAS Women Black Track Pant
19011,Women,Apparel,Bottomwear,Track Pants,Purple,Summer,2011.0,Casual,ADIDAS Originals Women Flock Purple Track Pants
15612,Men,Apparel,Bottomwear,Track Pants,Grey,Fall,2011.0,Sports,Nike Men AS Thermal Grey Track Pants
7885,Men,Apparel,Bottomwear,Track Pants,Grey,Fall,2011.0,Casual,Proline Men Grey Track Pants
40043,Men,Apparel,Bottomwear,Track Pants,Black,Summer,2012.0,Casual,ADIDAS Men Black Track Pants
15480,Men,Apparel,Bottomwear,Track Pants,Brown,Fall,2011.0,Casual,Puma Men Ess Sweat Pants Open Bottom Brown Track Pants
53747,Men,Apparel,Bottomwear,Track Pants,Black,Summer,2012.0,Casual,ADIDAS Men Black Track Pant
7782,Men,Apparel,Bottomwear,Track Pants,Black,Fall,2011.0,Casual,Urban Yoga Men's Abhayas Black Track Pant
9080,Men,Apparel,Bottomwear,Track Pants,Grey,Fall,2011.0,Sports,ADIDAS Men Adna Revpt Grey Trackpant
29056,Women,Apparel,Bottomwear,Track Pants,Grey,Summer,2012.0,Sports,ADIDAS Women Grey Track Pants
7537,Men,Apparel,Bottomwear,Track Pants,Grey,Summer,2011.0,Sports,Nike Men's Classic Fresh Grey Track Pant
4828,Men,Apparel,Bottomwear,Track Pants,Grey,Summer,2011.0,Sports,ADIDAS Men's Cont Grey Track Pant
19573,Men,Apparel,Bottomwear,Track Pants,Blue,Summer,2011.0,Casual,United Colors of Benetton Men Solid Blue Track Pants
2113,Women,Apparel,Bottomwear,Track Pants,Grey,Fall,2010.0,Sports,ADIDAS Women's Essential Cinder Grey Capris
10012,Men,Apparel,Bottomwear,Track Pants,Navy Blue,Fall,2011.0,Sports,Nike Men's Breakli Navy Blue Track Pants
44914,Men,Apparel,Bottomwear,Track Pants,Blue,Summer,2012.0,Casual,Puma Men Blue Track Pants
17999,Men,Apparel,Bottomwear,Track Pants,Grey,Fall,2010.0,Casual,Puma Men Grey Track Pants
7549,Men,Apparel,Bottomwear,Track Pants,Black,Summer,2011.0,Sports,Nike Men Essenti Black Track Pant
16216,Men,Apparel,Bottomwear,Track Pants,Grey,Fall,2011.0,Casual,Puma Men Lifestyle  Grey Track Pant
17945,Men,Apparel,Bottomwear,Track Pants,Black,Fall,2011.0,Sports,Puma Men No. 1 logo Black Track Pant
18000,Men,Apparel,Bottomwear,Track Pants,Black,Fall,2010.0,Casual,Puma Men Black Track Pants
9077,Women,Apparel,Bottomwear,Track Pants,Pink,Fall,2011.0,Sports,ADIDAS Women Pink Track Pants
26314,Men,Apparel,Bottomwear,Track Pants,Black,Summer,2012.0,Sports,Proline Men Black Track Pants
8761,Women,Apparel,Bottomwear,Track Pants,Grey,Fall,2011.0,Sports,Puma Women's Script 3/4 Grey Track Pant
10011,Men,Apparel,Bottomwear,Track Pants,Grey Melange,Summer,2012.0,Sports,Nike Men Grey Melange Track Pants
18976,Men,Apparel,Bottomwear,Track Pants,Red,Summer,2011.0,Casual,ADIDAS Originals Men Firebird Red Track Pants
28519,Men,Apparel,Bottomwear,Track Pants,Black,Summer,2012.0,Sports,Nike Men Breakline Black Track Pants
34204,Men,Apparel,Bottomwear,Track Pants,Navy Blue,Fall,2013.0,Casual,Proline Men Navy Track Pants
44629,Men,Apparel,Bottomwear,Track Pants,Black,Summer,2012.0,Sports,Nike Men Black Running Track Pants
8388,Women,Apparel,Bottomwear,Track Pants,Black,Fall,2011.0,Sports,ADIDAS Women Wo Basic Black Track Pants
7487,Women,Apparel,Bottomwear,Track Pants,Black,Summer,2011.0,Sports,Nike Women Be Strong Black Track Pant
9084,Women,Apparel,Bottomwear,Track Pants,Grey,Fall,2011.0,Sports,ADIDAS Women Ess Cuffed Pant Grey Trackpant
8026,Men,Apparel,Bottomwear,Track Pants,Black,Fall,2011.0,Sports,Fila Men's Cont Pipping Cotton Lower Black White Track Pant
4827,Men,Apparel,Bottomwear,Track Pants,Black,Summer,2011.0,Sports,ADIDAS Men's Woven Black White Track Pant
3923,Men,Apparel,Bottomwear,Track Pants,Navy Blue,Summer,2011.0,Casual,Urban Yoga Men's Yoga Navy Track Pant
24331,Women,Apparel,Bottomwear,Track Pants,Grey,Fall,2011.0,Sports,ADIDAS Women Grey Track Pants
30651,Men,Apparel,Bottomwear,Track Pants,Black,Summer,2012.0,Sports,Nike Men Black Track Pants
17928,Men,Apparel,Bottomwear,Track Pants,Black,Fall,2011.0,Sports,Nike Men Casual Black Track Pant
17948,Men,Apparel,Bottomwear,Track Pants,Grey,Fall,2011.0,Sports,Puma Men South Africa  Grey Track Pant
11274,Men,Apparel,Bottomwear,Track Pants,Black,Fall,2011.0,Sports,Nike Men Crickt Black Track Pants
18006,Women,Apparel,Bottomwear,Track Pants,Black,Summer,2010.0,Sports,Puma Women Jersey Black Track Pant
7767,Men,Apparel,Bottomwear,Track Pants,Black,Summer,2011.0,Sports,Nike Men's As Vapor Wove Black Track Pants
3922,Men,Apparel,Bottomwear,Track Pants,Grey,Summer,2011.0,Casual,Urban Yoga Men Bottom Grey Melange Yoga Pants
2190,Men,Apparel,Bottomwear,Track Pants,Grey,Fall,2010.0,Sports,ADIDAS Men Lead Light Track Pant
7884,Men,Apparel,Bottomwear,Track Pants,Black,Fall,2011.0,Casual,Proline Men Black Track Pants
16222,Men,Apparel,Bottomwear,Track Pants,Black,Fall,2011.0,Sports,Puma Men Heroes Black Track Pant
16221,Men,Apparel,Bottomwear,Track Pants,Black,Fall,2011.0,Sports,Puma Men Heroes Black Track Pant
8022,Men,Apparel,Bottomwear,Track Pants,Navy Blue,Fall,2011.0,Sports,Fila Men's Single Tipped Woven Navy White Track Pant
31468,Men,Apparel,Bottomwear,Track Pants,Off White,Summer,2012.0,Sports,Nike Men Cricket Off White Track Pants
21380,Men,Apparel,Bottomwear,Track Pants,Grey,Fall,2011.0,Casual,Manchester United Men Solid Grey Track Pants
11126,Women,Apparel,Bottomwear,Track Pants,Blue,Fall,2011.0,Sports,Urban Yoga Women Solid Blue Track Pants
11129,Men,Apparel,Bottomwear,Track Pants,Blue,Fall,2011.0,Sports,Urban Yoga Men Solid Blue Track Pants
34205,Men,Apparel,Bottomwear,Track Pants,Grey Melange,Fall,2013.0,Sports,Proline Men Grey Melange Track Pants
53743,Women,Apparel,Bottomwear,Track Pants,Black,Summer,2012.0,Casual,ADIDAS Women Black Track Pant
4851,Women,Apparel,Bottomwear,Track Pants,Black,Summer,2011.0,Sports,ADIDAS Women's Tight Fresh Black Track Pant
8762,Women,Apparel,Bottomwear,Track Pants,Black,Fall,2011.0,Sports,Puma Women's Essential Workout Black Track Pant
34201,Men,Apparel,Bottomwear,Track Pants,Grey Melange,Summer,2012.0,Sports,Proline Men Grey Melange Track Pants
17902,Men,Apparel,Bottomwear,Track Pants,Navy Blue,Fall,2011.0,Sports,Nike Men Trainng Navy Blue Track Pant
15642,Men,Apparel,Bottomwear,Track Pants,Black,Winter,2014.0,Sports,Nike Black Dri-fit Cotton     Cricket  Track Pants
46748,Men,Apparel,Bottomwear,Track Pants,Grey,Summer,2012.0,Sports,Nike Men Grey Track Pants
26258,Men,Apparel,Bottomwear,Track Pants,Charcoal,Summer,2012.0,Sports,Proline Men Charcoal Grey Track Pants
3908,Women,Apparel,Bottomwear,Track Pants,Blue,Summer,2011.0,Casual,Urban Yoga Women's Fitted Yoga Blue Track Pant
6526,Women,Apparel,Bottomwear,Track Pants,Black,Summer,2011.0,Sports,Nike Women's Strong Poly Black Track Pant
32645,Men,Apparel,Bottomwear,Track Pants,Navy Blue,Summer,2012.0,Sports,Nike Men Knit Navy Blue Track Pants
9078,Men,Apparel,Bottomwear,Track Pants,Black,Spring,2013.0,Sports,ADIDAS Men Crkt Col Pant Black Trackpant
28450,Women,Apparel,Bottomwear,Track Pants,Grey,Summer,2012.0,Casual,Urban Yoga Women Grey Track Pants
40109,Men,Apparel,Bottomwear,Track Pants,Navy Blue,Summer,2012.0,Casual,ADIDAS Men Navy Blue Track Pants
9082,Men,Apparel,Bottomwear,Track Pants,Navy Blue,Fall,2011.0,Sports,ADIDAS Men Torment Pant Navy Blue Trackpant
2109,Women,Apparel,Bottomwear,Track Pants,Black,Fall,2010.0,Sports,ADIDAS Women's Slim Fit Lycra Track Pants
21379,Men,Apparel,Bottomwear,Track Pants,Black,Fall,2011.0,Casual,Manchester United Men Solid Black Track Pants
29041,Men,Apparel,Bottomwear,Track Pants,Navy Blue,Summer,2012.0,Sports,ADIDAS Men Navy Blue Track Pants
45489,Men,Apparel,Bottomwear,Track Pants,Navy Blue,Fall,2012.0,Casual,Fila Men Navy Blue Track Pants
28500,Men,Apparel,Bottomwear,Track Pants,Grey,Summer,2012.0,Sports,Urban Yoga Men Grey Track Pants
34199,Men,Apparel,Bottomwear,Track Pants,Charcoal,Summer,2012.0,Casual,Proline Men Charcoal Grey Track Pants
29042,Men,Apparel,Bottomwear,Track Pants,Black,Fall,2013.0,Sports,ADIDAS Men Black Track Pants
28496,Men,Apparel,Bottomwear,Track Pants,Grey,Summer,2012.0,Casual,Urban Yoga Men Solid Grey Track Pants
2572,Women,Apparel,Bottomwear,Track Pants,Navy Blue,Summer,2011.0,Casual,Domyos Women Navy Blue Track Pants
7931,Men,Apparel,Bottomwear,Track Pants,Grey,Fall,2011.0,Sports,Puma Men Jersey Long Grey Track Pant
15632,Women,Apparel,Bottomwear,Track Pants,Black,Summer,2012.0,Sports,Nike Women AS Regular DF Cotton Black Track Pants
30607,Men,Apparel,Bottomwear,Track Pants,Charcoal,Fall,2012.0,Sports,Nike Men Charcoal Track Pants
32634,Women,Apparel,Bottomwear,Track Pants,Grey,Summer,2012.0,Sports,Nike Women Legend Slim Poly Grey Track Pants
32620,Men,Apparel,Bottomwear,Track Pants,Black,Summer,2015.0,Sports,Nike Black Team Woven     Training  Track Pants
40089,Men,Apparel,Bottomwear,Track Pants,White,Summer,2012.0,Casual,ADIDAS Men White Track Pants
2226,Women,Apparel,Bottomwear,Track Pants,Black,Fall,2010.0,Sports,ADIDAS Women Black Tracksuit
3917,Men,Apparel,Bottomwear,Track Pants,Grey,Summer,2011.0,Casual,Urban Yoga Men's Yoga Grey Track Pant
43082,Women,Apparel,Bottomwear,Track Pants,Grey,Summer,2012.0,Casual,Nike Women Grey Track Pants
17924,Men,Apparel,Bottomwear,Track Pants,Navy Blue,Fall,2011.0,Sports,Nike Men Casual Navy Blue Track Pant
34202,Men,Apparel,Bottomwear,Track Pants,Black,Fall,2013.0,Casual,Proline Men Black Track Pants
44631,Men,Apparel,Bottomwear,Track Pants,Black,Summer,2012.0,Sports,Nike Men Black Track Pants
12538,Men,Apparel,Bottomwear,Track Pants,Blue,Fall,2011.0,Casual,Puma Men Solid Blue Track Pants
22585,Men,Apparel,Bottomwear,Track Pants,Grey,Fall,2011.0,Casual,Nike Men Grey Track Pants
5457,Men,Apparel,Bottomwear,Track Pants,Navy Blue,Summer,2011.0,Sports,Nike Men's Perfect Navy Blue Track Pant
4832,Men,Apparel,Bottomwear,Track Pants,Yellow,Summer,2011.0,Sports,ADIDAS Men's Shale Yellow Track Pant
7131,Men,Apparel,Bottomwear,Track Pants,Black,Fall,2011.0,Casual,Urban Yoga Men Bottom Black Track Pants
28520,Men,Apparel,Bottomwear,Track Pants,Grey,Summer,2012.0,Sports,Nike Men Breakline Grey Track Pants
2112,Women,Apparel,Bottomwear,Track Pants,Black,Fall,2010.0,Sports,ADIDAS Women's Essential Black Capris
30617,Women,Apparel,Bottomwear,Track Pants,Grey,Summer,2012.0,Sports,Nike Women Grey Track Pants
7070,Men,Apparel,Bottomwear,Track Pants,Cream,Summer,2011.0,Casual,Timberland Men's Cycling Pod Chino Khaki Pant
26320,Men,Apparel,Bottomwear,Track Pants,Navy Blue,Summer,2012.0,Sports,Proline Men  Navy Blue Track Pants
26319,Men,Apparel,Bottomwear,Track Pants,Grey,Summer,2012.0,Sports,Proline Men  Grey Track Pants
8760,Women,Apparel,Bottomwear,Track Pants,Black,Fall,2011.0,Sports,Puma  Essential Workout Track Pants
53750,Women,Apparel,Bottomwear,Track Pants,Grey,Summer,2012.0,Casual,ADIDAS Women Dark Grey Track Pant
17903,Women,Apparel,Bottomwear,Track Pants,Grey,Fall,2011.0,Sports,Nike Women Trainng Grey Track Pant
46749,Men,Apparel,Bottomwear,Track Pants,Blue,Summer,2012.0,Sports,Nike Men Blue Track Pants
17995,Women,Apparel,Bottomwear,Track Pants,Grey,Summer,2010.0,Sports,Puma Women Essential Skinny Grey Track Pant
9785,Women,Apparel,Bottomwear,Track Pants,Navy Blue,Summer,2011.0,Sports,Urban Yoga Women Summer Bottoms Navy Blue Track Pants
1764,Women,Apparel,Bottomwear,Track Pants,Black,Fall,2010.0,Sports,Lotto Women Mid Cathy Track Pants
28499,Men,Apparel,Bottomwear,Track Pants,Black,Summer,2012.0,Sports,Urban Yoga Men Black Track Pants
4775,Women,Apparel,Bottomwear,Track Pants,Black,Summer,2011.0,Sports,ADIDAS Women 3S Black Track Pants
7783,Men,Apparel,Bottomwear,Track Pants,Black,Fall,2011.0,Casual,Urban Yoga Men Dhauti Black Track Pant
7182,Women,Apparel,Bottomwear,Track Pants,Blue,Fall,2011.0,Casual,Jealous 21 Women Dark Blue Jegging
21600,Men,Apparel,Bottomwear,Track Pants,Navy Blue,Fall,2011.0,Sports,Urban Yoga Men Solid Navy Blue Track Pants
7137,Men,Apparel,Bottomwear,Track Pants,Black,Fall,2011.0,Casual,Urban Yoga Men Bottoms Black Yoga Pants
53751,Women,Apparel,Bottomwear,Track Pants,Mauve,Summer,2012.0,Casual,ADIDAS Women Mauve Track Pant
9509,Men,Apparel,Bottomwear,Track Pants,Grey,Fall,2011.0,Casual,Puma Men N0 1Logo Open Grey Track Pants
6982,Men,Apparel,Bottomwear,Track Pants,Cream,Summer,2011.0,Casual,Timberland Men's Madbury Convertible Off White Pant
15485,Women,Apparel,Bottomwear,Track Pants,Black,Fall,2011.0,Sports,Puma Women TP Funky Workout Black Track Pants
16217,Men,Apparel,Bottomwear,Track Pants,Grey,Fall,2011.0,Casual,Puma Men Lifestyle  Grey Track Pant
12811,Men,Apparel,Bottomwear,Track Pants,Black,Summer,2012.0,Sports,Nike Men Dri-Fit Black Track Pants
7560,Women,Apparel,Bottomwear,Track Pants,Grey,Summer,2011.0,Sports,Nike Women's Be Strong Grey Track Pant
46746,Men,Apparel,Bottomwear,Track Pants,Navy Blue,Summer,2012.0,Sports,Nike Men Navy Blue Track Pants
3919,Men,Apparel,Bottomwear,Track Pants,Black,Summer,2011.0,Casual,Urban Yoga Men's Yoga Black Track Pant
26464,Men,Apparel,Bottomwear,Track Pants,Black,Summer,2012.0,Sports,Puma Men Black Track Pants
17997,Men,Apparel,Bottomwear,Track Pants,Black,Summer,2010.0,Sports,Puma Men Wind Black Track Pant
7134,Men,Apparel,Bottomwear,Track Pants,Navy Blue,Fall,2011.0,Casual,Urban Yoga Men Bottom Navy Yoga Pants
9776,Men,Apparel,Bottomwear,Track Pants,Grey,Fall,2011.0,Casual,ADIDAS Men Grey Track Pants
17929,Women,Apparel,Bottomwear,Track Pants,Grey,Fall,2011.0,Casual,Nike Women Casual Grey Track Pant
2115,Men,Apparel,Bottomwear,Track Pants,Black,Fall,2010.0,Sports,ADIDAS Men's Black Crest Track Pants
17947,Men,Apparel,Bottomwear,Track Pants,Blue,Fall,2011.0,Sports,Puma Men No. 1 logo Blue Track Pant
7178,Women,Apparel,Bottomwear,Track Pants,Blue,Fall,2011.0,Casual,Jealous 21 Women Medium Dark Blue Jegging
20372,Women,Apparel,Bottomwear,Track Pants,Purple,Fall,2011.0,Casual,Urban Yoga Women Solid Purple Track Pants
7136,Men,Apparel,Bottomwear,Track Pants,Green,Fall,2011.0,Casual,Urban Yoga Men Bottom Olive Green Yoga Pants
17994,Women,Apparel,Bottomwear,Track Pants,Navy Blue,Fall,2009.0,Sports,Puma Women Essential Skinny Navy Blue Track Pant
16800,Men,Apparel,Bottomwear,Trousers,Black,Fall,2011.0,Casual,Highlander Men Solid Black Trouser
16071,Men,Apparel,Bottomwear,Trousers,Beige,Fall,2011.0,Casual,Highlander Men Solid Beige Trouser
27614,Men,Apparel,Bottomwear,Trousers,Beige,Summer,2012.0,Casual,Scullers Men Beige Trousers
26817,Men,Apparel,Bottomwear,Trousers,Navy Blue,Summer,2012.0,Formal,Arrow Men Navy Blue Trousers
31570,Men,Apparel,Bottomwear,Trousers,Black,Summer,2012.0,Formal,Mark Taylor Men Striped Black Trousers
16020,Men,Apparel,Bottomwear,Trousers,Grey,Fall,2011.0,Casual,Turtle Solid Men Grey Trouser
48392,Men,Apparel,Bottomwear,Trousers,Navy Blue,Summer,2012.0,Casual,French Connection Men Navy Blue Trousers
48391,Men,Apparel,Bottomwear,Trousers,Grey,Summer,2012.0,Casual,French Connection Men Grey Trousers
43912,Women,Apparel,Bottomwear,Trousers,Black,Summer,2012.0,Casual,Femella Women Black Trousers
8835,Men,Apparel,Bottomwear,Trousers,Green,Summer,2011.0,Formal,Scullers Men Scul Green Trousers
16368,Men,Apparel,Bottomwear,Trousers,Charcoal,Fall,2011.0,Formal,Peter England Men Stripes Charcoal Trouser
39752,Boys,Apparel,Bottomwear,Trousers,Khaki,Summer,2012.0,Casual,Gini Jony Boys Khaki Trousers
57824,Women,Apparel,Bottomwear,Trousers,Green,Fall,2012.0,Casual,United Colors of Benetton Green Trouser
15122,Men,Apparel,Bottomwear,Trousers,Brown,Fall,2011.0,Formal,Arrow Men  Autoflex Brown Trousers
13288,Men,Apparel,Bottomwear,Trousers,Beige,Fall,2011.0,Casual,Gini and Jony Kids Solid Beige Trousers
26835,Men,Apparel,Bottomwear,Trousers,Brown,Summer,2012.0,Casual,Highlander Men Brown Trousers
26163,Men,Apparel,Bottomwear,Trousers,Grey,Summer,2012.0,Formal,John Miller Men Dark Grey Trousers
27183,Men,Apparel,Bottomwear,Trousers,Charcoal,Summer,2012.0,Formal,Mark Taylor Men Striped Charcoal Trousers
13855,Men,Apparel,Bottomwear,Trousers,Blue,Fall,2011.0,Formal,Indigo Nation Men Solid Blue Trousers
26384,Men,Apparel,Bottomwear,Trousers,Black,Summer,2012.0,Formal,Turtle Men Black Trousers
31562,Men,Apparel,Bottomwear,Trousers,Black,Summer,2012.0,Formal,Mark Taylor Men Striped Black Trousers
54225,Men,Apparel,Bottomwear,Trousers,Khaki,Summer,2012.0,Casual,Highlander Men Khaki Chinos
14714,Men,Apparel,Bottomwear,Trousers,Navy Blue,Fall,2011.0,Formal,Genesis Men Solid Navy Blue Trousers
31425,Men,Apparel,Bottomwear,Trousers,Grey,Summer,2012.0,Casual,Highlander Men Grey Trousers
31434,Men,Apparel,Bottomwear,Trousers,Grey,Summer,2012.0,Casual,Highlander Men Grey Trousers
16382,Men,Apparel,Bottomwear,Trousers,Charcoal,Fall,2011.0,Formal,Peter England Men Solid Grey Trouser
27919,Women,Apparel,Bottomwear,Trousers,Brown,Summer,2012.0,Formal,Scullers For Her Light Brown Trousers
26822,Men,Apparel,Bottomwear,Trousers,Olive,Summer,2012.0,Casual,Highlander Men Olive Trousers
27928,Women,Apparel,Bottomwear,Trousers,Beige,Summer,2012.0,Casual,Scullers For Her Beige Trouser
39795,Men,Apparel,Bottomwear,Trousers,Black,Summer,2012.0,Formal,Peter England Men Black Formal Trousers
16613,Men,Apparel,Bottomwear,Trousers,Grey,Fall,2011.0,Formal,Genesis Men Stripes Grey Trouser
11324,Men,Apparel,Bottomwear,Trousers,Black,Fall,2011.0,Smart Casual,United Colors of Benetton Men Black and Brown Checked Trousers
8904,Men,Apparel,Bottomwear,Trousers,White,Fall,2011.0,Formal,Indigo Nation Men ID Solid White Trousers
54896,Boys,Apparel,Bottomwear,Trousers,Olive,Summer,2012.0,Casual,Do u speak green Boys Olive Trousers
15749,Men,Apparel,Bottomwear,Trousers,Navy Blue,Fall,2011.0,Casual,Highlander Men Solid Navy Blue Trousers
16614,Men,Apparel,Bottomwear,Trousers,Brown,Fall,2011.0,Formal,Genesis Men Stripes Brown Trouser
12674,Men,Apparel,Bottomwear,Trousers,Olive,Fall,2011.0,Casual,Probase Men Solid Olive Cargos
11312,Men,Apparel,Bottomwear,Trousers,Beige,Fall,2011.0,Casual,Scullers Men Rugged Chinos Beige Trousers
23072,Men,Apparel,Bottomwear,Trousers,Navy Blue,Winter,2014.0,Formal,Arrow Men Navy Blue Solid Trousers
39792,Men,Apparel,Bottomwear,Trousers,Brown,Summer,2012.0,Formal,Peter England Men Brown Trousers
15687,Men,Apparel,Bottomwear,Trousers,Beige,Fall,2011.0,Casual,Highlander Men Classic Chinos Beige Trousers
27922,Women,Apparel,Bottomwear,Trousers,Olive,Summer,2012.0,Casual,Scullers Women Olive Trousers
29777,Men,Apparel,Bottomwear,Trousers,Black,Summer,2012.0,Casual,Basics Men Black Trousers
16060,Men,Apparel,Bottomwear,Trousers,Beige,Fall,2011.0,Casual,Highlander Men Solid Beige Trouser
39797,Men,Apparel,Bottomwear,Trousers,Black,Summer,2012.0,Formal,Peter England Men Black Formal Trousers
42251,Men,Apparel,Bottomwear,Trousers,Grey,Summer,2012.0,Casual,John Players Men Grey Trousers
16380,Men,Apparel,Bottomwear,Trousers,Brown,Fall,2011.0,Formal,Peter England Men Stripes Dark Brown Trouser
14699,Men,Apparel,Bottomwear,Trousers,Black,Fall,2011.0,Casual,Basics Men Black Trousers
27916,Women,Apparel,Bottomwear,Trousers,Grey,Summer,2012.0,Formal,Scullers For Her Grey Trousers
12285,Men,Apparel,Bottomwear,Trousers,Black,Fall,2011.0,Formal,Genesis Men Solid Black Trousers
21598,Men,Apparel,Bottomwear,Trousers,Black,Fall,2011.0,Formal,Arrow Men Solid Black Trousers
44289,Men,Apparel,Bottomwear,Trousers,Beige,Summer,2012.0,Formal,Indian Terrain Men Beige Trousers
31564,Men,Apparel,Bottomwear,Trousers,Charcoal,Summer,2012.0,Formal,Mark Taylor Men Striped Charcoal Trousers
31439,Men,Apparel,Bottomwear,Trousers,Olive,Summer,2012.0,Casual,HIghlander Men Olive Trousers
30921,Women,Apparel,Bottomwear,Trousers,Blue,Summer,2012.0,Ethnic,Fabindia Women Blue Harem Pants
43522,Women,Apparel,Bottomwear,Trousers,Navy Blue,Summer,2012.0,Formal,French Connection Women Navy Trouser
31474,Men,Apparel,Bottomwear,Trousers,Brown,Fall,2012.0,Casual,Black Coffee  Brown Formal Trousers
18198,Men,Apparel,Bottomwear,Trousers,Blue,Fall,2011.0,Casual,Highlander Men Solid Blue Trouser
8846,Men,Apparel,Bottomwear,Trousers,Cream,Summer,2011.0,Casual,Scullers Men Scul Cream Trousers
11264,Men,Apparel,Bottomwear,Trousers,Grey,Fall,2011.0,Casual,Indigo Nation Men TR Yarn Dyed Grey Trousers
15132,Men,Apparel,Bottomwear,Trousers,Black,Fall,2012.0,Casual,Arrow  Men Solid Black Trousers
41427,Men,Apparel,Bottomwear,Trousers,Black,Summer,2012.0,Casual,Highlander Men Black Trousers
27900,Women,Apparel,Bottomwear,Trousers,Beige,Summer,2012.0,Casual,Scullers For Her Women Beige Trousers
26160,Men,Apparel,Bottomwear,Trousers,Navy Blue,Summer,2012.0,Formal,John Miller Men  Navy Blue Trouser
14694,Men,Apparel,Bottomwear,Trousers,Green,Fall,2011.0,Casual,Basics Men Green Trousers
26145,Men,Apparel,Bottomwear,Trousers,Navy Blue,Summer,2012.0,Formal,John Miller Men Striped Navy Blue Trousers
32405,Women,Apparel,Bottomwear,Trousers,Navy Blue,Fall,2012.0,Formal,Arrow Woman Navy Blue Trousers
27905,Women,Apparel,Bottomwear,Trousers,Black,Summer,2012.0,Casual,Scullers For Her Black Trousers
14658,Men,Apparel,Bottomwear,Trousers,Beige,Fall,2011.0,Casual,Probase Men Check Grey Trousers
27621,Men,Apparel,Bottomwear,Trousers,Green,Summer,2012.0,Casual,Scullers Men Green Cargo Pants
14693,Men,Apparel,Bottomwear,Trousers,Black,Fall,2011.0,Casual,Basics Men Black Trousers
33300,Men,Apparel,Bottomwear,Trousers,White,Summer,2012.0,Casual,Arrow Sport Men White Trousers
27182,Men,Apparel,Bottomwear,Trousers,Brown,Summer,2012.0,Formal,Mark Taylor Men Striped Brown Trousers
16622,Men,Apparel,Bottomwear,Trousers,Khaki,Fall,2011.0,Casual,Probase Men Solid Khaki Trouser
27910,Women,Apparel,Bottomwear,Trousers,Black,Summer,2012.0,Casual,Scullers For Her Women Black Trousers
14657,Men,Apparel,Bottomwear,Trousers,Grey,Fall,2011.0,Casual,Probase Men Solid DK.Grey Trousers
8834,Men,Apparel,Bottomwear,Trousers,Brown,Summer,2011.0,Formal,Scullers Men Scul Brown Trousers
39808,Men,Apparel,Bottomwear,Trousers,Khaki,Spring,2013.0,Formal,Peter England Men Khaki Trousers
10257,Men,Apparel,Bottomwear,Trousers,Black,Fall,2011.0,Formal,John Miller Men Solid Type Black Trousers
10259,Men,Apparel,Bottomwear,Trousers,Black,Fall,2011.0,Formal,John Miller Men Reglur Black Trousers
16376,Men,Apparel,Bottomwear,Trousers,Black,Fall,2011.0,Formal,Peter England Men Stripes Black Trouser
15116,Men,Apparel,Bottomwear,Trousers,Grey,Fall,2011.0,Formal,Arrow Men TR Finish Grey Trousers
15115,Men,Apparel,Bottomwear,Trousers,Navy Blue,Fall,2012.0,Formal,Arrow Men TR Finish Navy Blue Trousers
8937,Men,Apparel,Bottomwear,Trousers,Brown,Summer,2011.0,Formal,Scullers Men Scul Brown Trousers
39765,Women,Apparel,Bottomwear,Trousers,Olive,Summer,2012.0,Casual,Arrow Woman Olive Trousers
26382,Men,Apparel,Bottomwear,Trousers,Brown,Summer,2012.0,Formal,Turtle Men Check Brown Trousers
37135,Men,Apparel,Bottomwear,Trousers,Cream,Summer,2012.0,Casual,Wills Lifestyle Men Cream Trousers
39812,Men,Apparel,Bottomwear,Trousers,Black,Summer,2012.0,Casual,Peter England Men Black Formal Trousers
57136,Women,Apparel,Bottomwear,Trousers,Black,Summer,2012.0,Casual,Elle Women Black Trousers
42348,Women,Apparel,Bottomwear,Trousers,Charcoal,Summer,2012.0,Casual,Flying Machine Women Back Trousers
12289,Men,Apparel,Bottomwear,Trousers,Black,Fall,2011.0,Formal,Genesis Men Solid Black Trousers
23088,Men,Apparel,Bottomwear,Trousers,Grey,Fall,2011.0,Casual,Arrow Sport Men Dk.Grey Brown Trousers
12344,Men,Apparel,Bottomwear,Trousers,Beige,Fall,2011.0,Formal,Reid & Taylor Men Solid Beige Trousers
29781,Men,Apparel,Bottomwear,Trousers,Charcoal,Summer,2013.0,Casual,Basics Men Steel Charcoal Trousers
16370,Men,Apparel,Bottomwear,Trousers,Grey,Fall,2011.0,Formal,Peter England Men Solid Grey Trouser
16369,Men,Apparel,Bottomwear,Trousers,Grey,Fall,2011.0,Formal,Peter England Men Solid Grey Trouser
29852,Men,Apparel,Bottomwear,Trousers,Brown,Summer,2012.0,Formal,Basics Men Dark Brown Trousers
11329,Men,Apparel,Bottomwear,Trousers,Grey,Fall,2011.0,Casual,United Colors of Benetton Men Solid Grey Trousers
40275,Men,Apparel,Bottomwear,Trousers,Beige,Summer,2012.0,Casual,Scullers Men Beige Trousers
13785,Men,Apparel,Bottomwear,Trousers,Black,Fall,2011.0,Formal,Belmonte Men Solid Black Trousers
27914,Women,Apparel,Bottomwear,Trousers,Brown,Summer,2012.0,Formal,Scullers For Her Women Brown Trousers
26819,Men,Apparel,Bottomwear,Trousers,Navy Blue,Summer,2012.0,Formal,Arrow Men Striped Navy Blue Trousers
26805,Men,Apparel,Bottomwear,Trousers,Black,Summer,2012.0,Formal,Arrow Men Black Flat Front Trousers
29402,Men,Apparel,Bottomwear,Trousers,Black,Summer,2012.0,Formal,Genesis Men Black Trousers
26810,Men,Apparel,Bottomwear,Trousers,Grey,Summer,2013.0,Formal,Arrow Men Grey Flat Front Trousers
16378,Men,Apparel,Bottomwear,Trousers,Charcoal,Fall,2011.0,Formal,Peter England Men Stripes Navy Blue Trouser
26837,Men,Apparel,Bottomwear,Trousers,Khaki,Summer,2012.0,Casual,Highlander Men Khaki Trousers
39103,Men,Apparel,Bottomwear,Trousers,Grey,Summer,2012.0,Formal,Reid & Taylor Men Grey Trouser
40276,Men,Apparel,Bottomwear,Trousers,Brown,Summer,2012.0,Casual,Scullers Men Brown Trousers
51487,Men,Apparel,Bottomwear,Trousers,Black,Summer,2012.0,Casual,Denizen Men Black Trousers
8948,Men,Apparel,Bottomwear,Trousers,Navy Blue,Fall,2011.0,Formal,Indigo Nation Men ID Printed Navy Blue Trousers
8837,Men,Apparel,Bottomwear,Trousers,Cream,Summer,2011.0,Casual,Scullers Men Scul Cream Trousers
9852,Men,Apparel,Bottomwear,Trousers,Beige,Fall,2011.0,Formal,Indian Terrain Men Jason Beige Trousers
12286,Men,Apparel,Bottomwear,Trousers,Navy Blue,Fall,2011.0,Formal,Genesis Men Solid Navy Blue Trousers
44665,Women,Apparel,Bottomwear,Trousers,Brown,Summer,2012.0,Casual,Wills Lifestyle Women Brown Trousers
26807,Men,Apparel,Bottomwear,Trousers,Grey,Summer,2013.0,Formal,Arrow Men Grey Striped Trousers
29778,Men,Apparel,Bottomwear,Trousers,Brown,Summer,2013.0,Casual,Basics Men Brown Trousers
40278,Men,Apparel,Bottomwear,Trousers,Brown,Summer,2012.0,Casual,Scullers Men Brown Trousers
26843,Men,Apparel,Bottomwear,Trousers,Grey,Summer,2012.0,Casual,Highlander Men Light Grey Trousers
12678,Men,Apparel,Bottomwear,Trousers,Black,Fall,2011.0,Casual,Probase Men Check Black Trousers
31476,Men,Apparel,Bottomwear,Trousers,Charcoal,Summer,2012.0,Casual,Black Coffee Men Striped Charcoal Trousers
17580,Men,Apparel,Bottomwear,Trousers,Navy Blue,Fall,2011.0,Casual,Mark Taylor Men Solid Navy Blue Trouser
38983,Men,Apparel,Bottomwear,Trousers,Charcoal,Summer,2012.0,Formal,Arrow Men Charcoal Striped Trousers
27920,Women,Apparel,Bottomwear,Trousers,Black,Summer,2012.0,Formal,Scullers For Her Black Trousers
16070,Men,Apparel,Bottomwear,Trousers,Khaki,Fall,2011.0,Casual,Highlander Men Solid Khaki Trouser
44667,Women,Apparel,Bottomwear,Trousers,Black,Summer,2012.0,Casual,Wills Lifestyle Women Black Trousers
14690,Men,Apparel,Bottomwear,Trousers,Grey,Fall,2011.0,Casual,Basics Men Grey Trousers
44664,Women,Apparel,Bottomwear,Trousers,Charcoal,Summer,2012.0,Formal,Wills Lifestyle Women Charcoal Trousers
29779,Men,Apparel,Bottomwear,Trousers,Khaki,Summer,2013.0,Casual,Basics Men Khaki Trousers
29845,Men,Apparel,Bottomwear,Trousers,Khaki,Summer,2012.0,Casual,Basics Men Khaki Trousers
31032,Men,Apparel,Bottomwear,Trousers,Grey,Summer,2012.0,Formal,Arrow New York Men Grey Trousers
26379,Men,Apparel,Bottomwear,Trousers,Olive,Summer,2012.0,Casual,Turtle Men Striped Grey Trousers
40282,Men,Apparel,Bottomwear,Trousers,Brown,Summer,2012.0,Casual,Scullers Men Brown Trousers
15111,Men,Apparel,Bottomwear,Trousers,Coffee Brown,Fall,2011.0,Formal,Arrow Men Stripes Coffee Brown Trousers
53228,Men,Apparel,Bottomwear,Trousers,Charcoal,Summer,2012.0,Formal,Mark Taylor Men Charcoal Grey Trousers
26136,Men,Apparel,Bottomwear,Trousers,Black,Summer,2012.0,Formal,John Miller Men Black Trousers
30919,Women,Apparel,Bottomwear,Trousers,Pink,Summer,2012.0,Ethnic,Fabindia Women Pink Harem Pants
44290,Men,Apparel,Bottomwear,Trousers,Navy Blue,Summer,2012.0,Formal,Indian Terrain Men Navy Blue Trousers
8839,Men,Apparel,Bottomwear,Trousers,Grey,Summer,2011.0,Casual,Scullers Men Scul Grey Trousers
15679,Men,Apparel,Bottomwear,Trousers,Khaki,Fall,2011.0,Casual,Highlander Men Classic Chinos Khaki Trousers
23041,Men,Apparel,Bottomwear,Trousers,Grey,Fall,2011.0,Formal,Arrow Men Navy Grey Trousers
8949,Men,Apparel,Bottomwear,Trousers,Grey,Fall,2011.0,Formal,Indigo Nation Men ID Printed Grey Trousers
8885,Men,Apparel,Bottomwear,Trousers,Green,Summer,2011.0,Formal,Scullers Men Scul Green Trousers
10260,Men,Apparel,Bottomwear,Trousers,Grey,Fall,2011.0,Formal,John Miller Men Line Grey Trousers
26821,Men,Apparel,Bottomwear,Trousers,Brown,Summer,2012.0,Casual,Highlander Men Brown Trousers
8881,Men,Apparel,Bottomwear,Trousers,Navy Blue,Summer,2011.0,Casual,Scullers Men Scul Navy Blue Trousers
32404,Women,Apparel,Bottomwear,Trousers,Black,Summer,2012.0,Formal,Arrow Woman Black Trousers
31571,Men,Apparel,Bottomwear,Trousers,Black,Summer,2012.0,Formal,Mark Taylor Men Striped Black Trousers
39809,Men,Apparel,Bottomwear,Trousers,Brown,Summer,2012.0,Formal,Peter England Men Brown Trousers
13782,Men,Apparel,Bottomwear,Trousers,Black,Fall,2011.0,Formal,Belmonte Men Solid Black Trousers
15127,Men,Apparel,Bottomwear,Trousers,Brown,Fall,2012.0,Casual,Arrow Sport Men Solid  Brown Trousers
38122,Men,Apparel,Bottomwear,Trousers,Khaki,Spring,2013.0,Smart Casual,Allen Solly Men Khaki Chino Trousers
27630,Men,Apparel,Bottomwear,Trousers,Khaki,Summer,2012.0,Casual,Scullers Men Khaki Trousers
12953,Men,Apparel,Bottomwear,Trousers,Brown,Fall,2011.0,Casual,Basics Men Brown Trousers
16055,Men,Apparel,Bottomwear,Trousers,Blue,Fall,2011.0,Casual,Highlander Men Solid Blue Trouser
44925,Men,Apparel,Bottomwear,Trousers,Brown,Summer,2012.0,Casual,Jack & Jones Men Brown Jeans
59814,Men,Apparel,Bottomwear,Trousers,Navy Blue,Fall,2012.0,Casual,United Colors of Benetton Men's Navy Blue Trousers
48380,Men,Apparel,Bottomwear,Trousers,Black,Summer,2012.0,Casual,French Connection Men Charcoal Trousers
10261,Men,Apparel,Bottomwear,Trousers,Brown,Fall,2011.0,Formal,John Miller Men Slim Brown Trousers
31014,Men,Apparel,Bottomwear,Trousers,Black,Summer,2013.0,Formal,Arrow Men Black Trousers
15128,Men,Apparel,Bottomwear,Trousers,Cream,Winter,2014.0,Formal,Arrow  Men Solid Cream Trousers
16063,Men,Apparel,Bottomwear,Trousers,Olive,Fall,2011.0,Casual,Highlander Men Solid Olive Trouser
27607,Men,Apparel,Bottomwear,Trousers,Cream,Summer,2012.0,Casual,Scullers Men Cream Trousers
13307,Men,Apparel,Bottomwear,Trousers,Black,Fall,2011.0,Casual,Gini and Jony Kids Solid Black Trousers
8880,Men,Apparel,Bottomwear,Trousers,Brown,Summer,2011.0,Casual,Scullers Men Scul Brown Trousers
39806,Men,Apparel,Bottomwear,Trousers,Black,Spring,2013.0,Formal,Peter England Men Black Trousers
32586,Women,Apparel,Bottomwear,Trousers,Brown,Summer,2012.0,Casual,ONLY Women Brown Trousers
26372,Women,Apparel,Bottomwear,Trousers,Grey,Summer,2012.0,Formal,Arrow Woman Check Grey Trousers
14659,Men,Apparel,Bottomwear,Trousers,Khaki,Fall,2011.0,Casual,Probase Men Solid LT.Khaki Trousers
13779,Men,Apparel,Bottomwear,Trousers,Cream,Fall,2011.0,Casual,Belmonte Men Solid Cream Trousers
15123,Men,Apparel,Bottomwear,Trousers,Grey,Fall,2011.0,Formal,Arrow Men Solid Grey Trousers
51610,Women,Apparel,Bottomwear,Trousers,Brown,Fall,2012.0,Casual,Kraus Jeans Women Brown Corduroy Trousers
56822,Men,Apparel,Bottomwear,Trousers,Beige,Summer,2012.0,Casual,John Players Men Beige Shorts
26823,Men,Apparel,Bottomwear,Trousers,Grey,Summer,2012.0,Casual,Highlander Men Grey Trousers
26508,Men,Apparel,Bottomwear,Trousers,Brown,Fall,2013.0,Casual,Arrow Sport Men Brown Trousers
15680,Men,Apparel,Bottomwear,Trousers,Beige,Fall,2011.0,Casual,Highlander Men Classic Chinos Beige Trousers
29174,Men,Apparel,Bottomwear,Trousers,Brown,Summer,2012.0,Casual,United Colors of Benetton Men Brown Trousers
26155,Men,Apparel,Bottomwear,Trousers,Grey,Summer,2012.0,Formal,John Miller Men Striped Grey Trousers
29399,Men,Apparel,Bottomwear,Trousers,Grey,Summer,2012.0,Formal,Genesis Men Grey Trousers
38121,Men,Apparel,Bottomwear,Trousers,Black,Summer,2012.0,Casual,Allen Solly Men Black Trousers
57138,Women,Apparel,Bottomwear,Trousers,Brown,Summer,2012.0,Casual,Elle Women Brown Trousers
54194,Men,Apparel,Bottomwear,Trousers,Grey,Summer,2012.0,Casual,Highlander Men Grey Chinos
54226,Men,Apparel,Bottomwear,Trousers,Charcoal,Summer,2012.0,Casual,Highlander Men Charcoal Chinos
15121,Men,Apparel,Bottomwear,Trousers,Charcoal,Fall,2011.0,Formal,Arrow Men Autoflex Charcoal Trousers
12212,Men,Apparel,Bottomwear,Trousers,Brown,Summer,2013.0,Formal,Basics Men Brown Trousers
29851,Men,Apparel,Bottomwear,Trousers,Grey,Summer,2012.0,Casual,Basics Men Grey Trousers
14698,Men,Apparel,Bottomwear,Trousers,Beige,Fall,2011.0,Casual,Basics Men Beige Trousers
15120,Men,Apparel,Bottomwear,Trousers,Charcoal,Fall,2011.0,Formal,Arrow Men Wooltouch Charcoal Trousers
16067,Men,Apparel,Bottomwear,Trousers,Black,Fall,2011.0,Casual,Highlander Men Solid Black Trouser
11248,Men,Apparel,Bottomwear,Trousers,Khaki,Fall,2011.0,Formal,Indigo Nation Men Solid Khaki Trousers
15129,Men,Apparel,Bottomwear,Trousers,Grey,Fall,2011.0,Casual,Arrow Sport Men Solid DK.Grey Trousers
26164,Men,Apparel,Bottomwear,Trousers,Grey,Summer,2012.0,Formal,John Miller Men Striped Grey Trousers
13780,Men,Apparel,Bottomwear,Trousers,Cream,Fall,2011.0,Formal,Belmonte Men Solid Cream Trousers
27602,Men,Apparel,Bottomwear,Trousers,Black,Summer,2012.0,Casual,Scullers Men Black Trousers
39807,Men,Apparel,Bottomwear,Trousers,Navy Blue,Spring,2013.0,Formal,Peter England Men Navy Blue Formal Trousers
33815,Men,Apparel,Bottomwear,Trousers,Black,Summer,2012.0,Formal,Van Heusen Men Classic Pleated Black Trousers
12290,Men,Apparel,Bottomwear,Trousers,Black,Fall,2011.0,Formal,Genesis Men Solid Black Trousers
8903,Men,Apparel,Bottomwear,Trousers,Olive,Fall,2011.0,Formal,Indigo Nation Men Textura Olive Trousers
47677,Women,Apparel,Bottomwear,Trousers,Black,Summer,2012.0,Casual,Femella Women Black Animal Print Trousers
12215,Men,Apparel,Bottomwear,Trousers,Navy Blue,Summer,2013.0,Formal,Basics Men Navy Trousers
26134,Men,Apparel,Bottomwear,Trousers,Black,Summer,2012.0,Formal,John Miller Men Black Trousers
18196,Men,Apparel,Bottomwear,Trousers,Brown,Fall,2011.0,Casual,Highlander Men Solid Brown Trouser
26827,Men,Apparel,Bottomwear,Trousers,Olive,Summer,2012.0,Casual,Highlander Men Olive Trousers
29676,Men,Apparel,Bottomwear,Trousers,Grey,Summer,2012.0,Casual,Indigo Nation Men Grey Check Trousers
29849,Men,Apparel,Bottomwear,Trousers,Brown,Summer,2012.0,Casual,Basics Men Brown Trousers
34503,Women,Apparel,Bottomwear,Trousers,Grey,Summer,2012.0,Formal,Van Heusen Woman Grey Straight Fit Trousers
48496,Women,Apparel,Bottomwear,Trousers,Black,Winter,2011.0,Casual,French Connection Women Black Trousers
48498,Women,Apparel,Bottomwear,Trousers,Grey,Summer,2012.0,Casual,French Connection Women Black Trousers
26151,Men,Apparel,Bottomwear,Trousers,Navy Blue,Summer,2012.0,Formal,John Miller Men Navy Blue Trousers
39794,Men,Apparel,Bottomwear,Trousers,Grey,Summer,2012.0,Formal,Peter England Men Grey Formal Trousers
39793,Men,Apparel,Bottomwear,Trousers,Grey,Summer,2012.0,Formal,Peter England Men Grey Formal Trousers
26143,Men,Apparel,Bottomwear,Trousers,Charcoal,Summer,2012.0,Formal,John Miller Men Charcoal Trousers
26808,Men,Apparel,Bottomwear,Trousers,Grey,Summer,2013.0,Formal,Arrow Men Grey Striped Trousers
13306,Boys,Apparel,Bottomwear,Trousers,Black,Fall,2011.0,Casual,Gini and Jony Kids Solid Black Trousers
26138,Men,Apparel,Bottomwear,Trousers,Black,Summer,2012.0,Formal,John Miller Men Black Trousers
15684,Men,Apparel,Bottomwear,Trousers,Brown,Fall,2011.0,Casual,Highlander Men Classic Chinos Brown Trousers
16068,Men,Apparel,Bottomwear,Trousers,Olive,Fall,2011.0,Casual,Highlander Men Solid Olive Trouser
26809,Men,Apparel,Bottomwear,Trousers,Charcoal,Summer,2013.0,Formal,Arrow Men Charcoal Flat Front Trousers
48394,Men,Apparel,Bottomwear,Trousers,Black,Summer,2012.0,Formal,French Connection Men Black Trousers
11262,Men,Apparel,Bottomwear,Trousers,Beige,Fall,2011.0,Casual,Indigo Nation Men TR Yarn Dyed Beige Trousers
41625,Men,Apparel,Bottomwear,Trousers,Black,Summer,2012.0,Formal,Mark Taylor Men Black Trousers
8842,Men,Apparel,Bottomwear,Trousers,Beige,Summer,2011.0,Casual,Scullers Men Scul Beige Trousers
31430,Men,Apparel,Bottomwear,Trousers,Grey,Summer,2012.0,Casual,HIghlander Men Grey Trousers
12676,Men,Apparel,Bottomwear,Trousers,Brown,Fall,2011.0,Casual,Probase Men Solid Brown Trousers
39104,Men,Apparel,Bottomwear,Trousers,Charcoal,Summer,2012.0,Formal,Reid & Taylor Men Charcoal Trouser
13781,Men,Apparel,Bottomwear,Trousers,Grey,Fall,2011.0,Formal,Belmonte Men Solid Grey Trousers
12213,Men,Apparel,Bottomwear,Trousers,Grey,Fall,2011.0,Casual,Basics Men Grey New Improved Fit Trousers
26806,Men,Apparel,Bottomwear,Trousers,Charcoal,Summer,2013.0,Formal,Arrow Men Charcoal Flat Front Trousers
26504,Men,Apparel,Bottomwear,Trousers,Navy Blue,Fall,2012.0,Casual,Arrow Sport Men Dark Navy Blue Trousers
16054,Men,Apparel,Bottomwear,Trousers,Grey,Fall,2011.0,Casual,Highlander Men Solid Grey Trouser
17291,Men,Apparel,Bottomwear,Trousers,Khaki,Fall,2011.0,Casual,Peter England Elements  Men Trouser
27901,Women,Apparel,Bottomwear,Trousers,Tan,Summer,2012.0,Casual,Scullers For Her Women Tan Trousers
12222,Men,Apparel,Bottomwear,Trousers,Olive,Summer,2013.0,Formal,Basics Men Olive Trousers
11266,Men,Apparel,Bottomwear,Trousers,Beige,Fall,2011.0,Casual,Indigo Nation Men Pv Plan(Mix & Max) Greyish Brown Trousers
16057,Men,Apparel,Bottomwear,Trousers,Brown,Fall,2011.0,Casual,Highlander Men Solid Brown Trouser
29677,Men,Apparel,Bottomwear,Trousers,Olive,Summer,2012.0,Casual,Indigo Nation Men Olive Trousers
16056,Men,Apparel,Bottomwear,Trousers,Beige,Fall,2011.0,Casual,Highlander Men Solid Beige Trouser
16330,Men,Apparel,Bottomwear,Trousers,Brown,Fall,2011.0,Casual,Peter England Men Solid Brown Trouser
11267,Men,Apparel,Bottomwear,Trousers,Black,Fall,2011.0,Formal,Indigo Nation Men Black self structure Black Trousers
31429,Men,Apparel,Bottomwear,Trousers,Grey,Summer,2012.0,Casual,Highlander Men Grey Trousers
26149,Men,Apparel,Bottomwear,Trousers,Charcoal,Summer,2012.0,Formal,John Miller Men Charcoal Trousers
42267,Men,Apparel,Bottomwear,Trousers,Grey,Fall,2013.0,Casual,John Players Men Grey Shorts
12223,Men,Apparel,Bottomwear,Trousers,Grey,Summer,2013.0,Formal,Basics Men Solid Grey Trousers
2720,Boys,Apparel,Bottomwear,Trousers,Blue,Summer,2011.0,Casual,Disney Kids Boy's Mickey Mouse Print Pants
27605,Men,Apparel,Bottomwear,Trousers,Black,Summer,2012.0,Casual,Scullers Men Black Trousers
13229,Men,Apparel,Bottomwear,Trousers,Navy Blue,Fall,2011.0,Casual,Palm Tree Kids Boy Solid Navy Blue Trousers
12675,Men,Apparel,Bottomwear,Trousers,Green,Fall,2011.0,Casual,Probase Men Printed Green Trousers
15682,Men,Apparel,Bottomwear,Trousers,Beige,Fall,2011.0,Casual,Highlander Men Classic Chinosdk.Cream Trousers
37102,Men,Apparel,Bottomwear,Trousers,Grey,Summer,2012.0,Formal,Wills Lifestyle Men Grey Trousers
8951,Men,Apparel,Bottomwear,Trousers,Black,Fall,2011.0,Casual,Indigo Nation Men ID Yarn Dyed Black Trousers
21364,Men,Apparel,Topwear,Tshirts,White,Fall,2011.0,Casual,Regent Polo Club Men White T-shirt
18631,Men,Apparel,Topwear,Tshirts,Navy Blue,Fall,2011.0,Casual,Puma Men GP Speed Navy Blue Tshirts
30297,Men,Apparel,Topwear,Tshirts,Off White,Summer,2012.0,Casual,Myntra Men Grand Sport Off White T-shirt
22367,Men,Apparel,Topwear,Tshirts,Red,Fall,2011.0,Casual,Ed Hardy Men Vintage  Brick Red T-Shirt
31363,Men,Apparel,Topwear,Tshirts,Blue,Summer,2012.0,Casual,Locomotive Men Blue T-shirt
3850,Men,Apparel,Topwear,Tshirts,Blue,Summer,2011.0,Casual,Wrangler Men's True Rider Turquoise T-shirt
13254,Men,Apparel,Topwear,Tshirts,Navy Blue,Fall,2011.0,Casual,Palm Tree Kids Boys Printed Navy Blue Tshirts
22588,Women,Apparel,Topwear,Tshirts,Grey,Summer,2011.0,Casual,Nike Women Printed Grey T-shirt
52052,Men,Apparel,Topwear,Tshirts,Grey Melange,Summer,2012.0,Casual,Myntra Men Grey Melange T-shirt
17613,Boys,Apparel,Topwear,Tshirts,Red,Fall,2011.0,Casual,Doodle Boys Catch Me Red Tshirt
15987,Men,Apparel,Topwear,Tshirts,Purple,Fall,2011.0,Casual,Turtle Stripes Men Purple TShirt
58372,Men,Apparel,Topwear,Tshirts,Beige,Summer,2012.0,Casual,Locomotive Men Beige T-shirt
14103,Women,Apparel,Topwear,Tshirts,Cream,Fall,2011.0,Casual,Flying Machine Women Solid Cream Tops
8390,Men,Apparel,Topwear,Tshirts,Navy Blue,Fall,2011.0,Sports,ADIDAS Men Ess 3s F Tee Navy Blue T-Shirts
32768,Men,Apparel,Topwear,Tshirts,Grey,Spring,2013.0,Casual,Music Men Printed Grey T-shirt
6935,Men,Apparel,Topwear,Tshirts,Blue,Summer,2011.0,Casual,Tantra Men's Cool Blue T-shirt
18621,Men,Apparel,Topwear,Tshirts,Black,Fall,2011.0,Casual,Puma Men Team Essential Polo Black Tshirts
16434,Men,Apparel,Topwear,Tshirts,Purple,Fall,2011.0,Casual,Levi's Men Printed Purple Tshirts
34388,Men,Apparel,Topwear,Tshirts,Red,Summer,2012.0,Casual,Myntra Men Red Life Is My Right T-shirt
31274,Men,Apparel,Topwear,Tshirts,Navy Blue,Summer,2012.0,Casual,Puma Men Calogne Graphic Navy Blue T-shirt
58742,Men,Apparel,Topwear,Tshirts,Mushroom Brown,Summer,2012.0,Casual,Puma Men Mushroom Brown T-shirt
11778,Men,Apparel,Topwear,Tshirts,Grey,Fall,2011.0,Casual,Lee Men Solid Grey Tshirts
19603,Women,Apparel,Topwear,Tshirts,Black,Summer,2011.0,Casual,United Colors of Benetton Women Black T-shirt
38494,Boys,Apparel,Topwear,Tshirts,Green,Summer,2012.0,Casual,Gini and Jony Boys United Green T-shirt
18244,Men,Apparel,Topwear,Tshirts,Yellow,Fall,2011.0,Casual,Manchester United Men Printed Yellow T-Shirt
11405,Men,Apparel,Topwear,Tshirts,White,Fall,2011.0,Casual,United Colors Of Benetton Men Light Winter White T-Shirts
6220,Men,Apparel,Topwear,Tshirts,Orange,Summer,2011.0,Casual,Lee Men's Believe Burnt Orange T-shirt
44888,Men,Apparel,Topwear,Tshirts,Red,Summer,2012.0,Casual,Puma Men Red Polo Neck T-shirt
7607,Men,Apparel,Topwear,Tshirts,Black,Summer,2011.0,Casual,Nike Men's FCB Core Black SS T-shirt
9938,Men,Apparel,Topwear,Tshirts,Red,Fall,2011.0,Casual,Probase Men League Red Tshirts
22330,Men,Apparel,Topwear,Tshirts,White,Fall,2011.0,Casual,John Players Men Stripes White T-Shirt
2025,Men,Apparel,Topwear,Tshirts,Grey,Fall,2010.0,Sports,ADIDAS Mens Full Grey T-shirt
38594,Women,Apparel,Topwear,Tshirts,White,Summer,2012.0,Casual,Nike Women White Scoop T-shirt
39003,Boys,Apparel,Topwear,Tshirts,White,Summer,2012.0,Casual,Gini and Jony Boys Unit White T-shirt
5183,Men,Apparel,Topwear,Tshirts,Navy Blue,Summer,2011.0,Casual,Mickey Men's Donald Jumps Bring It On Navy T-shirt
33304,Boys,Apparel,Topwear,Tshirts,Yellow,Summer,2012.0,Casual,Gini and Jony Boys Pack of 2 T-shirts
14922,Men,Apparel,Topwear,Tshirts,Blue,Fall,2011.0,Casual,Mr. Men Men Sleep Placid Blue Tshirts
10063,Men,Apparel,Topwear,Tshirts,Yellow,Fall,2011.0,Casual,Puma Men spine tee Yellow Tshirts
3783,Men,Apparel,Topwear,Tshirts,White,Summer,2011.0,Casual,Status Quo Men's Beach White T-shirt
24908,Boys,Apparel,Topwear,Tshirts,Yellow,Summer,2012.0,Casual,United Colors of Benetton Kids Boys Yellow Printed T-shirt
3345,Men,Apparel,Topwear,Tshirts,White,Summer,2011.0,Casual,Myntra Men's Executive White T-shirt
5841,Men,Apparel,Topwear,Tshirts,Red,Summer,2011.0,Casual,ADIDAS Men's M-5 Red T-shirt
43593,Girls,Apparel,Topwear,Tshirts,Pink,Summer,2012.0,Casual,Gini and Jony Girls Polo Striped Pink T-shirt
24047,Men,Apparel,Topwear,Tshirts,Blue,Fall,2011.0,Casual,Locomotive Men Printed Blue T-shirt
3070,Women,Apparel,Topwear,Tshirts,Green,Summer,2011.0,Casual,Tantra Women's Shlokas Green T-shirt
2851,Men,Apparel,Topwear,Tshirts,Blue,Summer,2011.0,Casual,Mr.Men Men's Just Mediating Mr.Lazy Blue T-shirt
26941,Women,Apparel,Topwear,Tshirts,Lavender,Summer,2012.0,Casual,Jealous 21 Women Printed Lavender T-shirt
26483,Men,Apparel,Topwear,Tshirts,Blue,Summer,2012.0,Casual,Puma Men Blue T-shirt
23966,Men,Apparel,Topwear,Tshirts,Purple,Fall,2011.0,Casual,Peter England Men Purple Printed T-shirt
4805,Men,Apparel,Topwear,Tshirts,Blue,Summer,2011.0,Sports,ADIDAS Men's Coffer Teal Blue T-shirt
11008,Women,Apparel,Topwear,Tshirts,Cream,Fall,2011.0,Casual,Inkfruit Women Behind Cream Tshirts
43495,Men,Apparel,Topwear,Tshirts,Brown,Summer,2012.0,Casual,French Connection Men Brown Printed T-shirt
27444,Women,Apparel,Topwear,Tshirts,Black,Fall,2015.0,Casual,Jockey Women Black T-shirt
9511,Men,Apparel,Topwear,Tshirts,Green,Summer,2011.0,Casual,Basics Men Green T-shirt
3080,Men,Apparel,Topwear,Tshirts,White,Summer,2011.0,Casual,Probase Men's Bike White T-shirt
13101,Men,Apparel,Topwear,Tshirts,Black,Fall,2011.0,Casual,ADIDAS Men F50 Cl Tee Black T-Shirts
15475,Men,Apparel,Topwear,Tshirts,Blue,Fall,2011.0,Casual,Puma Men Logo Blue Tshirts
4294,Men,Apparel,Topwear,Tshirts,Cream,Summer,2011.0,Casual,Tantra Men's 4Sq Om Cream T-shirt
8275,Men,Apparel,Topwear,Tshirts,Blue,Fall,2011.0,Casual,Mr.Men Men's Coral Red T-shirt
8207,Men,Apparel,Topwear,Tshirts,Red,Summer,2011.0,Casual,Locomotive Men Solid Langworth Red T-Shirts
26469,Men,Apparel,Topwear,Tshirts,Grey,Summer,2012.0,Casual,Puma Men Story Graphic Grey T-shirt
19160,Men,Apparel,Topwear,Tshirts,Yellow,Summer,2011.0,Casual,United Colors of Benetton Men Yellow T-shirt
26717,Men,Apparel,Topwear,Tshirts,Blue,Summer,2012.0,Casual,Puma Men Blue Polo T-shirt
4755,Men,Apparel,Topwear,Tshirts,Brown,Summer,2011.0,Sports,ADIDAS Men's Fearless White T-shirt
4780,Women,Apparel,Topwear,Tshirts,Pink,Summer,2011.0,Sports,ADIDAS Women's Balance Pink T-shirt
4351,Men,Apparel,Topwear,Tshirts,Brown,Summer,2011.0,Casual,Mickey Men's Mickey Standing Passing Ray Brown T-shirt
52149,Women,Apparel,Topwear,Tshirts,Yellow,Summer,2012.0,Casual,Femella Women Yellow Polo T-Shirt
27642,Men,Apparel,Topwear,Tshirts,Red,Summer,2012.0,Casual,Che Guevara Men Printed Red T-shirt
3991,Men,Apparel,Topwear,Tshirts,White,Summer,2011.0,Casual,Mr.Men Men's Wave Rider White T-shirt
4234,Men,Apparel,Topwear,Tshirts,Grey,Summer,2011.0,Casual,Probase Men's Away To Glory Grey Tshirt
3855,Girls,Apparel,Topwear,Tshirts,Red,Summer,2011.0,Casual,Disney Kids Girl's Red Pretty as a Flower Kidswear
44898,Men,Apparel,Topwear,Tshirts,Black,Summer,2012.0,Casual,Puma Men Black Polo T-shirt
14060,Men,Apparel,Topwear,Tshirts,Purple,Fall,2011.0,Casual,Flying Machine Men Purple Polo Tshirts
7663,Men,Apparel,Topwear,Tshirts,Green,Fall,2011.0,Sports,Puma Men's Silly Point Green T-shirt
24612,Men,Apparel,Topwear,Tshirts,Red,Fall,2011.0,Casual,Ed Hardy Men Red Printed T-Shirt
2328,Men,Apparel,Topwear,Tshirts,White,Fall,2010.0,Casual,Reebok Men Graphic White T-shirt
16489,Men,Apparel,Topwear,Tshirts,Green,Fall,2011.0,Casual,Locomotive Men Printed Forest Green TShirt
34338,Men,Apparel,Topwear,Tshirts,Purple,Summer,2012.0,Casual,Myntra Men Blood Lust Purple T-shirt
14918,Men,Apparel,Topwear,Tshirts,Green,Fall,2011.0,Casual,Mr. Men Men Mr.Tickel Green Tshirts
18849,Men,Apparel,Topwear,Tshirts,Red,Fall,2011.0,Casual,Puma Men College Athletic Red Tshirt
18935,Men,Apparel,Topwear,Tshirts,Blue,Fall,2011.0,Casual,Levi's Men Graphic Print Blue Tshirt
19152,Men,Apparel,Topwear,Tshirts,Grey,Summer,2011.0,Casual,United Colors of Benetton Men Grey T-shirt
16430,Men,Apparel,Topwear,Tshirts,Blue,Fall,2011.0,Casual,Levi's Men Printed Blue  Tshirts
40951,Boys,Apparel,Topwear,Tshirts,Black,Summer,2012.0,Casual,Gini and Jony Boys Core Black T-shirt
12194,Men,Apparel,Topwear,Tshirts,Blue,Fall,2011.0,Casual,Basics Men Blue Striped Polo T-shirt
37150,Men,Apparel,Topwear,Tshirts,Grey,Summer,2016.0,Casual,Campbell Men Pack of 3 T-shirt
35893,Boys,Apparel,Topwear,Tshirts,White,Summer,2012.0,Casual,Jungle Book Boys Safari White T-shirt
53791,Men,Apparel,Topwear,Tshirts,White,Summer,2012.0,Casual,Puma Men White T-shirt
34222,Men,Apparel,Topwear,Tshirts,White,Summer,2013.0,Casual,Proline White Polo T-shirt
17236,Men,Apparel,Topwear,Tshirts,Blue,Fall,2011.0,Casual,U.S. Polo Assn. Men Stripes Blue Polo Tshirt
40267,Men,Apparel,Topwear,Tshirts,White,Summer,2012.0,Casual,Scullers Men Striped White T-shirt
19789,Men,Apparel,Topwear,Tshirts,Orange,Winter,2016.0,Casual,U.S. Polo Assn. Men Solid Orange Tshirt
26266,Men,Apparel,Topwear,Tshirts,Brown,Summer,2012.0,Casual,Proline Men Brown Polo T-Shirt
9783,Men,Apparel,Topwear,Tshirts,White,Fall,2011.0,Casual,ADIDAS Men Bnce Hop White Tshirts
5817,Men,Apparel,Topwear,Tshirts,Black,Summer,2011.0,Sports,Puma Men's Sports Black T-shirt
9558,Men,Apparel,Topwear,Tshirts,Black,Fall,2011.0,Sports,Nike Men Black Black Tshirts
24911,Boys,Apparel,Topwear,Tshirts,Grey,Summer,2012.0,Casual,United Colors of Benetton Kids Boys Grey Printed T-shirt
20670,Men,Apparel,Topwear,Tshirts,Turquoise Blue,Fall,2011.0,Casual,Classic Polo Men Striped Turquoise Blue Tshirt
43696,Boys,Apparel,Topwear,Tshirts,Yellow,Summer,2012.0,Casual,Doodle Boys Printed Yellow T-shirt
35886,Boys,Apparel,Topwear,Tshirts,White,Summer,2012.0,Casual,Jungle Book Boys 11 White T-shirt
22799,Men,Apparel,Topwear,Tshirts,Red,Summer,2012.0,Casual,Locomotive Men Printed Red T-shirt
3429,Men,Apparel,Topwear,Tshirts,Black,Summer,2011.0,Casual,Myntra Men's If You Don't Like Black T-shirt
12846,Boys,Apparel,Topwear,Tshirts,Grey,Fall,2011.0,Casual,Ant Kids Boys Rock Grey Tshirts
18308,Men,Apparel,Topwear,Tshirts,Green,Fall,2011.0,Casual,Wills Lifestyle Men Striped Green T-shirt
7947,Men,Apparel,Topwear,Tshirts,White,Fall,2011.0,Sports,Puma Men's Graphic White Navy T-shirt
17921,Men,Apparel,Topwear,Tshirts,Blue,Fall,2011.0,Sports,Nike Men Cricket Blue Jersey
10862,Men,Apparel,Topwear,Tshirts,Yellow,Fall,2011.0,Casual,Wrangler Men Dirt Riders Yellow T-Shirts
7823,Men,Apparel,Topwear,Tshirts,Grey,Fall,2011.0,Casual,Proline Grey Polo T-shirt
4958,Men,Apparel,Topwear,Tshirts,White,Summer,2011.0,Casual,Gini and Jony Boy's King White Red Blue Infant Kidswear
35878,Boys,Apparel,Topwear,Tshirts,Purple,Summer,2012.0,Casual,Marvel Boys Comics Purple T-shirt
31106,Boys,Apparel,Topwear,Tshirts,White,Summer,2012.0,Casual,Gini and Jony Boys Printed White T-shirt
10071,Women,Apparel,Topwear,Tshirts,White,Fall,2011.0,Casual,Puma Women bling blink tee White Tshirts
15206,Men,Apparel,Topwear,Tshirts,Peach,Fall,2011.0,Casual,Arrow Sport Men Printed peach Tshirts
2243,Men,Apparel,Topwear,Tshirts,White,Fall,2010.0,Sports,ADIDAS Men Stripe Polo White Polo T-shirt
52146,Women,Apparel,Topwear,Tshirts,Lavender,Summer,2012.0,Casual,Femella Women Lavender Polo T-Shirt
6614,Men,Apparel,Topwear,Tshirts,Beige,Summer,2011.0,Casual,Spykar Men's Beige Polo T-shirt
32981,Men,Apparel,Topwear,Tshirts,Red,Summer,2012.0,Casual,Mr. Men Printed Red T-shirt
3786,Men,Apparel,Topwear,Tshirts,Blue,Summer,2011.0,Casual,Basics Men Navy & Green Striped Polo T-shirt
19398,Men,Apparel,Topwear,Tshirts,Blue,Summer,2011.0,Sports,ADIDAS Men Solid Blue Jersey
21848,Boys,Apparel,Topwear,Tshirts,White,Fall,2011.0,Casual,Chhota Bheem Kids Boys Holi Hai White T-shirt
28616,Men,Apparel,Topwear,Tshirts,Black,Summer,2012.0,Sports,Nike Men Black T-shirt
9537,Men,Apparel,Topwear,Tshirts,Black,Summer,2011.0,Sports,Nike Men As Goaline Ss Black T-Shirts
35875,Boys,Apparel,Topwear,Tshirts,Blue,Summer,2012.0,Casual,Marvel Boys Comics Blue T-shirt
36004,Boys,Apparel,Topwear,Tshirts,Yellow,Summer,2012.0,Casual,Ben 10 Boys Crew Yellow T-shirt
24269,Men,Apparel,Topwear,Tshirts,Grey,Fall,2011.0,Casual,Quiksilver Men Grey Printed T-shirt
15200,Men,Apparel,Topwear,Tshirts,Yellow,Fall,2011.0,Casual,Arrow Sport Men Stripes Yellow Polo Tshirts
23165,Men,Apparel,Topwear,Tshirts,Black,Fall,2011.0,Casual,Mark Taylor Men Black Printed T-shirt
48431,Men,Apparel,Topwear,Tshirts,Black,Summer,2012.0,Casual,French Connection Men Black Striped T-shirt
16191,Men,Apparel,Topwear,Tshirts,White,Fall,2011.0,Casual,Puma Men Graphic White TShirt
13429,Men,Apparel,Topwear,Tshirts,Maroon,Summer,2011.0,Casual,United Colors of Benetton Men Printed Maroon Tshirts
5162,Men,Apparel,Topwear,Tshirts,White,Summer,2011.0,Casual,Ed Hardy Men's Skull Collage Off White T-shirt
10049,Men,Apparel,Topwear,Tshirts,Black,Fall,2011.0,Casual,Puma Men Mns Body Train Black Tshirts
8606,Men,Apparel,Topwear,Tshirts,Red,Fall,2011.0,Casual,Scullers Men Red Polo T-Shirts
16646,Men,Apparel,Topwear,Tshirts,Blue,Summer,2016.0,Casual,Facit Men Polo Tee Blue Tshirt
13966,Men,Apparel,Topwear,Tshirts,White,Fall,2011.0,Casual,Ed Hardy Men Solid White Tshirts
4030,Men,Apparel,Topwear,Tshirts,Black,Summer,2011.0,Casual,Myntra Men's Remote City Black T-shirt
14919,Men,Apparel,Topwear,Tshirts,Navy Blue,Fall,2011.0,Casual,Mr. Men Men HA! Navy Blue Tshirts
3767,Men,Apparel,Topwear,Tshirts,Blue,Summer,2011.0,Casual,Status Quo Men's Blue Polo T-shirt
34423,Men,Apparel,Topwear,Tshirts,Orange,Summer,2012.0,Casual,Myntra Men Royal Yellow T-shirt
18933,Men,Apparel,Topwear,Tshirts,Black,Fall,2011.0,Casual,Levi's Men Embroidery Black Tshirt
16316,Men,Apparel,Topwear,Tshirts,Navy Blue,Fall,2011.0,Casual,Peter England Men Printed Navy Blue TShirt
53307,Men,Apparel,Topwear,Tshirts,White,Summer,2012.0,Casual,Locomotive Men White T-shirt
38637,Men,Apparel,Topwear,Tshirts,Red,Summer,2012.0,Casual,Nike Men Red Delhi T-shirt
28844,Men,Apparel,Topwear,Tshirts,Charcoal,Summer,2012.0,Casual,Proline Men Charcoal T-shirt
38610,Men,Apparel,Topwear,Tshirts,Black,Summer,2012.0,Casual,Nike Men Printed Cruis Black T-shirt
10499,Women,Apparel,Topwear,Tshirts,Yellow,Fall,2011.0,Casual,Flying Machine Women Aspen Yellow Tshirts
34322,Men,Apparel,Topwear,Tshirts,Red,Summer,2012.0,Casual,Myntra Men Red Meltdown T-shirt
22796,Men,Apparel,Topwear,Tshirts,Green,Fall,2011.0,Casual,Manchester United Men Green Tshirt
46408,Men,Apparel,Topwear,Tshirts,Purple,Summer,2012.0,Casual,ADIDAS Men Purple Printed T-shirt
37378,Boys,Apparel,Topwear,Tshirts,Blue,Winter,2013.0,Casual,U.S. Polo Assn. Boys Blue Polo T-shirt
30597,Men,Apparel,Topwear,Tshirts,Red,Summer,2012.0,Sports,Nike Men Reversible Red T-shirt
19001,Women,Apparel,Topwear,Tshirts,Red,Summer,2011.0,Casual,ADIDAS Originals Women Trefoil Red Tshirt
3044,Men,Apparel,Topwear,Tshirts,Blue,Summer,2011.0,Casual,Tantra Men's Freddie Blue T-shirt
31586,Men,Apparel,Topwear,Tshirts,Yellow,Summer,2012.0,Casual,Mark Taylor Men Printed Yellow T-shirt
2338,Men,Apparel,Topwear,Tshirts,White,Fall,2012.0,Casual,Reebok Men Star White Polo T-shirt
5887,Men,Apparel,Topwear,Tshirts,Blue,Summer,2011.0,Casual,Puma Men's Slogan Blue T-shirt
19401,Men,Apparel,Topwear,Tshirts,Black,Summer,2011.0,Sports,ADIDAS Men Solid Black Jersey
5163,Men,Apparel,Topwear,Tshirts,Black,Summer,2011.0,Casual,Ed Hardy Men's Beautiful But Dangerous Black T-shirt
31283,Men,Apparel,Topwear,Tshirts,Black,Summer,2012.0,Casual,Puma Men Faas Black T-shirt
38959,Boys,Apparel,Topwear,Tshirts,Navy Blue,Summer,2012.0,Casual,Gini and Jony Boys Printed Navy Blue T-shirt
38616,Men,Apparel,Topwear,Tshirts,White,Summer,2012.0,Casual,Nike Men Printed Mamba White T-shirt
2854,Men,Apparel,Topwear,Tshirts,Green,Summer,2011.0,Casual,Mr.Men Men's Less Work More Sleep Green T-shirt
1765,Women,Apparel,Topwear,Tshirts,White,Fall,2010.0,Casual,Lotto Women White T-shirt
2683,Men,Apparel,Topwear,Tshirts,Red,Summer,2011.0,Casual,Inkfruit Men's Red And Black T-shirt
31592,Men,Apparel,Topwear,Tshirts,Navy Blue,Summer,2012.0,Casual,Mark Taylor Men Printed Navy Blue T-shirt
10870,Men,Apparel,Topwear,Tshirts,Blue,Fall,2011.0,Casual,Wrangler Men Fly The Wind Blue T-Shirts
4767,Men,Apparel,Topwear,Tshirts,White,Summer,2011.0,Sports,ADIDAS Men Peach Polo T-shirt
3809,Boys,Apparel,Topwear,Tshirts,Red,Summer,2011.0,Casual,Disney Kids Boy's He Is Behind You Red Kidswear
7127,Men,Apparel,Topwear,Tshirts,Orange,Fall,2011.0,Casual,Urban Yoga Men's Orange T-shirt
7922,Men,Apparel,Topwear,Tshirts,Green,Fall,2011.0,Casual,Proline Men Green & White Striped Polo T-shirt
40264,Men,Apparel,Topwear,Tshirts,Navy Blue,Summer,2012.0,Casual,Scullers Men Navy Blue Striped T-shirt
3717,Men,Apparel,Topwear,Tshirts,Brown,Summer,2011.0,Casual,Lee Men's Brown Polo T-shirt
12843,Men,Apparel,Topwear,Tshirts,Navy Blue,Fall,2011.0,Casual,Ant Kids Keep Up Navy Blue Tshirts
34319,Men,Apparel,Topwear,Tshirts,Red,Summer,2012.0,Casual,Myntra Men Rodeo Red T-shirt
25923,Women,Apparel,Topwear,Tshirts,Pink,Summer,2012.0,Casual,Femella Women Pink T-shirt
16007,Men,Apparel,Topwear,Tshirts,Red,Fall,2011.0,Casual,Turtle Stripes Men Red TShirt
7135,Women,Apparel,Topwear,Tshirts,White,Fall,2011.0,Casual,Urban Yoga Women's White T-shirt
14289,Men,Apparel,Topwear,Tshirts,Grey,Fall,2011.0,Casual,Classic Polo Men Stripes Grey Tshirts
18927,Men,Apparel,Topwear,Tshirts,Purple,Fall,2011.0,Casual,Levi's Men Flock Print Purple Tshirt
23162,Men,Apparel,Topwear,Tshirts,Navy Blue,Fall,2011.0,Casual,Mark Taylor Men Navy Blue Printed T-shirt
24314,Men,Apparel,Topwear,Tshirts,White,Fall,2011.0,Casual,ADIDAS Men White T-shirt
4313,Unisex,Apparel,Topwear,Tshirts,Pink,Summer,2011.0,Casual,Tantra Kid's Unisex Elephant Pink Kidswear
6607,Men,Apparel,Topwear,Tshirts,White,Summer,2011.0,Casual,Spykar Men's Stinger Basket Ball Team White Red Stripes T-shirt
1882,Men,Apparel,Topwear,Tshirts,Red,Winter,2010.0,Casual,FIFA Mens Code Collection Red T-shirt
2484,Women,Apparel,Topwear,Tshirts,White,Fall,2010.0,Sports,Puma Women Spagetti White Top
28860,Men,Apparel,Topwear,Tshirts,Grey,Summer,2013.0,Casual,Proline Men Grey Polo T-shirt
30551,Men,Apparel,Topwear,Tshirts,Blue,Fall,2011.0,Casual,Inkfruit Men Music Evolution Blue T-shirt
3042,Men,Apparel,Topwear,Tshirts,Blue,Fall,2010.0,Sports,Nike Blue Take Down Cricket Tshirts
37984,Men,Apparel,Topwear,Tshirts,Black,Summer,2012.0,Casual,Classic Polo Men Black & White T-Shirt
12577,Women,Apparel,Topwear,Tshirts,Black,Fall,2011.0,Casual,Tantra Women Black Printed T-shirt
7006,Men,Apparel,Topwear,Tshirts,Black,Summer,2011.0,Casual,s.Oliver Men's Sound Rebels Black T-shirt
26246,Men,Apparel,Topwear,Tshirts,Green,Summer,2012.0,Casual,Proline Men Green Polo Tshirt
14912,Men,Apparel,Topwear,Tshirts,Pink,Fall,2011.0,Casual,Mr. Men Men Mr. Lazy DK.Pink Tshirts
42171,Men,Apparel,Topwear,Tshirts,Black,Winter,2016.0,Casual,Status Quo Men Black T-shirt
13158,Women,Apparel,Topwear,Tshirts,Pink,Fall,2011.0,Casual,Puma Women Festival Fuchsia Pink Tshirts
34314,Men,Apparel,Topwear,Tshirts,Orange,Summer,2012.0,Casual,Myntra Men Orange Urban T-shirt
33944,Men,Apparel,Topwear,Tshirts,White,Summer,2012.0,Casual,ADIDAS Men White Striped Polo T-shirt
20241,Women,Apparel,Topwear,Tshirts,Black,Fall,2011.0,Casual,Wrangler Women Printed Black T-shirt
12054,Men,Apparel,Topwear,Tshirts,White,Fall,2011.0,Casual,Spykar Men Printed White T-Shirts
22346,Men,Apparel,Topwear,Tshirts,Blue,Fall,2011.0,Casual,John Players Men Printed Blue Polo T-Shirt
7284,Men,Apparel,Topwear,Tshirts,White,Spring,2013.0,Casual,Nirvana Men's Live White Melange T-shirt
3706,Men,Apparel,Topwear,Tshirts,Grey,Summer,2011.0,Casual,Classic Polo Men's Grey Red & Brown Stripe T-shirt
8405,Men,Apparel,Topwear,Tshirts,Black,Fall,2011.0,Sports,ADIDAS Men M Rsp Tee Black T-Shirts
49962,Men,Apparel,Topwear,Tshirts,White,Summer,2016.0,Casual,Hanes Men White Pack of 3 T-shirts
16323,Men,Apparel,Topwear,Tshirts,Green,Fall,2011.0,Casual,Peter England Men Printed Green TShirt
41751,Boys,Apparel,Topwear,Tshirts,Yellow,Summer,2012.0,Casual,Doodle Boys Printed Yellow T-shirt
2974,Women,Apparel,Topwear,Tshirts,Green,Fall,2010.0,Casual,Puma Women's Heroes Green T-shirt
3411,Women,Apparel,Topwear,Tshirts,Black,Summer,2011.0,Casual,Myntra Women's Work Hard/ Smart T-shirt
2047,Men,Apparel,Topwear,Tshirts,Navy Blue,Fall,2010.0,Sports,ADIDAS Men's Navy Blue T-shirt
19456,Men,Apparel,Topwear,Tshirts,Grey,Summer,2012.0,Casual,Quiksilver Men Printed Grey T-shirt
3723,Men,Apparel,Topwear,Tshirts,White,Summer,2011.0,Casual,Lee Men's White Stallion T-shirt
4783,Women,Apparel,Topwear,Tshirts,White,Summer,2011.0,Sports,ADIDAS Women's V Neck With Crystal White T-shirt
14094,Men,Apparel,Topwear,Tshirts,Green,Fall,2011.0,Casual,Flying Machine Men Printed Green Polo Tshirts
22336,Men,Apparel,Topwear,Tshirts,Grey,Fall,2011.0,Casual,John Players Men Stripes Grey Polo T-Shirt
8340,Boys,Apparel,Topwear,Tshirts,Black,Fall,2011.0,Casual,Doodle Boy's Volleyball Champion Black White Kidswear
3993,Men,Accessories,Belts,Tshirts,Pink,Summer,2011.0,Casual,Mr.Men Men's Funny Coral Pink T-shirt
14953,Men,Apparel,Topwear,Tshirts,Navy Blue,Fall,2011.0,Casual,Status Quo Men Stripes Navy Blue Tshirts
54934,Women,Apparel,Topwear,Tshirts,Peach,Summer,2012.0,Casual,Do u speak green Women Peach T-shirt
6213,Women,Apparel,Topwear,Tshirts,White,Summer,2011.0,Casual,UCB Women's Boat Print White Top
19979,Men,Apparel,Topwear,Tshirts,Pink,Fall,2011.0,Casual,United Colors of Benetton Men Printed Pink TShirt
4762,Men,Apparel,Topwear,Tshirts,Green,Summer,2011.0,Sports,ADIDAS Men's Stripe Polo Green Grey Yellow T-shirt
12539,Women,Apparel,Topwear,Tshirts,Black,Fall,2011.0,Casual,Tantra Women Black Printed T-shirt
19994,Men,Apparel,Topwear,Tshirts,Black,Summer,2011.0,Casual,United Colors of Benetton Men Solid Black TShirt
28935,Men,Apparel,Topwear,Tshirts,Blue,Summer,2012.0,Casual,Mr. Men Printed Blue T-shirt
14956,Men,Apparel,Topwear,Tshirts,White,Fall,2011.0,Casual,Status Quo Men Printed White Tshirts
37155,Men,Apparel,Topwear,Tshirts,White,Summer,2016.0,Casual,Campbell Men Pack of 3 T-shirt
18238,Men,Apparel,Topwear,Tshirts,White,Fall,2011.0,Casual,Manchester United Men Printed White Tshirt
13513,Men,Apparel,Topwear,Tshirts,Grey,Fall,2011.0,Casual,Chimp Men Firee Grey Tshirts
19752,Men,Apparel,Topwear,Tshirts,Navy Blue,Summer,2011.0,Casual,Levis Men Solid Navy Blue Tshirt
18619,Men,Apparel,Topwear,Tshirts,White,Fall,2011.0,Casual,Puma Men Team Essential Polo White Tshirts
19455,Men,Apparel,Topwear,Tshirts,Black,Summer,2012.0,Casual,Quiksilver Men Black T-shirt
10854,Men,Apparel,Topwear,Tshirts,Green,Fall,2011.0,Casual,Wrangler Men Green Polo T-shirt
6030,Men,Apparel,Topwear,Tshirts,Pink,Summer,2011.0,Casual,UCB Men's Polo Neck With Big Ben Logo Pink T-shirt
34351,Men,Apparel,Topwear,Tshirts,Purple,Summer,2012.0,Casual,Myntra Men Purple T-shirt
30304,Men,Apparel,Topwear,Tshirts,Off White,Summer,2012.0,Casual,Myntra Men Soul Rebel Off White T-shirt
13494,Men,Apparel,Topwear,Tshirts,White,Fall,2011.0,Casual,Nike Men Manchester United White Tshirts
7925,Men,Apparel,Topwear,Tshirts,Navy Blue,Fall,2011.0,Casual,Proline Men Navy Polo T-shirt
3874,Men,Apparel,Topwear,Tshirts,Blue,Summer,2011.0,Casual,Wrangler Men's Trademark Washed Blue T-shirt
6066,Men,Apparel,Topwear,Tshirts,Black,Summer,2011.0,Casual,UCB Men's Polo Neck Striper Heavy Wash Black Pink T-shirt
28565,Men,Apparel,Topwear,Tshirts,Blue,Summer,2012.0,Casual,Nike Men Air Bags Blue T-shirt
26239,Men,Apparel,Topwear,Tshirts,Black,Summer,2012.0,Casual,Proline Men Black Printed T-shirt
43085,Women,Apparel,Topwear,Tshirts,Yellow,Summer,2012.0,Sports,Nike Women Yellow Polo Neck T-shirt
4311,Unisex,Apparel,Topwear,Tshirts,Green,Summer,2011.0,Casual,Tantra Kid's Unisex Muscle Man Green Kidswear
5502,Men,Apparel,Topwear,Tshirts,Blue,Summer,2011.0,Casual,Mr.Men Men's Mischief Placid Blue T-shirt
7484,Women,Apparel,Topwear,Tshirts,Pink,Summer,2011.0,Sports,Nike Women's As Cruise Pink T-shirt
40955,Boys,Apparel,Topwear,Tshirts,Red,Summer,2012.0,Casual,Gini and Jony Boys Rodeo Red T-shirt
40138,Boys,Apparel,Topwear,Tshirts,Yellow,Summer,2012.0,Casual,Gini and Jony Boys Under The Sun Yellow T-shirt
2292,Women,Apparel,Topwear,Tshirts,Black,Fall,2010.0,Sports,Nike Women Accuracy Black T-shirt
10030,Women,Apparel,Topwear,Tshirts,Black,Fall,2011.0,Sports,Nike Women As See The Win Black T-Shirts
4319,Unisex,Apparel,Topwear,Tshirts,Blue,Summer,2011.0,Casual,Tantra Kid's Unisex Free Spirit Turquoise Kidswear
